student_ID,peak_hour,night_owl_ratio,weekend_ratio,learning_continuity,morning_sessions,afternoon_sessions,evening_sessions,night_sessions,total_sessions,total_attempts,correct_rate,avg_score,avg_time_per_attempt,top_knowledge,knowledge_focus,prefer_easy,prefer_medium,prefer_hard,avg_interval_min,interval_std,burst_behavior_ratio,persistence_rate,unique_titles_attempted,index,sex,age,major
0088dc183f73c83f763e,8,0.1902834008097166,0.05668016194331984,0.2413793103448276,126,74,0,47,247,247,0.2145748987854251,0.7935222672064778,3.75,r8S3g,0.23481781376518218,0.44129554655870445,0.5587044534412956,0.0,500.06050135501357,2176.154936392441,0.7154471544715447,1.0,38,104,female,20,J40192
00df647ee4bf7173642f,8,0.1694915254237288,0.2730696798493409,0.22916666666666666,308,133,0,90,531,531,0.11299435028248588,0.5856873822975518,19.393474088291747,y9W5d,0.2598870056497175,0.23728813559322035,0.7627118644067796,0.0,257.25314465408803,3601.559714748887,0.7415094339622641,1.0,38,1219,male,23,J57489
0107f72b66cbd1a0926d,7,0.2517985611510791,0.35251798561151076,0.16037735849056603,47,57,0,35,139,139,0.3237410071942446,1.2446043165467626,3.449275362318841,y9W5d,0.26618705035971224,0.302158273381295,0.697841726618705,0.0,1097.3660628019322,6519.444489100705,0.6159420289855072,1.0,38,394,female,20,J87654
011d454f199c123d44ad,6,0.18636363636363637,0.509090909090909,0.19117647058823528,103,76,0,41,220,220,0.20909090909090908,0.6363636363636364,3.423076923076923,m3D1v,0.39545454545454545,0.2681818181818182,0.7318181818181818,0.0,439.28576864535773,2374.1813929462683,0.7442922374429224,1.0,38,224,male,22,J78901
01558eef77a8d39b7103,15,0.2391304347826087,0.4673913043478261,0.25203252032520324,23,117,0,44,184,184,0.266304347826087,0.9347826086956522,12.977142857142857,m3D1v,0.27717391304347827,0.32608695652173914,0.6739130434782609,0.0,959.5872495446266,2989.1436980670037,0.5901639344262295,1.0,38,1304,female,18,J57489
016226278e6a69e10aa4,13,0.3057324840764331,0.22929936305732485,0.39285714285714285,77,141,0,96,314,314,0.14968152866242038,0.5222929936305732,3.713375796178344,r8S3g,0.2929936305732484,0.47770700636942676,0.5222929936305732,0.0,381.13301384451546,1468.1990654168062,0.6900958466453674,1.0,38,312,female,22,J78901
01a691413dc5897db83f,14,0.11980033277870217,0.46755407653910147,0.1978021978021978,196,333,0,72,601,601,0.08652246256239601,0.47587354409317806,6.346869712351946,m3D1v,0.33943427620632277,0.23294509151414308,0.7670549084858569,0.0,216.11202777777777,2637.826181534227,0.855,1.0,38,1128,male,18,J57489
01d8aa21ef476b66c573,12,0.09523809523809523,0.3380952380952381,0.17721518987341772,107,83,0,20,210,210,0.23809523809523808,0.9857142857142858,3.789473684210526,y9W5d,0.42857142857142855,0.20476190476190476,0.7952380952380952,0.0,538.5714513556619,3623.103239783659,0.6985645933014354,1.0,38,13,male,18,J87654
01qkq6w2v62cimidb3b7,11,0.189873417721519,0.21518987341772153,0.673469387755102,58,68,2,30,158,158,0.1962025316455696,0.8037974683544303,17.206451612903226,y9W5d,0.2088607594936709,0.31645569620253167,0.6835443037974683,0.0,883.0167728237792,1224.3108405534279,0.22929936305732485,0.5833333333333334,35,552,female,19,J57489
02068067a434adb6556a,0,1.0,0.0,1.0,0,0,0,4,4,4,0.0,0.0,2.75,r8S3g,1.0,1.0,0.0,0.0,0.2722222222222222,0.09179284245476835,1.0,0.0,1,975,female,18,J23517
0258f681a9e1756dfc76,8,0.1443478260869565,0.20173913043478262,0.4,212,280,0,83,575,575,0.10260869565217391,0.44173913043478263,10.1508078994614,m3D1v,0.24695652173913044,0.391304347826087,0.6086956521739131,0.0,223.5649825783972,1322.2562395654184,0.837979094076655,1.0,38,494,female,22,J78901
03754dce5ec7731fb3e2,13,0.3333333333333333,0.3962962962962963,0.27722772277227725,75,105,0,90,270,270,0.337037037037037,1.6111111111111112,6.514925373134329,g7R2j,0.32592592592592595,0.1925925925925926,0.8074074074074075,0.0,536.066790582404,2045.2032465238299,0.7360594795539034,1.0,38,407,female,20,J23517
037a76bc8e6bf5fe1fc0,11,0.10638297872340426,0.0,0.6666666666666666,31,11,0,5,47,47,0.9361702127659575,2.4680851063829787,3.382978723404255,m3D1v,0.2765957446808511,0.23404255319148937,0.7659574468085106,0.0,67.78442028985508,337.0544067046731,0.391304347826087,1.0,38,977,male,18,J78901
03aa0b20dd4af1888eef,12,0.14385964912280702,0.25263157894736843,0.4567901234567901,110,134,0,41,285,285,0.21754385964912282,0.8140350877192982,3.425,y9W5d,0.26666666666666666,0.34385964912280703,0.656140350877193,0.0,404.0178403755869,1498.8023605806889,0.6197183098591549,1.0,38,19,male,22,J23517
03e0c9bff3a9557480d9,13,0.27848101265822783,0.379746835443038,0.1523809523809524,33,81,0,44,158,158,0.23417721518987342,0.9810126582278481,3.9177215189873418,r8S3g,0.37341772151898733,0.5632911392405063,0.43670886075949367,0.0,949.9288747346072,5423.320119341399,0.6369426751592356,0.7619047619047619,36,425,male,24,J23517
04f2689b4ea16d8d7d9a,12,0.30955585464333785,0.1601615074024226,0.4523809523809524,281,232,0,230,743,743,0.06998654104979811,0.5693135935397039,8.510094212651413,r8S3g,0.23822341857335128,0.4158815612382234,0.5841184387617766,0.0,161.68027852650494,841.8733933994896,0.7924528301886793,0.75,38,506,male,23,J78901
0557b1363a5092b5811f,14,0.2808219178082192,0.4195205479452055,0.6071428571428571,171,249,0,164,584,584,0.11643835616438356,0.4726027397260274,12.492254733218589,t5V9e,0.24143835616438356,0.2962328767123288,0.7037671232876712,0.0,67.25600343053173,552.7574719504379,0.8387650085763293,1.0,38,953,female,20,J40192
0559e9cf806dab4cc20d,12,0.3208092485549133,0.27167630057803466,0.4117647058823529,118,117,0,111,346,346,0.1329479768786127,0.6416184971098265,12.529239766081872,g7R2j,0.22254335260115607,0.15606936416184972,0.8439306358381503,0.0,281.92478260869564,1561.8273269606696,0.6840579710144927,1.0,38,775,male,22,J78901
056ab41140f68c15db14,13,0.29900332225913623,0.12292358803986711,0.2191780821917808,83,128,0,90,301,301,0.17275747508305647,1.026578073089701,25.00343642611684,g7R2j,0.2956810631229236,0.1760797342192691,0.8239202657807309,0.0,345.989,3958.376137813192,0.79,1.0,38,1239,male,20,J57489
058c03d945c4ae0978a0,12,0.009523809523809525,0.18095238095238095,0.2236842105263158,42,62,0,1,105,105,0.44761904761904764,1.6095238095238096,3.5142857142857142,y9W5d,0.3047619047619048,0.13333333333333333,0.8666666666666667,0.0,1042.2310897435898,3365.769974520913,0.3942307692307692,1.0,38,139,female,18,J87654
05e1c3ce1728da7e37e0,12,0.0,0.3615819209039548,0.14814814814814814,33,144,0,0,177,177,0.1638418079096045,0.4124293785310734,3.3448275862068964,r8S3g,0.3672316384180791,0.672316384180791,0.327683615819209,0.0,433.44517045454546,2906.902052684601,0.8636363636363636,0.8888888888888888,24,468,female,20,J87654
05e6d9723ab3cde0841d,14,0.2805049088359046,0.20476858345021037,0.2962962962962963,304,209,0,200,713,713,0.0729312762973352,0.3814866760168303,16.25178826895565,y9W5d,0.34221598877980364,0.25105189340813466,0.7489481065918654,0.0,107.34105805243445,1142.5493284198865,0.8623595505617978,1.0,38,516,male,24,J57489
061db2c91f94c612f2d4,15,0.16,0.2,0.16216216216216217,4,59,0,12,75,75,0.5866666666666667,2.026666666666667,4.506666666666667,y9W5d,0.26666666666666666,0.16,0.84,0.0,1422.863963963964,4896.560394049328,0.4594594594594595,1.0,38,329,male,22,J57489
06309f4c8785254f4c13,5,0.5232558139534884,0.0,0.07042253521126761,18,23,0,45,86,86,0.5116279069767442,1.3488372093023255,3.8255813953488373,r8S3g,0.29069767441860467,0.4883720930232558,0.5116279069767442,0.0,1186.1535294117646,7201.90120701718,0.8705882352941177,1.0,38,1244,female,24,J78901
06aff3e28c5db152f506,10,0.1952662721893491,0.47337278106508873,0.27906976744186046,72,64,0,33,169,169,0.4378698224852071,1.2840236686390532,4.568047337278107,y9W5d,0.1952662721893491,0.31952662721893493,0.6804733727810651,0.0,734.5174603174603,2953.3045410767713,0.5,1.0,38,106,male,18,J40192
071685b292483b04e836,3,0.30303030303030304,0.06060606060606061,0.1721311475409836,35,34,0,30,99,99,0.47474747474747475,1.4747474747474747,3.595959595959596,r8S3g,0.25252525252525254,0.4444444444444444,0.5555555555555556,0.0,1779.1452380952383,6105.15350711379,0.5612244897959183,1.0,38,1149,female,19,J23517
074d7f43de7264306775,11,0.08300395256916997,0.0,0.13513513513513514,99,133,0,21,253,253,0.18972332015810275,0.5098814229249012,3.286290322580645,r8S3g,0.4268774703557312,0.5573122529644269,0.4426877470355731,0.0,418.8943121693122,2983.124401651179,0.7738095238095238,0.8846153846153846,38,599,male,21,J57489
077d5c82c9ee5019220f,8,0.2057142857142857,0.41714285714285715,0.1744186046511628,93,46,0,36,175,175,0.3142857142857143,1.1714285714285715,4.36,y9W5d,0.30857142857142855,0.3942857142857143,0.6057142857142858,0.0,699.7535440613027,3592.506918843925,0.7758620689655172,1.0,38,101,female,20,J23517
091554ffa26fc9b17c36,13,0.17708333333333334,0.3958333333333333,0.16666666666666666,51,28,0,17,96,96,0.5208333333333334,1.78125,13.189473684210526,y9W5d,0.3541666666666667,0.16666666666666666,0.8333333333333334,0.0,1258.7663157894738,3929.5499935830353,0.631578947368421,1.0,38,954,female,21,J23517
09400a9b50b6c96c5510,14,0.16326530612244897,0.15306122448979592,0.24358974358974358,42,122,0,32,196,196,0.30612244897959184,1.183673469387755,24.056410256410256,g7R2j,0.28061224489795916,0.3112244897959184,0.6887755102040817,0.0,570.0280341880341,3164.582762406551,0.6153846153846154,1.0,38,1077,female,19,J78901
098b2c66cbc1ed736e14,11,0.16883116883116883,0.16883116883116883,0.23529411764705882,68,60,0,26,154,154,0.33116883116883117,1.3181818181818181,3.366013071895425,g7R2j,0.21428571428571427,0.24675324675324675,0.7532467532467533,0.0,632.601633986928,3518.539029021205,0.5294117647058824,1.0,38,245,female,23,J78901
09e4bfadd7e012c37c7c,10,0.21341463414634146,0.2073170731707317,0.17105263157894737,97,32,0,35,164,164,0.3597560975609756,1.1097560975609757,13.987577639751553,m3D1v,0.29878048780487804,0.2804878048780488,0.7195121951219512,0.0,661.6171779141104,3385.893564119527,0.7484662576687117,1.0,38,594,female,20,J57489
0a7f1a73361654329281,14,0.19444444444444445,0.2013888888888889,0.23684210526315788,40,76,0,28,144,144,0.3194444444444444,0.9236111111111112,19.133802816901408,m3D1v,0.3055555555555556,0.3194444444444444,0.6805555555555556,0.0,751.1047785547785,3157.747436984312,0.6923076923076923,1.0,38,576,male,20,J23517
0a8736f6520cea837d94,8,0.3268156424581006,0.15921787709497207,0.22727272727272727,213,28,0,117,358,358,0.13687150837988826,0.5446927374301676,3.7793296089385473,m3D1v,0.3016759776536313,0.36033519553072624,0.6396648044692738,0.0,350.28921568627453,1881.172323502768,0.8319327731092437,1.0,38,48,male,24,J78901
0b02f701b1179f9f74f9,13,0.20218579234972678,0.11475409836065574,0.18681318681318682,47,99,0,37,183,183,0.24043715846994534,0.8142076502732241,7.252747252747253,r8S3g,0.24043715846994534,0.4207650273224044,0.5792349726775956,0.0,711.7381868131869,4241.994567419276,0.7032967032967034,1.0,38,1135,male,22,J87654
0b16d35f1f39a063708a,6,0.2033898305084746,0.3177966101694915,0.32323232323232326,262,114,0,96,472,472,0.11864406779661017,0.5233050847457628,24.99782135076253,m3D1v,0.3347457627118644,0.2627118644067797,0.7372881355932204,0.0,299.2277423920736,1600.180220159577,0.8089171974522293,1.0,38,1155,female,22,J78901
0b307ee95b41e222f204,11,0.004878048780487805,0.05365853658536585,0.16,148,56,0,1,205,205,0.2731707317073171,1.0878048780487806,14.257425742574258,y9W5d,0.2634146341463415,0.2975609756097561,0.7024390243902439,0.0,874.7142973856209,4136.769091767809,0.7450980392156863,1.0,38,1310,female,20,J78901
0b828e1ae026c57b34dd,13,0.14,0.3,0.22580645161290322,31,53,2,14,100,100,0.45,1.63,24.65,m3D1v,0.31,0.17,0.83,0.0,1339.410101010101,7302.234693600592,0.4444444444444444,1.0,38,1063,male,19,J23517
0b8bea274b24847526b7,10,0.2222222222222222,0.6962962962962963,0.09090909090909091,92,13,0,30,135,135,0.3111111111111111,0.8888888888888888,3.925925925925926,r8S3g,0.48148148148148145,0.5851851851851851,0.4148148148148148,0.0,814.1223880597015,4106.24088791371,0.8582089552238806,0.8461538461538461,38,111,female,19,J23517
0bb8692f43a372e8d967,9,0.21830985915492956,0.3028169014084507,0.3380281690140845,71,40,0,31,142,142,0.47183098591549294,1.1830985915492958,10.673758865248226,m3D1v,0.3028169014084507,0.2605633802816901,0.7394366197183099,0.0,720.921513002364,2124.5954520172295,0.5673758865248227,1.0,38,612,male,24,J78901
0c57caf5358d30408034,14,0.0,0.04854368932038835,0.42857142857142855,51,155,0,0,206,206,0.21844660194174756,0.7669902912621359,3.4876847290640396,m3D1v,0.2766990291262136,0.2912621359223301,0.7087378640776699,0.0,92.85422764227641,836.7614173710303,0.8097560975609757,1.0,38,345,male,20,J23517
0c670262b3941d307600,15,0.0855614973262032,0.27807486631016043,0.2857142857142857,68,103,0,16,187,187,0.23529411764705882,0.8074866310160428,3.7096774193548385,y9W5d,0.24598930481283424,0.3048128342245989,0.6951871657754011,0.0,644.4521505376345,2133.1727591479153,0.6827956989247311,1.0,38,132,male,22,J78901
0c81ca27b7d931b6ff6e,14,0.22633744855967078,0.3497942386831276,0.10317460317460317,120,68,0,55,243,243,0.1934156378600823,0.5967078189300411,3.485355648535565,m3D1v,0.4567901234567901,0.3868312757201646,0.6131687242798354,0.0,742.1915289256198,5024.967722098882,0.8099173553719008,1.0,38,1292,female,21,J40192
0d4a3518a188f6888380,5,1.0,0.0,1.0,0,0,0,63,63,63,0.8412698412698413,2.1587301587301586,5.26984126984127,m3D1v,0.31746031746031744,0.31746031746031744,0.6825396825396826,0.0,0.6868279569892474,0.9861847936098517,0.9838709677419355,1.0,38,348,female,18,J23517
0dapvs3h4h3h1ahmt2o8,11,0.18072289156626506,0.20481927710843373,0.6057692307692307,81,55,0,30,166,166,0.27710843373493976,0.9156626506024096,13.768292682926829,m3D1v,0.25301204819277107,0.30120481927710846,0.6987951807228916,0.0,898.0451515151515,1747.7733551693811,0.16363636363636364,0.625,37,825,female,20,J23517
0df40593e76a840fd64b,11,0.18480492813141683,0.32854209445585214,0.225,298,99,0,90,487,487,0.12525667351129363,0.39835728952772076,3.9233954451345756,m3D1v,0.3162217659137577,0.3470225872689938,0.6529774127310062,0.0,232.98847736625515,1937.6867435783404,0.8683127572016461,1.0,38,485,female,20,J40192
0e062d9fa22dc8e3bca2,12,0.12857142857142856,0.20714285714285716,0.42592592592592593,59,63,0,18,140,140,0.4857142857142857,1.8571428571428572,4.3,y9W5d,0.2857142857142857,0.12142857142857143,0.8785714285714286,0.0,547.8573141486811,1584.2694059091275,0.5611510791366906,1.0,38,217,female,23,J57489
0e804947f4cdc2721046,14,0.3067484662576687,0.3128834355828221,0.2076923076923077,45,67,1,50,163,163,0.3128834355828221,1.1042944785276074,6.914110429447852,y9W5d,0.25153374233128833,0.2392638036809816,0.7607361963190185,0.0,1145.647427983539,4974.1376437416175,0.6296296296296297,1.0,38,1287,female,23,J87654
0eb6eec8b4bee8ab6a44,13,0.1005586592178771,0.3743016759776536,0.1388888888888889,42,119,0,18,179,179,0.2905027932960894,0.7932960893854749,4.335195530726257,r8S3g,0.26256983240223464,0.4860335195530726,0.5139664804469274,0.0,863.8289325842696,6683.816485706525,0.6966292134831461,1.0,38,1226,male,18,J87654
0ef8b2c9e039eaace596,14,0.06818181818181818,0.4090909090909091,0.2765957446808511,51,147,7,15,220,220,0.25,1.1681818181818182,14.279816513761467,g7R2j,0.2863636363636364,0.20454545454545456,0.7954545454545454,0.0,611.3227549467276,3519.511479625774,0.5388127853881278,1.0,38,1146,male,21,J23517
0f160cd19890b97092b9,14,0.09774436090225563,0.6541353383458647,0.22535211267605634,52,68,0,13,133,133,0.3533834586466165,1.300751879699248,3.75,r8S3g,0.20300751879699247,0.3684210526315789,0.631578947368421,0.0,764.4584595959597,3441.198844489139,0.5378787878787878,1.0,38,227,female,21,J40192
0f8bd9e33125347965a1,15,0.2289156626506024,0.5301204819277109,0.27586206896551724,8,184,0,57,249,249,0.17670682730923695,0.5742971887550201,3.2931726907630523,r8S3g,0.3855421686746988,0.4538152610441767,0.5461847389558233,0.0,160.24301075268815,2009.8095934561206,0.7701612903225806,1.0,38,219,female,21,J40192
0fc996fff93c00ca5ced,2,0.4659090909090909,0.3536931818181818,0.3333333333333333,171,205,0,328,704,704,0.07386363636363637,0.3053977272727273,3.8238636363636362,r8S3g,0.5127840909090909,0.5880681818181818,0.4119318181818182,0.0,200.6729255571361,1344.464877981988,0.8563300142247511,1.0,38,320,male,21,J87654
0gfiioqi5g8djhh1wzol,13,0.19186046511627908,0.19767441860465115,0.6176470588235294,60,79,0,33,172,172,0.27325581395348836,0.872093023255814,3.687116564417178,r8S3g,0.28488372093023256,0.37790697674418605,0.622093023255814,0.0,852.4270955165691,1369.0715959629817,0.21052631578947367,0.6666666666666666,36,282,female,23,J57489
0i1e50rz4mkhee97xvpo,14,0.22929936305732485,0.3630573248407643,0.5963302752293578,47,74,0,36,157,157,0.21019108280254778,0.8407643312101911,14.666666666666666,m3D1v,0.2611464968152866,0.2802547770700637,0.7197452229299363,0.0,997.3081196581196,1597.718707031199,0.21153846153846154,0.42857142857142855,37,1283,female,21,J40192
0m2kzubx9r60wyrsjj7j,14,0.14201183431952663,0.28402366863905326,0.5507246376811594,76,69,0,24,169,169,0.22485207100591717,0.7514792899408284,11.403614457831326,m3D1v,0.28994082840236685,0.33136094674556216,0.6686390532544378,0.0,1170.662400793651,1828.0241442422998,0.16071428571428573,0.5,37,1196,male,24,J78901
0m8o7nuv982vnv3328qw,14,0.1888111888111888,0.36363636363636365,0.5241935483870968,58,58,0,27,143,143,0.2937062937062937,1.1048951048951048,9.956204379562044,y9W5d,0.2727272727272727,0.27972027972027974,0.7202797202797203,0.0,1251.2214788732394,2321.588244126481,0.13380281690140844,0.5625,38,1110,female,20,J87654
0maggb1hf886m5u6p2vr,14,0.22994652406417113,0.18716577540106952,0.6486486486486487,72,71,1,43,187,187,0.1925133689839572,0.7807486631016043,3.616216216216216,m3D1v,0.26737967914438504,0.2887700534759358,0.7112299465240641,0.0,852.3233870967742,1522.0182539169466,0.1935483870967742,0.5925925925925926,38,69,male,21,J87654
0qamadarf6xhm9pm2jta,14,0.22727272727272727,0.35064935064935066,0.5486725663716814,44,75,0,35,154,154,0.2532467532467532,0.8506493506493507,7.590909090909091,r8S3g,0.2597402597402597,0.33116883116883117,0.6688311688311688,0.0,1051.0839869281047,1651.267396706906,0.23529411764705882,0.52,36,1259,male,24,J40192
0sgnvj4zfg3xjjb9fl6h,13,0.24675324675324675,0.36363636363636365,0.5471698113207547,46,70,0,38,154,154,0.19480519480519481,0.8766233766233766,5.046052631578948,m3D1v,0.2857142857142857,0.2662337662337662,0.7337662337662337,0.0,991.9253812636165,1624.2344857469438,0.16339869281045752,0.4444444444444444,36,458,male,18,J40192
0z4mockl76xn8mhdaehw,14,0.17486338797814208,0.3114754098360656,0.6036036036036037,73,78,0,32,183,183,0.15846994535519127,0.7431693989071039,4.359116022099448,y9W5d,0.2896174863387978,0.2459016393442623,0.7540983606557377,0.0,868.8428571428572,1486.0130999264838,0.2692307692307692,0.4166666666666667,36,1280,male,18,J87654
10de703c06bf9d873d68,11,0.22321428571428573,0.09375,0.2,114,60,0,50,224,224,0.3794642857142857,0.8839285714285714,4.316964285714286,r8S3g,0.41964285714285715,0.49107142857142855,0.5089285714285714,0.0,506.2624813153961,2577.077752447932,0.852017937219731,1.0,38,61,female,19,J23517
10qi28ikwz4c4v22b06i,13,0.1588235294117647,0.32941176470588235,0.5241935483870968,56,86,1,27,170,170,0.3352941176470588,1.076470588235294,11.574850299401197,y9W5d,0.3176470588235294,0.2411764705882353,0.7588235294117647,0.0,1047.4808678500985,1747.3821986182031,0.20710059171597633,0.5714285714285714,35,1090,male,20,J78901
10xnkvdetxarrkdhx4i9,11,0.25161290322580643,0.23870967741935484,0.6213592233009708,68,46,2,39,155,155,0.2645161290322581,0.9612903225806452,11.69032258064516,m3D1v,0.2709677419354839,0.23870967741935484,0.7612903225806451,0.0,956.7205627705628,1473.7405353251274,0.2077922077922078,0.5454545454545454,37,821,female,23,J57489
11dae4659d30031a10dd,14,0.042735042735042736,0.33760683760683763,0.2804878048780488,98,126,0,10,234,234,0.2606837606837607,0.8632478632478633,3.461206896551724,m3D1v,0.2777777777777778,0.3547008547008547,0.6452991452991453,0.0,500.03562231759656,2177.6031035173255,0.7725321888412017,1.0,38,307,male,18,J87654
1202c731c612353ceef0,8,0.33516483516483514,0.35714285714285715,0.29333333333333333,175,67,0,122,364,364,0.12912087912087913,0.5054945054945055,3.6392961876832843,m3D1v,0.41483516483516486,0.19505494505494506,0.804945054945055,0.0,291.64839302112034,2026.966678100444,0.7548209366391184,1.0,38,216,female,22,J23517
12s3yomv0kltozc1qxc4,11,0.1956521739130435,0.30978260869565216,0.5929203539823009,72,76,0,36,184,184,0.27717391304347827,1.0217391304347827,15.846994535519126,m3D1v,0.29347826086956524,0.2608695652173913,0.7391304347826086,0.0,881.3489071038251,1623.443628307007,0.20218579234972678,0.625,38,1257,female,22,J40192
1329b6cf41debecda787,14,0.08547008547008547,0.24786324786324787,0.28431372549019607,24,83,0,10,117,117,0.46153846153846156,1.9743589743589745,3.2564102564102564,y9W5d,0.3076923076923077,0.1282051282051282,0.8717948717948718,0.0,1255.142816091954,3933.2406304153174,0.43103448275862066,1.0,38,118,male,20,J78901
132c90d4a027a4477ad0,10,0.04516129032258064,0.2838709677419355,0.06870229007633588,91,57,0,7,155,155,0.2967741935483871,0.7870967741935484,6.225806451612903,r8S3g,0.3096774193548387,0.5290322580645161,0.47096774193548385,0.0,1211.695670995671,6675.324712592399,0.8311688311688312,1.0,38,930,male,23,J57489
1367d35cf39783effa7a,11,0.13513513513513514,0.0,0.06666666666666667,34,30,0,10,74,74,0.1891891891891892,0.6891891891891891,3.635135135135135,t5V9e,0.7027027027027027,0.7837837837837838,0.21621621621621623,0.0,1465.6952054794522,8075.667341389476,0.7534246575342466,1.0,13,528,female,22,J40192
139429592a9c23c08b71,14,0.2932330827067669,0.3684210526315789,0.09803921568627451,24,70,0,39,133,133,0.3609022556390977,0.9473684210526315,3.6466165413533833,r8S3g,0.2631578947368421,0.44360902255639095,0.556390977443609,0.0,1102.5757575757575,7581.567908125531,0.7878787878787878,1.0,38,922,male,21,J87654
1397545fbe9882e5cd42,15,0.05363984674329502,0.2260536398467433,0.3088235294117647,109,138,0,14,261,261,0.2681992337164751,0.9578544061302682,3.731225296442688,m3D1v,0.34099616858237547,0.1685823754789272,0.8314176245210728,0.0,369.1449358974359,1524.0510499507775,0.6807692307692308,1.0,38,212,female,24,J23517
13de1d3a55477a0c0329,13,0.16326530612244897,0.1564625850340136,0.125,3,120,0,24,147,147,0.3333333333333333,0.891156462585034,3.5,m3D1v,0.4489795918367347,0.14285714285714285,0.8571428571428571,0.0,862.3404109589042,4558.306902070436,0.8767123287671232,1.0,38,432,male,21,J78901
13f8b8305f6c25c21921,12,0.24655172413793103,0.44482758620689655,0.20634920634920634,226,211,0,143,580,580,0.09655172413793103,0.4586206896551724,16.275280898876403,r8S3g,0.2189655172413793,0.42758620689655175,0.5724137931034483,0.0,311.7671272308578,2983.752026419458,0.8134715025906736,1.0,38,1291,male,18,J57489
148o63s7q5aitfxmmtrg,11,0.20098039215686275,0.21568627450980393,0.5182481751824818,95,68,0,41,204,204,0.35784313725490197,1.1764705882352942,11.737623762376238,m3D1v,0.28921568627450983,0.27450980392156865,0.7254901960784313,0.0,963.5155993431855,1870.5027475904324,0.22167487684729065,0.7142857142857143,38,1008,male,23,J78901
151cd83784ab9007e8d8,9,0.0340632603406326,0.17274939172749393,0.5409836065573771,235,162,0,14,411,411,0.18248175182481752,0.6739659367396593,70.41809290953545,y9W5d,0.2360097323600973,0.20924574209245742,0.7907542579075426,0.0,209.9456504065041,905.4864809824436,0.7878048780487805,1.0,38,471,male,18,J78901
152a0c17daaaa4e65e14,15,0.16822429906542055,0.2616822429906542,0.2682926829268293,65,113,0,36,214,214,0.2523364485981308,1.1261682242990654,3.822429906542056,y9W5d,0.3878504672897196,0.2616822429906542,0.7383177570093458,0.0,546.8313771517998,2361.7233792552047,0.6431924882629108,1.0,38,142,female,22,J40192
1552f58e2818ce7fa863,14,0.08571428571428572,0.1673469387755102,0.15702479338842976,65,159,0,21,245,245,0.22448979591836735,0.6653061224489796,14.077551020408164,r8S3g,0.24081632653061225,0.4122448979591837,0.5877551020408164,0.0,710.1598360655737,3487.5885674893666,0.6721311475409836,1.0,38,1296,female,20,J57489
15ab118362ecbbd03b52,8,0.06896551724137931,0.3310344827586207,0.2926829268292683,76,59,0,10,145,145,0.36551724137931035,1.3724137931034484,3.8620689655172415,y9W5d,0.2482758620689655,0.3310344827586207,0.6689655172413793,0.0,810.700462962963,2855.305813619414,0.5347222222222222,1.0,38,145,male,18,J57489
1629f353a742f6a73251,6,0.136986301369863,0.3287671232876712,0.2857142857142857,48,78,0,20,146,146,0.3767123287671233,1.3013698630136987,3.1164383561643834,m3D1v,0.3150684931506849,0.2328767123287671,0.7671232876712328,0.0,549.8893103448277,1870.8833301511163,0.6275862068965518,1.0,38,215,female,19,J57489
166cb02ac436c9d3662f,11,0.12252252252252252,0.13333333333333333,0.18,293,194,0,68,555,555,0.08108108108108109,0.2918918918918919,2.9225225225225224,r8S3g,0.5063063063063064,0.6990990990990991,0.3009009009009009,0.0,127.86314681107099,1526.3290015990349,0.9314079422382672,0.95,38,207,female,21,J87654
16c505069c1e5c2bece5,15,0.16417910447761194,0.0,0.09523809523809523,0,56,0,11,67,67,0.6567164179104478,2.1641791044776117,28.223880597014926,g7R2j,0.23880597014925373,0.2537313432835821,0.746268656716418,0.0,450.0305555555555,3640.022745620896,0.8939393939393939,1.0,38,607,male,20,J57489
16d68f70cf5e52d0b34a,13,0.0411522633744856,0.21810699588477367,0.2524271844660194,102,131,0,10,243,243,0.23868312757201646,0.7654320987654321,7.723140495867769,y9W5d,0.25102880658436216,0.3786008230452675,0.6213991769547325,0.0,607.7689393939394,2959.5310031429676,0.7107438016528925,1.0,38,1042,male,20,J23517
170a695a2717bcd9b74b,11,0.3730886850152905,0.012232415902140673,0.23076923076923078,143,62,0,122,327,327,0.14678899082568808,0.5474006116207951,4.269113149847095,t5V9e,0.26299694189602446,0.41284403669724773,0.5871559633027523,0.0,455.8835378323109,2259.762387112904,0.7944785276073619,1.0,38,193,female,19,J57489
17656005bd4086137ab7,0,0.4,0.05128205128205128,0.17073170731707318,53,64,0,78,195,195,0.23076923076923078,0.8307692307692308,3.476923076923077,r8S3g,0.4461538461538462,0.5846153846153846,0.4153846153846154,0.0,907.6532646048109,4329.099403157848,0.6958762886597938,1.0,38,1317,female,24,J87654
17dda5f588bed077c742,11,0.3081761006289308,0.17295597484276728,0.19480519480519481,129,91,0,98,318,318,0.33962264150943394,1.2044025157232705,10.371069182389936,y9W5d,0.2641509433962264,0.3553459119496855,0.6446540880503144,0.0,347.16030494216614,2284.029017647402,0.7634069400630915,1.0,38,586,female,18,J87654
17e429460d5fda251953,14,0.08158995815899582,0.7280334728033473,0.18867924528301888,154,285,0,39,478,478,0.1297071129707113,0.45188284518828453,3.606315789473684,y9W5d,0.3054393305439331,0.26569037656903766,0.7343096234309623,0.0,317.2136967155835,2193.0209869222367,0.8280922431865828,1.0,38,390,male,21,J23517
17f2d0e73044110cdea5,8,0.20987654320987653,0.0,0.16666666666666666,71,57,0,34,162,162,0.32098765432098764,1.0246913580246915,6.654320987654321,y9W5d,0.2777777777777778,0.2222222222222222,0.7777777777777778,0.0,581.9916149068323,4712.163415747092,0.6894409937888198,1.0,38,1246,female,18,J87654
18654732ca312afc173f,14,0.3368055555555556,0.23958333333333334,0.6097560975609756,128,63,0,97,288,288,0.18055555555555555,1.21875,4.390845070422535,y9W5d,0.3888888888888889,0.2222222222222222,0.7777777777777778,0.0,202.4246225319396,793.552174119221,0.6794425087108014,1.0,38,123,male,21,J87654
18cdd44af62c6935e7a0,13,0.08960573476702509,0.21505376344086022,0.37735849056603776,97,157,0,25,279,279,0.2939068100358423,1.1218637992831542,3.7562724014336917,m3D1v,0.31899641577060933,0.24731182795698925,0.7526881720430108,0.0,267.7831534772182,1463.2426619596442,0.6726618705035972,1.0,38,59,female,19,J78901
1974349ec27d7d67bf08,11,0.31958762886597936,0.21305841924398625,0.24074074074074073,82,116,0,93,291,291,0.18556701030927836,0.7525773195876289,6.836956521739131,y9W5d,0.25773195876288657,0.3024054982817869,0.697594501718213,0.0,529.5535057471265,2754.7399535272248,0.7310344827586207,1.0,38,1311,female,23,J23517
19793e7e55b68c8dd776,15,0.43283582089552236,0.2835820895522388,0.14018691588785046,36,40,0,58,134,134,0.3208955223880597,1.171641791044776,5.360902255639098,t5V9e,0.2537313432835821,0.3283582089552239,0.6716417910447762,0.0,1151.74335839599,4905.35068194449,0.6390977443609023,0.8947368421052632,38,387,female,22,J87654
19buea1jycypffshcw38,11,0.1927710843373494,0.30120481927710846,0.5714285714285714,66,68,0,32,166,166,0.21686746987951808,0.8855421686746988,14.621951219512194,m3D1v,0.2710843373493976,0.21084337349397592,0.7891566265060241,0.0,965.9817171717172,1786.6238869457752,0.2,0.64,36,1267,female,20,J57489
19fb3075dd2798538c9d,11,0.2708333333333333,0.3020833333333333,0.20238095238095238,67,3,0,26,96,96,0.46875,1.40625,4.709677419354839,y9W5d,0.3333333333333333,0.19791666666666666,0.8020833333333334,0.0,1271.587543859649,4707.379677284477,0.4842105263157895,1.0,38,210,female,22,J87654
19rc4zj7sw4ms0996992,11,0.3081395348837209,0.45348837209302323,0.5504587155963303,54,65,0,53,172,172,0.22093023255813954,0.8546511627906976,3.8128654970760234,m3D1v,0.29069767441860467,0.32558139534883723,0.6744186046511628,0.0,908.2654970760234,1561.5401542709635,0.23976608187134502,0.5833333333333334,36,449,male,18,J87654
1afepx549ssnar1m9acp,11,0.2057142857142857,0.26285714285714284,0.6363636363636364,71,68,0,36,175,175,0.17714285714285713,0.5942857142857143,9.086705202312139,m3D1v,0.26285714285714284,0.32571428571428573,0.6742857142857143,0.0,905.7416666666667,2156.4955958950636,0.16666666666666666,0.6666666666666666,36,559,male,19,J23517
1b0baf552d2cd47ee10b,14,0.15714285714285714,0.0,0.25,14,45,0,11,70,70,0.6285714285714286,1.7142857142857142,4.385714285714286,m3D1v,0.3142857142857143,0.34285714285714286,0.6571428571428571,0.0,313.9693236714976,2261.3648799019825,0.8115942028985508,1.0,38,249,female,19,J40192
1b25734414fcc7466153,10,0.1839080459770115,0.1896551724137931,0.4935064935064935,159,125,0,64,348,348,0.16379310344827586,0.6752873563218391,3.8034682080924855,g7R2j,0.20402298850574713,0.27586206896551724,0.7241379310344828,0.0,317.36176753122,1264.98020882808,0.6426512968299711,1.0,38,20,male,18,J57489
1bd9bb053a3ac1bba507,11,0.1650485436893204,0.6116504854368932,0.0967741935483871,47,39,0,17,103,103,0.6310679611650486,1.766990291262136,3.712871287128713,m3D1v,0.36893203883495146,0.3883495145631068,0.6116504854368932,0.0,1293.0700980392155,5785.110568565645,0.7156862745098039,1.0,38,1033,male,23,J78901
1c2aef3af32f6323a31d,11,0.07741935483870968,0.12258064516129032,0.12643678160919541,99,44,0,12,155,155,0.4645161290322581,1.2193548387096773,3.270967741935484,r8S3g,0.3548387096774194,0.5096774193548387,0.49032258064516127,0.0,801.2111471861473,7488.164398690493,0.8506493506493507,1.0,38,768,male,19,J87654
1ca19e51244cdd3f09ff,15,0.26851851851851855,0.35185185185185186,0.3620689655172414,16,63,0,29,108,108,0.4074074074074074,1.5648148148148149,16.314814814814813,y9W5d,0.3333333333333333,0.14814814814814814,0.8518518518518519,0.0,768.617445482866,2576.7229859631593,0.4485981308411215,1.0,38,1225,female,24,J87654
1d50eac067378042684b,15,0.16666666666666666,0.013888888888888888,0.19672131147540983,78,157,5,48,288,288,0.22916666666666666,0.6875,4.1573426573426575,y9W5d,0.2847222222222222,0.3090277777777778,0.6909722222222222,0.0,301.9952961672474,2270.0178299105987,0.7491289198606271,1.0,38,1141,male,21,J23517
1d7229e0f5f825007870,2,0.4015748031496063,0.07086614173228346,0.17757009345794392,37,39,0,51,127,127,0.3700787401574803,1.1653543307086613,13.070866141732283,r8S3g,0.23622047244094488,0.3700787401574803,0.6299212598425197,0.0,1217.194312169312,4331.039128924635,0.5714285714285714,1.0,38,1306,female,24,J40192
1e25b47eaef62694a236,10,0.27607361963190186,0.4233128834355828,0.06756756756756757,87,31,0,45,163,163,0.4171779141104294,1.0429447852760736,2.8588957055214723,r8S3g,0.4171779141104294,0.6809815950920245,0.31901840490797545,0.0,646.2489711934156,6187.789474403043,0.8827160493827161,1.0,38,54,male,19,J78901
1eekhswi2ckx4uw0j1c9,14,0.1511627906976744,0.3546511627906977,0.5309734513274337,65,81,0,26,172,172,0.2558139534883721,0.8837209302325582,9.125,y9W5d,0.29651162790697677,0.22674418604651161,0.7732558139534884,0.0,943.3475633528266,2034.3957883820228,0.23391812865497075,0.64,38,1260,male,22,J40192
1f4oscu6io8xlog2157e,11,0.1346153846153846,0.3525641025641026,0.46715328467153283,71,64,0,21,156,156,0.3141025641025641,0.9807692307692307,11.90967741935484,m3D1v,0.21153846153846154,0.3141025641025641,0.6858974358974359,0.0,1262.715268817204,2603.227255851766,0.1870967741935484,0.6666666666666666,35,983,female,20,J87654
1f56b6bda24efafcf3a4,11,0.0,0.26640926640926643,0.21333333333333335,172,87,0,0,259,259,0.2471042471042471,1.0115830115830116,7.066147859922179,y9W5d,0.416988416988417,0.2277992277992278,0.7722007722007722,0.0,414.0347545219638,2285.2082854450146,0.8255813953488372,1.0,38,621,female,22,J57489
1f67cb2e7affbb00b6c8,14,0.28361858190709044,0.45232273838630804,0.3584905660377358,107,186,0,116,409,409,0.1466992665036675,0.6748166259168704,10.960591133004925,y9W5d,0.293398533007335,0.26405867970660146,0.7359413202933985,0.0,184.64714052287582,1303.152594481219,0.8186274509803921,1.0,38,1052,male,22,J40192
1fa4f2361b8a03040292,13,0.18584070796460178,0.1592920353982301,0.28703703703703703,20,164,0,42,226,226,0.23893805309734514,0.7876106194690266,5.009174311926605,y9W5d,0.26991150442477874,0.1504424778761062,0.8495575221238938,0.0,682.3194074074074,2620.0470180678158,0.6444444444444445,1.0,38,401,male,22,J87654
1feef8b4129f5bf21e67,11,0.02666666666666667,0.08666666666666667,0.25263157894736843,110,36,0,4,150,150,0.37333333333333335,1.4333333333333333,29.053691275167786,g7R2j,0.24666666666666667,0.26,0.74,0.0,909.6674496644296,4181.131632778904,0.5637583892617449,1.0,38,942,male,22,J23517
1hrtipd0awjpggdje5e2,12,0.20994475138121546,0.20441988950276244,0.6296296296296297,63,80,0,38,181,181,0.2596685082872928,0.8121546961325967,3.798882681564246,m3D1v,0.2541436464088398,0.3259668508287293,0.6740331491712708,0.0,857.3260185185186,1385.1627445534,0.20555555555555555,0.5217391304347826,34,285,female,20,J87654
1hues7esy9erdsses6m0,15,0.18333333333333332,0.17222222222222222,0.6213592233009708,61,84,2,33,180,180,0.18888888888888888,0.6611111111111111,17.471264367816094,m3D1v,0.2833333333333333,0.24444444444444444,0.7555555555555555,0.0,825.189199255121,1274.9067684138151,0.18435754189944134,0.42857142857142855,37,804,male,23,J40192
1kvfwfp2hr5hjxjxzjqd,14,0.23214285714285715,0.26785714285714285,0.6224489795918368,57,72,0,39,168,168,0.2916666666666667,0.9166666666666666,3.8452380952380953,m3D1v,0.24404761904761904,0.35119047619047616,0.6488095238095238,0.0,837.3521956087825,1342.1886065056476,0.2275449101796407,0.6,37,270,female,20,J40192
1mp9yiw6rkrr3846047g,12,0.26973684210526316,0.19078947368421054,0.5315315315315315,58,52,1,41,152,152,0.2236842105263158,0.8486842105263158,3.847682119205298,m3D1v,0.2236842105263158,0.3157894736842105,0.6842105263157895,0.0,1045.8431567328919,2131.9396440046758,0.152317880794702,0.5555555555555556,35,77,male,21,J23517
1nebcwra7a0fduy8c1fa,11,0.23728813559322035,0.3559322033898305,0.5566037735849056,57,78,0,42,177,177,0.1638418079096045,0.6610169491525424,4.097142857142857,m3D1v,0.2824858757062147,0.288135593220339,0.711864406779661,0.0,861.5696022727274,1891.985860078183,0.26136363636363635,0.45454545454545453,37,441,male,24,J23517
1nyzl7s790ta4c8r1l9g,12,0.17365269461077845,0.25149700598802394,0.46715328467153283,63,75,0,29,167,167,0.2874251497005988,1.029940119760479,15.766467065868264,m3D1v,0.31137724550898205,0.281437125748503,0.718562874251497,0.0,1179.0364457831324,2426.0196759784035,0.21084337349397592,0.5714285714285714,36,994,male,18,J40192
1otvyki9oso9bg6ob16u,14,0.2265193370165746,0.40331491712707185,0.5981308411214953,57,83,0,41,181,181,0.20994475138121546,0.7734806629834254,4.51685393258427,m3D1v,0.24861878453038674,0.35359116022099446,0.6464088397790055,0.0,847.2222222222223,1520.8869201722275,0.23333333333333334,0.5185185185185185,37,467,male,24,J23517
1t6e0wa99fijxi3ssnzk,13,0.19205298013245034,0.2913907284768212,0.528,53,68,1,29,151,151,0.33112582781456956,1.2980132450331126,17.68,m3D1v,0.25165562913907286,0.2052980132450331,0.7947019867549668,0.0,1190.1160000000002,2102.722686187365,0.16666666666666666,0.625,34,1092,female,24,J23517
1vb2vsoy23nr0monflhx,11,0.18012422360248448,0.21739130434782608,0.49612403100775193,70,62,0,29,161,161,0.2236024844720497,0.8757763975155279,14.577639751552795,y9W5d,0.2795031055900621,0.2360248447204969,0.7639751552795031,0.0,1151.8233333333333,1974.8707538972985,0.19375,0.5454545454545454,36,1188,female,21,J40192
2007f4965d2aa6064a25,16,0.13,0.03,0.4246575342465753,45,129,0,26,200,200,0.365,1.18,11.725,m3D1v,0.33,0.165,0.835,0.0,519.7755443886097,1562.190641273431,0.6532663316582915,1.0,38,777,female,20,J57489
204fdbe885269686a392,11,0.0,0.4406779661016949,0.24324324324324326,124,53,0,0,177,177,0.2711864406779661,0.8983050847457628,5.15819209039548,m3D1v,0.3954802259887006,0.4011299435028249,0.5988700564971752,0.0,295.9166666666667,2023.3820671466854,0.8068181818181818,1.0,38,500,female,19,J57489
20f97b68982d1b2f5c73,11,0.0,0.02046783625730994,0.13978494623655913,197,145,0,0,342,342,0.14327485380116958,0.4415204678362573,3.3625730994152048,r8S3g,0.4678362573099415,0.5672514619883041,0.4327485380116959,0.0,389.3850928641251,3152.3177706110596,0.8152492668621701,1.0,38,337,male,23,J78901
211ed39c57c6e6cdefbf,10,0.34375,0.203125,0.14754098360655737,65,61,0,66,192,192,0.2760416666666667,0.7552083333333334,3.4074074074074074,r8S3g,0.3489583333333333,0.4375,0.5625,0.0,911.6128272251309,3346.9525202358714,0.7696335078534031,1.0,38,1297,female,24,J78901
219jkfkejubvu4dvuv13,10,0.1925133689839572,0.28342245989304815,0.6160714285714286,69,82,0,36,187,187,0.24064171122994651,0.8877005347593583,14.711229946524064,m3D1v,0.27807486631016043,0.3048128342245989,0.6951871657754011,0.0,856.8537634408602,1510.9867253033085,0.20430107526881722,0.4444444444444444,37,1254,male,23,J57489
21fc5674d24be8e9da89,10,0.45,0.45,0.041666666666666664,25,8,0,27,60,60,0.7333333333333333,1.9833333333333334,3.316666666666667,m3D1v,0.25,0.3333333333333333,0.6666666666666666,0.0,2907.916384180791,12061.463220570035,0.8135593220338984,1.0,38,1021,male,23,J40192
222d5ee50487a2b8601b,15,0.1896551724137931,0.20114942528735633,0.1590909090909091,87,54,0,33,174,174,0.3793103448275862,1.0804597701149425,3.491228070175439,m3D1v,0.3390804597701149,0.29310344827586204,0.7068965517241379,0.0,721.7253371868978,3009.966123164108,0.7687861271676301,1.0,38,103,male,24,J78901
22ae866c664a147f9971,10,0.09821428571428571,0.21428571428571427,0.36585365853658536,78,23,0,11,112,112,0.39285714285714285,1.4642857142857142,4.261261261261262,m3D1v,0.375,0.13392857142857142,0.8660714285714286,0.0,513.8699699699699,2196.1868549252736,0.4954954954954955,1.0,38,52,female,23,J78901
22fey6dqzcrm0jbtfnmm,12,0.17032967032967034,0.2032967032967033,0.7125,67,80,4,31,182,182,0.3076923076923077,1.1373626373626373,4.430939226519337,y9W5d,0.3076923076923077,0.24725274725274726,0.7527472527472527,0.0,633.0831491712707,1067.4013025180595,0.1878453038674033,0.6363636363636364,37,646,female,18,J78901
23dd64a1d2e4965198bf,8,0.008547008547008548,0.0,1.0,81,35,0,1,117,117,0.39316239316239315,1.0341880341880343,5.632478632478633,m3D1v,0.4700854700854701,0.23076923076923078,0.7692307692307693,0.0,6.712643678160919,38.89682739944817,0.9310344827586207,1.0,38,260,male,23,J40192
23f1f5d3d90e2890a423,13,0.08996539792387544,0.14186851211072665,0.24675324675324675,127,136,0,26,289,289,0.20069204152249134,0.9134948096885813,9.746527777777779,m3D1v,0.22145328719723184,0.2975778546712803,0.7024221453287197,0.0,379.9428819444445,1985.6595924657038,0.7916666666666666,1.0,38,933,female,24,J40192
24ca7714d40e2fe53821,12,0.0392156862745098,0.13725490196078433,0.14864864864864866,89,107,0,8,204,204,0.22058823529411764,0.8529411764705882,4.259803921568627,y9W5d,0.4068627450980392,0.18627450980392157,0.8137254901960784,0.0,516.8975369458128,3031.7025820509266,0.7783251231527094,0.9444444444444444,37,606,male,20,J87654
25019b8f1c3ac537894b,11,0.19333333333333333,0.38666666666666666,0.2647058823529412,93,28,0,29,150,150,0.3,1.1866666666666668,4.755102040816326,g7R2j,0.32666666666666666,0.22666666666666666,0.7733333333333333,0.0,645.9900447427293,2350.0471014998225,0.5906040268456376,1.0,38,948,male,19,J78901
264320c6b92b92795ba0,12,0.11507936507936507,0.42857142857142855,0.3373493975903614,77,146,0,29,252,252,0.18253968253968253,0.6547619047619048,4.100401606425703,r8S3g,0.3531746031746032,0.4642857142857143,0.5357142857142857,0.0,468.0782204515272,1829.1906529231808,0.6772908366533864,1.0,38,1056,female,22,J57489
27cc9165eef05eb1733f,12,0.0,0.0,0.07692307692307693,24,89,0,0,113,113,0.415929203539823,1.2831858407079646,7.283185840707965,m3D1v,0.25663716814159293,0.3185840707964602,0.6814159292035398,0.0,991.309375,4816.312031866001,0.7857142857142857,1.0,38,569,female,18,J87654
2826ec26211d83efd2c6,13,0.10152284263959391,0.27411167512690354,0.28865979381443296,25,152,0,20,197,197,0.2639593908629442,0.8426395939086294,3.5968586387434556,r8S3g,0.25380710659898476,0.3756345177664975,0.6243654822335025,0.0,704.8198129251701,2694.7881323001575,0.6785714285714286,1.0,38,427,male,19,J23517
2842c82981077b78b3cd,13,0.0018214936247723133,0.28233151183970856,0.2631578947368421,213,335,0,1,549,549,0.12386156648451731,0.4681238615664845,5.146840148698884,m3D1v,0.32786885245901637,0.2331511839708561,0.7668488160291439,0.0,247.37831508515816,1651.1431107186318,0.7901459854014599,1.0,38,1125,male,24,J57489
28719a42e0cbf4991b7f,6,0.25396825396825395,0.3544973544973545,0.25,113,28,0,48,189,189,0.31216931216931215,0.9788359788359788,3.582010582010582,m3D1v,0.291005291005291,0.2962962962962963,0.7037037037037037,0.0,543.0614361702127,2158.292261596043,0.5904255319148937,1.0,38,240,female,19,J57489
28bc8af257c48eac3bf1,14,0.16806722689075632,0.2689075630252101,0.12931034482758622,46,53,0,20,119,119,0.3697478991596639,1.0924369747899159,3.8403361344537816,r8S3g,0.33613445378151263,0.44537815126050423,0.5546218487394958,0.0,1402.6015536723164,6336.055592246185,0.6779661016949152,1.0,38,1298,female,21,J87654
29172d2e39ca0d890848,8,0.044642857142857144,0.19642857142857142,0.21153846153846154,63,44,0,5,112,112,0.44642857142857145,1.6607142857142858,5.348214285714286,y9W5d,0.22321428571428573,0.21428571428571427,0.7857142857142857,0.0,1333.7548048048047,4600.682194488528,0.5135135135135135,1.0,38,962,female,23,J78901
2933a3227c7ce7fe21eb,14,0.17307692307692307,0.09615384615384616,0.25862068965517243,40,46,0,18,104,104,0.40384615384615385,1.0961538461538463,4.903846153846154,t5V9e,0.34615384615384615,0.4519230769230769,0.5480769230769231,0.0,795.8648867313916,4727.482048339713,0.6310679611650486,0.8571428571428571,35,525,male,20,J40192
2a003b122e9500e465c4,12,0.10810810810810811,0.1783783783783784,0.29333333333333333,77,87,1,20,185,185,0.2810810810810811,0.9081081081081082,21.82702702702703,m3D1v,0.35135135135135137,0.32432432432432434,0.6756756756756757,0.0,579.8301630434783,2720.6302532368263,0.6304347826086957,1.0,38,937,male,19,J87654
2a515047aa9d085849a2,10,0.29673590504451036,0.43026706231454004,0.4305555555555556,153,84,0,100,337,337,0.18991097922848665,1.0385756676557865,14.519402985074628,y9W5d,0.26409495548961426,0.2314540059347181,0.7685459940652819,0.0,306.06036706349204,1799.1317385844543,0.6726190476190477,1.0,38,517,male,21,J40192
2a6394114c31a10dc92b,1,0.43956043956043955,0.14725274725274726,0.3448275862068966,59,196,0,200,455,455,0.27912087912087913,0.9142857142857143,3.734065934065934,m3D1v,0.3054945054945055,0.23516483516483516,0.7648351648351648,0.0,273.388436123348,1482.9204698287638,0.7863436123348018,1.0,38,774,female,21,J40192
2a6ap0t2rsvoogmydj3a,12,0.23030303030303031,0.16363636363636364,0.6914893617021277,60,67,0,38,165,165,0.21212121212121213,0.7212121212121212,8.664634146341463,y9W5d,0.23636363636363636,0.3939393939393939,0.6060606060606061,0.0,814.147662601626,1152.7932390962205,0.14634146341463414,0.36,37,539,female,23,J78901
2af634997fba501740c2,4,0.4978723404255319,0.7021276595744681,0.2391304347826087,57,61,0,117,235,235,0.2127659574468085,0.8553191489361702,3.8085106382978724,r8S3g,0.3404255319148936,0.40425531914893614,0.5957446808510638,0.0,561.9470085470086,2536.640204577757,0.7564102564102564,1.0,38,409,female,21,J78901
2b3492096a4d12bb86cd,14,0.1377245508982036,0.3652694610778443,0.4032258064516129,36,87,21,23,167,167,0.2155688622754491,0.7005988023952096,5.108433734939759,y9W5d,0.4311377245508982,0.31736526946107785,0.6826347305389222,0.0,531.3160642570281,2122.2275392393776,0.5421686746987951,0.875,21,772,male,23,J57489
2b54ed4af8281eb82f58,14,0.11063829787234042,0.548936170212766,0.12790697674418605,69,140,0,26,235,235,0.19148936170212766,0.8,16.025641025641026,y9W5d,0.2425531914893617,0.3574468085106383,0.6425531914893617,0.0,523.7713675213676,4687.730207675559,0.7606837606837606,1.0,38,1229,female,21,J57489
2b935bfe06ef02369807,15,0.044642857142857144,0.48214285714285715,0.09782608695652174,38,69,0,5,112,112,0.4017857142857143,1.0892857142857142,3.675925925925926,r8S3g,0.33035714285714285,0.5357142857142857,0.4642857142857143,0.0,1184.2641141141141,7493.521951799903,0.6216216216216216,1.0,38,1204,female,18,J23517
2b9ef4e3749f713870b0,4,0.40865384615384615,0.41346153846153844,0.3125,73,50,0,85,208,208,0.23076923076923078,0.6153846153846154,3.072463768115942,m3D1v,0.28846153846153844,0.38461538461538464,0.6153846153846154,0.0,214.66618357487923,1436.8846662152878,0.8647342995169082,0.9375,38,190,male,19,J57489
2c27d4de6ae130e7e242,11,0.16666666666666666,0.2037037037037037,0.32954545454545453,381,114,0,99,594,594,0.20707070707070707,0.7693602693602694,12.296875,y9W5d,0.32154882154882153,0.2609427609427609,0.7390572390572391,0.0,211.9031197301855,1584.0836427594304,0.8330522765598651,1.0,38,771,female,18,J40192
2c3b89432513b2035664,14,0.18947368421052632,0.0,0.19444444444444445,21,56,0,18,95,95,0.4842105263157895,1.431578947368421,3.8105263157894735,t5V9e,0.2631578947368421,0.4842105263157895,0.5157894736842106,0.0,537.0567375886525,2641.81380414188,0.6808510638297872,1.0,38,220,female,20,J87654
2c6339f7c23a64d02081,8,0.25,0.2727272727272727,0.18518518518518517,73,10,16,33,132,132,0.4090909090909091,1.0984848484848484,7.325396825396825,t5V9e,0.3712121212121212,0.4621212121212121,0.5378787878787878,0.0,877.6655216284987,3902.2196441553083,0.7404580152671756,1.0,38,98,female,20,J87654
2c7d02c44b47e3d24d52,12,0.21428571428571427,0.0,0.11475409836065574,36,41,0,21,98,98,0.4489795918367347,1.3877551020408163,4.663265306122449,r8S3g,0.22448979591836735,0.37755102040816324,0.6224489795918368,0.0,895.0154639175257,5133.016697189862,0.8144329896907216,1.0,38,800,female,18,J57489
2ccfa5f79c8b61e465d4,2,0.20954907161803712,0.35013262599469497,0.3157894736842105,163,135,0,79,377,377,0.23872679045092837,0.8859416445623343,3.4111405835543764,y9W5d,0.259946949602122,0.27586206896551724,0.7241379310344828,0.0,288.1605939716312,2011.408261761463,0.7659574468085106,1.0,38,202,female,21,J57489
2d526c27123e59103e29,14,0.14656771799628943,0.49165120593692024,0.26605504587155965,219,241,0,79,539,539,0.10575139146567718,0.7736549165120594,4.249063670411985,m3D1v,0.3692022263450835,0.17439703153988867,0.8256029684601113,0.0,290.12072490706316,2082.078656911568,0.7527881040892194,1.0,38,384,female,20,J57489
2d9a38c93e37bc475cb6,14,0.2222222222222222,0.18333333333333332,0.5909090909090909,53,87,0,40,180,180,0.26666666666666666,0.9666666666666667,7.93854748603352,m3D1v,0.25,0.18333333333333332,0.8166666666666667,0.0,168.58864059590317,751.3372557307506,0.6368715083798883,1.0,38,798,male,24,J23517
2db6dd71f1d07300382c,16,0.061855670103092786,0.1958762886597938,0.3404255319148936,26,65,0,6,97,97,0.4845360824742268,1.3195876288659794,5.546391752577319,m3D1v,0.31958762886597936,0.3917525773195876,0.6082474226804123,0.0,695.1286458333333,1863.6844790946097,0.6458333333333334,1.0,38,507,female,22,J23517
2ddkknvpbz2j9wlvybtj,14,0.1901840490797546,0.24539877300613497,0.5403225806451613,56,75,1,31,163,163,0.294478527607362,1.0552147239263803,13.975,m3D1v,0.2331288343558282,0.32515337423312884,0.6748466257668712,0.0,1095.6137860082304,2316.6117035823104,0.18518518518518517,0.6,38,1089,male,20,J78901
2e2c00240c341a4265e3,14,0.06790123456790123,0.3148148148148148,0.3191489361702128,24,127,0,11,162,162,0.30864197530864196,1.3024691358024691,3.525,y9W5d,0.22839506172839505,0.2716049382716049,0.7283950617283951,0.0,834.7696687370601,2374.757162376093,0.6583850931677019,1.0,38,404,female,18,J23517
2e3e7cbe0e69add8d31a,14,0.014285714285714285,0.2714285714285714,0.11594202898550725,38,31,0,1,70,70,0.5714285714285714,1.6285714285714286,4.485714285714286,m3D1v,0.3142857142857143,0.22857142857142856,0.7714285714285715,0.0,1426.2700483091787,5345.679321242558,0.5652173913043478,1.0,35,391,male,19,J57489
2e40c1b07d32d3b80862,14,0.125,0.5340909090909091,0.2087912087912088,112,119,0,33,264,264,0.17424242424242425,0.5303030303030303,4.106870229007634,t5V9e,0.2689393939393939,0.4015151515151515,0.5984848484848485,0.0,491.8034854245881,2541.53322797251,0.779467680608365,1.0,38,1209,female,24,J57489
2ea821273e01ec758583,12,0.34375,0.2857142857142857,0.25609756097560976,95,52,0,77,224,224,0.20535714285714285,0.6428571428571429,6.200892857142857,g7R2j,0.26785714285714285,0.13392857142857142,0.8660714285714286,0.0,522.0880418535128,2860.2183249584173,0.7399103139013453,1.0,38,1150,female,22,J40192
2ecb7fb5ff8899614c12,10,0.12937062937062938,0.6678321678321678,0.11538461538461539,183,66,0,37,286,286,0.1888111888111888,0.5804195804195804,3.0035087719298246,r8S3g,0.4195804195804196,0.48951048951048953,0.5104895104895105,0.0,520.5291228070175,3014.330628143939,0.887719298245614,1.0,38,419,male,19,J40192
2f3c37735e817244e646,8,0.11290322580645161,0.2903225806451613,0.19047619047619047,61,49,0,14,124,124,0.4032258064516129,1.153225806451613,3.806451612903226,y9W5d,0.3629032258064516,0.20161290322580644,0.7983870967741935,0.0,973.6558265582656,2966.33192329244,0.6260162601626016,1.0,38,116,male,18,J87654
2f3ef424b925a9881b81,2,0.5256410256410257,0.26282051282051283,0.19672131147540983,68,6,0,82,156,156,0.2948717948717949,0.9166666666666666,3.5584415584415585,r8S3g,0.391025641025641,0.5128205128205128,0.48717948717948717,0.0,1117.5670967741935,3389.0086793136156,0.6838709677419355,1.0,38,1299,male,21,J40192
2fe9648ea28753c73c2c,15,0.14423076923076922,0.1955128205128205,0.25263157894736843,22,245,0,45,312,312,0.15384615384615385,0.7532051282051282,20.99346405228758,y9W5d,0.266025641025641,0.3333333333333333,0.6666666666666666,0.0,433.8364415862808,2113.5572133659666,0.7202572347266881,1.0,38,477,male,18,J57489
2jvnsh0veb6qnn3uv6i8,15,0.15384615384615385,0.22527472527472528,0.625,70,83,1,28,182,182,0.29120879120879123,1.043956043956044,3.6373626373626373,m3D1v,0.21978021978021978,0.3021978021978022,0.6978021978021978,0.0,821.3503683241253,1467.4522420846438,0.20994475138121546,0.7727272727272727,36,158,female,22,J23517
2svwdpmdpjsdzafekntw,15,0.28368794326241137,0.2127659574468085,0.6019417475728155,48,51,2,40,141,141,0.23404255319148937,0.8297872340425532,4.00709219858156,y9W5d,0.28368794326241137,0.24822695035460993,0.75177304964539,0.0,1051.017380952381,1695.4120723197389,0.17142857142857143,0.47619047619047616,34,813,male,23,J78901
2ui63dibc4r8oo0p9agh,14,0.18888888888888888,0.28888888888888886,0.5357142857142857,70,76,0,34,180,180,0.23333333333333334,0.8444444444444444,6.662921348314606,y9W5d,0.2722222222222222,0.3111111111111111,0.6888888888888889,0.0,893.9144320297951,1768.1150131959355,0.20670391061452514,0.56,35,1272,male,22,J87654
2uxkhe454qk8jvk0ufvp,14,0.15822784810126583,0.25949367088607594,0.5981308411214953,75,57,1,25,158,158,0.34177215189873417,1.1582278481012658,3.8766233766233764,y9W5d,0.2721518987341772,0.2721518987341772,0.7278481012658228,0.0,971.4225053078557,1919.3051951479797,0.1910828025477707,0.75,37,174,female,19,J78901
2xk6toebmkxdw8f2bypd,6,0.2823529411764706,0.23529411764705882,0.06315789473684211,61,0,0,24,85,85,0.611764705882353,1.6705882352941177,4.035294117647059,m3D1v,0.3058823529411765,0.23529411764705882,0.7647058823529411,0.0,1617.9730158730158,12037.459055347856,0.8690476190476191,1.0,38,974,female,22,J23517
2xsbkm76x36qvddrl2yo,13,0.1320754716981132,0.34591194968553457,0.52,63,75,0,21,159,159,0.2830188679245283,1.10062893081761,12.044585987261147,y9W5d,0.2389937106918239,0.27044025157232704,0.7295597484276729,0.0,1129.4363924050633,2148.5450182315103,0.21518987341772153,0.64,36,1102,female,20,J23517
2zfdinkl7qrn0o62tlp4,13,0.1286549707602339,0.25146198830409355,0.6530612244897959,78,70,1,22,171,171,0.2573099415204678,1.105263157894737,3.642857142857143,y9W5d,0.28654970760233917,0.26900584795321636,0.7309941520467836,0.0,821.9783333333332,1337.856164616362,0.24705882352941178,0.6153846153846154,34,164,male,24,J57489
301f57984e5d2969c938,0,0.40106951871657753,0.22459893048128343,0.23376623376623376,23,89,0,75,187,187,0.2620320855614973,0.8663101604278075,11.431693989071038,y9W5d,0.25668449197860965,0.3048128342245989,0.6951871657754011,0.0,589.4279569892474,2375.488690840956,0.6559139784946236,1.0,38,577,female,23,J23517
306627b1ecbdf4e3aa34,8,0.208955223880597,0.40298507462686567,0.2682926829268293,104,55,0,42,201,201,0.21890547263681592,0.8855721393034826,10.93,y9W5d,0.30845771144278605,0.13930348258706468,0.8606965174129353,0.0,585.84675,3102.8172974965,0.585,0.9166666666666666,38,1145,male,23,J78901
3094825929f936abb792,11,0.13008130081300814,0.2073170731707317,0.19318181818181818,188,26,0,32,246,246,0.4024390243902439,1.1219512195121952,7.878048780487805,m3D1v,0.3170731707317073,0.26422764227642276,0.7357723577235772,0.0,510.44802721088433,3451.0979441739755,0.7959183673469388,1.0,38,1161,male,22,J40192
311abc37a94ae8afe41a,15,0.10582010582010581,0.31746031746031744,0.36065573770491804,65,104,0,20,189,189,0.30687830687830686,1.253968253968254,21.819148936170212,m3D1v,0.3492063492063492,0.15873015873015872,0.8412698412698413,0.0,460.08820921985813,3425.277070103958,0.648936170212766,1.0,38,1044,male,24,J23517
31741464205aa8cdb4f5,12,0.19662921348314608,0.33146067415730335,0.3472222222222222,83,60,0,35,178,178,0.3202247191011236,1.252808988764045,5.573863636363637,y9W5d,0.28651685393258425,0.23595505617977527,0.7640449438202247,0.0,582.29868173258,1773.7640222691648,0.5536723163841808,1.0,38,582,male,20,J40192
3267b84814316e2fa25e,15,0.2578947368421053,0.14736842105263157,0.26506024096385544,58,83,0,49,190,190,0.23684210526315788,1.0421052631578946,4.159574468085107,y9W5d,0.26842105263157895,0.3105263157894737,0.6894736842105263,0.0,622.9630511463845,2764.9891113392523,0.6402116402116402,1.0,38,148,female,24,J23517
329622100fe091a4c48c,11,0.24609375,0.34765625,0.5205479452054794,315,71,0,126,512,512,0.16015625,0.623046875,23.209072978303748,y9W5d,0.30078125,0.3203125,0.6796875,0.0,203.21875407697325,1633.3609353993556,0.8356164383561644,1.0,38,524,female,23,J78901
32n93dfesjggabieb85t,14,0.26857142857142857,0.25142857142857145,0.5813953488372093,52,76,0,47,175,175,0.32,1.0742857142857143,8.491228070175438,y9W5d,0.22285714285714286,0.37142857142857144,0.6285714285714286,0.0,1059.2987547892722,1634.9824156877853,0.1781609195402299,0.6521739130434783,36,1333,male,18,J40192
3313c40ea45a87f9d2e7,15,0.13953488372093023,0.13178294573643412,0.19736842105263158,43,67,1,18,129,129,0.4573643410852713,1.4883720930232558,11.4031007751938,m3D1v,0.2868217054263566,0.24806201550387597,0.751937984496124,0.0,851.0125,2711.0604521803275,0.5390625,1.0,38,579,female,18,J40192
33184c1cba6a37cdbda2,13,0.0,0.20382165605095542,0.13513513513513514,108,310,53,0,471,471,0.09766454352441614,0.42250530785562634,4.772532188841201,r8S3g,0.32696390658174096,0.5520169851380042,0.44798301486199577,0.0,224.06191489361703,2373.961477598948,0.8936170212765957,1.0,38,566,male,23,J78901
33b73273ab8e1a11fcda,8,0.14285714285714285,0.47959183673469385,0.08823529411764706,42,42,0,14,98,98,0.45918367346938777,1.2857142857142858,5.1938775510204085,r8S3g,0.30612244897959184,0.42857142857142855,0.5714285714285714,0.0,1497.1060137457046,8818.015895853257,0.5463917525773195,1.0,38,1213,female,23,J57489
33c123d08dc07edb50f9,15,0.0375,0.0,0.0847457627118644,28,49,0,3,80,80,0.55,1.6125,13.5,m3D1v,0.275,0.3,0.7,0.0,2130.6462025316455,8022.761206367431,0.6708860759493671,1.0,38,931,male,19,J78901
33ddb1517601db520cd6,11,0.2658959537572254,0.05202312138728324,0.5757575757575758,95,32,0,46,173,173,0.27167630057803466,1.1098265895953756,3.8106508875739644,r8S3g,0.3815028901734104,0.48554913294797686,0.5144508670520231,0.0,266.50687984496125,1053.9553253756721,0.6046511627906976,1.0,38,246,male,19,J87654
34aaaa47df8c4aa4d926,14,0.2032258064516129,0.24838709677419354,0.28431372549019607,129,118,0,63,310,310,0.16451612903225807,0.5,5.332258064516129,r8S3g,0.38387096774193546,0.45483870967741935,0.5451612903225806,0.0,472.9989212513484,2496.789023259496,0.6310679611650486,1.0,38,934,male,19,J40192
34qcy2qj5lij7g82hpvw,11,0.17261904761904762,0.24404761904761904,0.6228070175438597,71,68,0,29,168,168,0.16666666666666666,0.6785714285714286,23.419161676646706,m3D1v,0.25,0.27380952380952384,0.7261904761904762,0.0,974.3156686626747,2625.2372229054745,0.1377245508982036,0.4583333333333333,38,557,female,24,J87654
3531c5f9d520759ba697,0,0.6751824817518248,0.17518248175182483,0.14678899082568808,36,53,0,185,274,274,0.19343065693430658,0.9635036496350365,15.843065693430656,r8S3g,0.28102189781021897,0.32116788321167883,0.6788321167883211,0.0,567.9553724053725,5717.135417952378,0.7435897435897436,1.0,38,976,male,21,J57489
3555053023c67d592439,8,0.1652892561983471,0.1322314049586777,0.27631578947368424,44,57,0,20,121,121,0.38016528925619836,1.140495867768595,4.297520661157025,m3D1v,0.2644628099173554,0.30578512396694213,0.6942148760330579,0.0,900.0213888888889,2574.0578009432043,0.65,1.0,38,107,male,23,J78901
359f25d9131a0699405b,12,0.14689265536723164,0.4745762711864407,0.1487603305785124,52,99,0,26,177,177,0.2598870056497175,0.7796610169491526,4.254237288135593,m3D1v,0.2994350282485876,0.3615819209039548,0.6384180790960452,0.0,986.0024621212121,4164.01700891197,0.6420454545454546,1.0,38,1305,female,18,J78901
35e028ec34bfdb7a6d26,10,0.17553191489361702,0.324468085106383,0.17592592592592593,55,100,0,33,188,188,0.26063829787234044,0.9627659574468085,23.99468085106383,r8S3g,0.32978723404255317,0.42021276595744683,0.5797872340425532,0.0,824.8039215686275,4063.811376582448,0.7112299465240641,1.0,38,1312,female,18,J87654
35wcdp4s13xmtyq5f7os,12,0.18128654970760233,0.29239766081871343,0.56,58,82,0,31,171,171,0.30409356725146197,1.0175438596491229,8.782352941176471,m3D1v,0.25146198830409355,0.3567251461988304,0.6432748538011696,0.0,1049.9320588235294,1889.87011480116,0.17058823529411765,0.5714285714285714,36,1088,male,19,J23517
360820d6620d17d1b48b,13,0.1436950146627566,0.1466275659824047,0.37,129,161,2,49,341,341,0.1935483870967742,1.002932551319648,4.234756097560975,g7R2j,0.25513196480938416,0.24926686217008798,0.750733137829912,0.0,419.17401960784315,1721.1595678796766,0.711764705882353,1.0,38,44,female,21,J87654
3672e2896ad7d8f2404e,10,0.1349206349206349,0.4603174603174603,0.1724137931034483,61,48,0,17,126,126,0.3888888888888889,1.119047619047619,2.880952380952381,r8S3g,0.3968253968253968,0.5952380952380952,0.40476190476190477,0.0,327.842,2854.9608517664788,0.8,1.0,38,197,female,21,J78901
367c27a001837dabb2e9,7,0.08024691358024691,0.5061728395061729,0.1320754716981132,83,66,0,13,162,162,0.2839506172839506,0.7407407407407407,4.592592592592593,r8S3g,0.30864197530864196,0.41358024691358025,0.5864197530864198,0.0,937.063768115942,4983.231060529596,0.7515527950310559,0.9375,38,1242,female,19,J57489
36ebf305b7206112f676,14,0.2679425837320574,0.11961722488038277,0.34782608695652173,60,93,0,56,209,209,0.28708133971291866,1.6267942583732058,5.375,g7R2j,0.42105263157894735,0.09090909090909091,0.9090909090909091,0.0,154.700641025641,1493.4146274553848,0.7067307692307693,0.9411764705882353,38,211,female,19,J57489
374ff25490a1f0aba47f,14,0.07423580786026202,0.4017467248908297,0.23863636363636365,122,90,0,17,229,229,0.3231441048034934,1.331877729257642,22.611353711790393,y9W5d,0.23580786026200873,0.2794759825327511,0.7205240174672489,0.0,550.5100877192982,3782.414023699289,0.75,1.0,38,1129,male,20,J23517
37905cfdcd105683aaf4,11,0.0,0.3312883435582822,0.25675675675675674,68,72,23,0,163,163,0.3312883435582822,1.0736196319018405,3.878980891719745,y9W5d,0.27607361963190186,0.34355828220858897,0.656441717791411,0.0,649.670987654321,3329.6740772751873,0.6666666666666666,1.0,38,153,male,20,J57489
37ae91c472189108a737,3,0.26666666666666666,0.21904761904761905,0.16216216216216217,58,19,0,28,105,105,0.44761904761904764,1.2857142857142858,3.295238095238095,g7R2j,0.23809523809523808,0.37142857142857144,0.6285714285714286,0.0,1010.651282051282,3919.1464925735872,0.7307692307692307,1.0,38,49,female,20,J87654
37f3b3d773c5c073bc9a,11,0.056,0.472,0.3116883116883117,56,62,0,7,125,125,0.36,1.328,5.536,y9W5d,0.352,0.304,0.696,0.0,881.2408602150538,2189.9405547460383,0.5161290322580645,1.0,38,572,male,20,J23517
3919286d3d8c4f4d339c,13,0.10121457489878542,0.22267206477732793,0.37,88,134,0,25,247,247,0.22267206477732793,0.757085020242915,3.8612244897959185,r8S3g,0.340080971659919,0.46153846153846156,0.5384615384615384,0.0,577.0283197831978,2115.5907543204457,0.6300813008130082,1.0,38,318,female,18,J40192
3ab864e1e692786fefd2,11,0.06626506024096386,0.2891566265060241,0.15730337078651685,106,49,0,11,166,166,0.27710843373493976,0.7530120481927711,4.108433734939759,r8S3g,0.37349397590361444,0.5542168674698795,0.4457831325301205,0.0,768.0366666666666,4453.451661204633,0.8181818181818182,1.0,38,965,female,24,J23517
3ac65fbc295f5fbd2ff7,9,0.0,1.0,1.0,126,0,0,0,126,126,0.35714285714285715,0.9365079365079365,3.007936507936508,m3D1v,0.3253968253968254,0.24603174603174602,0.753968253968254,0.0,1.4689333333333332,3.1701786863244483,0.952,1.0,38,927,female,19,J78901
3b3b2319b0995f149ecc,14,0.23452768729641693,0.03908794788273615,0.13157894736842105,69,166,0,72,307,307,0.18892508143322476,0.7231270358306189,14.32899022801303,y9W5d,0.4234527687296417,0.1270358306188925,0.8729641693811075,0.0,355.1023965141612,2791.865748286778,0.7941176470588235,1.0,38,578,male,21,J78901
3b6f3bb370f3107e257d,5,0.3620689655172414,0.22413793103448276,0.06060606060606061,37,0,0,21,58,58,0.7586206896551724,2.0,3.8275862068965516,r8S3g,0.27586206896551724,0.39655172413793105,0.603448275862069,0.0,2472.8286549707605,12100.051052395725,0.5789473684210527,1.0,38,966,female,24,J87654
3ba42ec5350aacb0750a,14,0.03805496828752643,0.39323467230443976,0.18181818181818182,248,207,0,18,473,473,0.12473572938689217,0.7293868921775899,4.010615711252654,m3D1v,0.32558139534883723,0.1331923890063425,0.8668076109936576,0.0,299.2468573446328,2413.572532951224,0.7817796610169492,1.0,38,303,male,22,J40192
3bf7b3c9aa7d93ecb603,11,0.11290322580645161,0.36129032258064514,0.19444444444444445,95,180,0,35,310,310,0.1935483870967742,0.896774193548387,7.214285714285714,m3D1v,0.21935483870967742,0.33225806451612905,0.667741935483871,0.0,329.2940668824164,2774.210538419215,0.7411003236245954,1.0,38,474,male,23,J40192
3c1b9222136b752563f6,11,0.012658227848101266,0.7088607594936709,0.08695652173913043,59,19,0,1,79,79,0.5949367088607594,1.6582278481012658,5.397435897435898,m3D1v,0.34177215189873417,0.34177215189873417,0.6582278481012658,0.0,1682.3358974358973,6802.702096889098,0.6538461538461539,1.0,38,1070,female,19,J57489
3c37e3ad275dcdd39e2c,12,0.058333333333333334,0.075,0.19736842105263158,89,137,0,14,240,240,0.22083333333333333,0.7875,8.20253164556962,y9W5d,0.32916666666666666,0.2,0.8,0.0,451.955439330544,2388.6271662885038,0.7071129707112971,1.0,38,570,male,23,J23517
3c71b62d597098c4cd18,1,0.21008403361344538,0.18487394957983194,0.22857142857142856,49,45,0,25,119,119,0.4369747899159664,1.2857142857142858,5.65546218487395,y9W5d,0.29411764705882354,0.2857142857142857,0.7142857142857143,0.0,841.9830508474575,3210.163405248241,0.6186440677966102,1.0,38,616,male,19,J57489
3c89c7f1db26ae691db8,11,0.1909307875894988,0.10501193317422435,0.3333333333333333,180,159,0,80,419,419,0.15035799522673032,0.6229116945107399,3.714987714987715,m3D1v,0.48687350835322196,0.3412887828162291,0.6587112171837709,0.0,307.84310207336523,1706.8693576440894,0.7200956937799043,1.0,38,9,male,21,J40192
3cic5ziycjx4ik4ll0v1,14,0.09340659340659341,0.26373626373626374,0.6074766355140186,74,91,0,17,182,182,0.29120879120879123,1.1483516483516483,3.893258426966292,m3D1v,0.26373626373626374,0.25274725274725274,0.7472527472527473,0.0,842.3494475138122,1680.9867414282953,0.23204419889502761,0.76,36,185,female,20,J40192
3d63ba961a5f3a60616a,11,0.0625,0.034722222222222224,0.16853932584269662,68,67,0,9,144,144,0.3541666666666667,1.0486111111111112,4.363636363636363,r8S3g,0.4166666666666667,0.5555555555555556,0.4444444444444444,0.0,890.6474358974359,4429.7931606149095,0.7062937062937062,1.0,38,15,male,23,J78901
3dba043eb6065ad3a343,10,0.12307692307692308,0.0,0.15151515151515152,45,12,0,8,65,65,0.13846153846153847,0.18461538461538463,3.7384615384615385,r8S3g,0.9076923076923077,1.0,0.0,0.0,715.2747395833334,3765.8371175359075,0.859375,1.0,8,526,male,19,J23517
3dglsy7ee3ytfq1lpwlv,14,0.22727272727272727,0.3434343434343434,0.6460176991150443,69,84,0,45,198,198,0.2222222222222222,0.8383838383838383,12.153061224489797,m3D1v,0.2878787878787879,0.2777777777777778,0.7222222222222222,0.0,819.6571912013536,1358.2791356713537,0.25380710659898476,0.5714285714285714,37,1253,female,20,J87654
3e4e608ace87fe97bdb5,14,0.010638297872340425,0.30851063829787234,0.2222222222222222,85,101,0,2,188,188,0.25,1.0,40.505434782608695,g7R2j,0.3617021276595745,0.1276595744680851,0.8723404255319149,0.0,616.7804812834224,2956.2533150189493,0.7058823529411765,1.0,38,779,female,21,J23517
3f34e3108d1108dab0fd,11,0.20430107526881722,0.22580645161290322,0.2698412698412698,53,21,0,19,93,93,0.5483870967741935,2.021505376344086,4.956989247311828,y9W5d,0.27956989247311825,0.20430107526881722,0.7956989247311828,0.0,967.0454710144928,2946.2785851540966,0.6195652173913043,1.0,38,518,male,18,J78901
3f55d44d7572d52b2987,11,0.13274336283185842,0.23893805309734514,0.3382352941176471,68,30,0,15,113,113,0.46017699115044247,1.6017699115044248,4.185840707964601,y9W5d,0.2831858407079646,0.25663716814159293,0.7433628318584071,0.0,857.567113095238,2519.8881489265355,0.5178571428571429,1.0,38,237,female,23,J40192
3f81bf9625e47ca1963f,13,0.17197452229299362,0.2356687898089172,0.19230769230769232,38,92,0,27,157,157,0.3248407643312102,0.9617834394904459,3.6601307189542482,y9W5d,0.2611464968152866,0.2229299363057325,0.7770700636942676,0.0,715.3342948717949,3248.9731669205926,0.6730769230769231,1.0,38,567,male,22,J57489
3fee5c27236cbb682727,12,0.023809523809523808,0.031746031746031744,0.2916666666666667,6,117,0,3,126,126,0.373015873015873,0.9682539682539683,2.761904761904762,r8S3g,0.47619047619047616,0.5238095238095238,0.47619047619047616,0.0,267.48133333333334,1644.7627922341092,0.864,1.0,38,195,male,20,J78901
3ff069e95a9047dbfa8b,12,0.2777777777777778,0.28104575163398693,0.27058823529411763,108,112,1,85,306,306,0.2777777777777778,0.9509803921568627,3.4411764705882355,y9W5d,0.2875816993464052,0.3562091503267974,0.6437908496732027,0.0,397.4451366120219,2003.764921791229,0.7868852459016393,1.0,38,311,male,24,J40192
3iz4t53ooerb6sruxf3n,14,0.20382165605095542,0.2484076433121019,0.6565656565656566,63,62,0,32,157,157,0.3375796178343949,1.0573248407643312,3.6233766233766236,m3D1v,0.3057324840764331,0.31210191082802546,0.6878980891719745,0.0,904.5494658119658,1315.201349397385,0.15384615384615385,0.5789473684210527,34,273,female,20,J78901
3lbe8ny12qw7qwcyihpn,14,0.2689655172413793,0.2620689655172414,0.5116279069767442,45,61,0,39,145,145,0.2689655172413793,1.0,9.82638888888889,m3D1v,0.2620689655172414,0.2413793103448276,0.7586206896551724,0.0,1275.0420138888887,2166.501282942999,0.1597222222222222,0.5238095238095238,36,1355,male,19,J78901
3m4gx52iq3mwqdycm8mm,14,0.15979381443298968,0.23711340206185566,0.6571428571428571,75,87,1,31,194,194,0.27319587628865977,1.0721649484536082,3.9375,y9W5d,0.25257731958762886,0.31443298969072164,0.6855670103092784,0.0,773.4816062176166,1625.8003773871396,0.20725388601036268,0.8,36,163,female,23,J40192
3p34idi1traz2k8j0ulk,14,0.12921348314606743,0.21910112359550563,0.6372549019607843,80,75,0,23,178,178,0.24719101123595505,0.8651685393258427,4.0397727272727275,r8S3g,0.24719101123595505,0.4101123595505618,0.5898876404494382,0.0,820.2897363465161,1286.4923936282873,0.22598870056497175,0.68,38,363,female,20,J23517
3qvqfnzdg358mord1cku,14,0.1390728476821192,0.26490066225165565,0.5849056603773585,62,67,1,21,151,151,0.2847682119205298,1.0794701986754967,4.141891891891892,y9W5d,0.2847682119205298,0.271523178807947,0.7284768211920529,0.0,1010.242,1752.7822240843464,0.18666666666666668,0.5454545454545454,38,155,male,22,J78901
3w0b2b1gz9i1nhmtab7s,14,0.18633540372670807,0.2360248447204969,0.6708860759493671,60,66,5,30,161,161,0.2857142857142857,0.9006211180124224,11.941935483870967,m3D1v,0.2360248447204969,0.36024844720496896,0.639751552795031,0.0,706.99,1045.7845514330725,0.175,0.631578947368421,37,645,male,22,J40192
3ywgcurp27qp1fydp27z,12,0.2677595628415301,0.37158469945355194,0.6018518518518519,64,70,0,49,183,183,0.2786885245901639,0.9726775956284153,3.879120879120879,m3D1v,0.28415300546448086,0.3333333333333333,0.6666666666666666,0.0,847.3856227106227,1588.7691204415764,0.17582417582417584,0.6818181818181818,36,464,female,20,J23517
40eb36011ced9a882ea9,11,0.2765957446808511,0.3191489361702128,0.26666666666666666,103,101,0,78,282,282,0.450354609929078,1.7872340425531914,26.00709219858156,g7R2j,0.32269503546099293,0.1453900709219858,0.8546099290780141,0.0,534.7760972716488,2754.8614022729294,0.7544483985765125,1.0,38,1058,male,18,J40192
40rkj6cwy12hdupgq4w2,12,0.1411764705882353,0.3,0.48905109489051096,64,82,0,24,170,170,0.3235294117647059,1.0529411764705883,15.724550898203592,m3D1v,0.2647058823529412,0.2647058823529412,0.7352941176470589,0.0,1159.0983234714004,2256.2058189321037,0.21893491124260356,0.7222222222222222,37,996,female,23,J23517
41126caf1874c098d357,13,0.013157894736842105,0.019736842105263157,0.14814814814814814,37,113,0,2,152,152,0.42105263157894735,1.1578947368421053,4.6644736842105265,m3D1v,0.4144736842105263,0.3026315789473684,0.6973684210526315,0.0,1021.3603752759383,4466.951644337242,0.7549668874172185,1.0,38,1322,male,23,J78901
4130weedl0x9hc7qe5a4,12,0.15384615384615385,0.2802197802197802,0.6767676767676768,75,78,1,28,182,182,0.18681318681318682,0.6978021978021978,11.455555555555556,m3D1v,0.25274725274725274,0.3021978021978022,0.6978021978021978,0.0,778.6458563535912,1291.1925893514128,0.1712707182320442,0.5333333333333333,37,532,male,20,J40192
413cbf664ac3ba8307ea,8,0.16319444444444445,0.4131944444444444,0.2403846153846154,134,107,0,47,288,288,0.22916666666666666,1.0451388888888888,23.98936170212766,y9W5d,0.3333333333333333,0.2569444444444444,0.7430555555555556,0.0,514.7293263646922,2242.8592524606834,0.7177700348432056,1.0,38,473,male,22,J40192
418f4730434eaced55a2,11,0.3076923076923077,0.5384615384615384,0.38461538461538464,46,8,0,24,78,78,0.5769230769230769,1.7307692307692308,4.846153846153846,b3C9s,0.2692307692307692,0.16666666666666666,0.8333333333333334,0.0,704.4132034632034,3795.337697091777,0.5844155844155844,1.0,38,1163,female,22,J78901
41e9ff991a4a21f423a8,14,0.03125,0.16666666666666666,0.32941176470588235,100,86,0,6,192,192,0.375,1.3489583333333333,4.621052631578947,y9W5d,0.3125,0.203125,0.796875,0.0,633.3133507853403,2182.1162225448998,0.5706806282722513,1.0,38,109,female,19,J23517
41f718ae2aed1d6c2573,8,0.13432835820895522,0.2835820895522388,0.19047619047619047,93,23,0,18,134,134,0.34328358208955223,1.0149253731343284,3.3507462686567164,y9W5d,0.26119402985074625,0.373134328358209,0.6268656716417911,0.0,1122.6154135338345,3319.1030881829797,0.6917293233082706,0.9047619047619048,38,102,male,20,J57489
424de2c5e2c1f5652cdc,8,0.20238095238095238,0.3492063492063492,0.2636363636363636,107,94,0,51,252,252,0.19047619047619047,0.7896825396825397,7.23015873015873,r8S3g,0.32142857142857145,0.4642857142857143,0.5357142857142857,0.0,624.9088313413015,2265.702611838967,0.6733067729083665,1.0,38,1130,female,18,J40192
42dd5f9cd9e2c3ac9ed7,12,0.21243523316062177,0.04145077720207254,0.25806451612903225,23,129,0,41,193,193,0.2694300518134715,0.6787564766839378,4.932642487046632,m3D1v,0.32642487046632124,0.37305699481865284,0.6269430051813472,0.0,461.09670138888885,2915.420043029071,0.7760416666666666,1.0,38,519,male,18,J78901
42e83553ca9d77ab4aee,13,0.19680851063829788,0.34574468085106386,0.1836734693877551,71,80,0,37,188,188,0.3351063829787234,1.2234042553191489,3.8882978723404253,b3C9s,0.21808510638297873,0.22872340425531915,0.7712765957446809,0.0,747.1351158645277,3864.7010818974286,0.7058823529411765,1.0,38,398,female,24,J23517
430420fb41fe0a889868,14,0.18,0.36,0.23076923076923078,57,189,0,54,300,300,0.17,1.2133333333333334,3.3780068728522337,m3D1v,0.2733333333333333,0.21,0.79,0.0,371.49609810479376,2478.314196337446,0.7391304347826086,1.0,38,416,female,23,J23517
432fd26823e230070734,14,0.2569832402234637,0.4022346368715084,0.29411764705882354,119,147,0,92,358,358,0.13128491620111732,0.6787709497206704,3.7752808988764044,y9W5d,0.329608938547486,0.19832402234636873,0.8016759776536313,0.0,271.80873015873016,1414.8720540366483,0.7226890756302521,1.0,38,228,male,20,J57489
4388d48ebff4cf866ecd,12,0.0,0.4375,0.10483870967741936,61,51,0,0,112,112,0.25892857142857145,0.9196428571428571,8.098214285714286,m3D1v,0.2767857142857143,0.33035714285714285,0.6696428571428571,0.0,1595.951051051051,8928.912305849288,0.6936936936936937,0.7368421052631579,36,925,male,24,J57489
43d34a076620e32fedfa,12,0.08178438661710037,0.30855018587360594,0.25333333333333335,139,108,0,22,269,269,0.241635687732342,0.7955390334572491,7.929411764705883,m3D1v,0.3345724907063197,0.26394052044609667,0.7360594795539034,0.0,398.39284825870647,2007.9025333462487,0.6977611940298507,1.0,38,617,male,18,J78901
43d98a750c726bb39d11,15,0.036585365853658534,0.5975609756097561,0.18947368421052632,58,100,0,6,164,164,0.3475609756097561,1.329268292682927,9.390243902439025,y9W5d,0.2682926829268293,0.1402439024390244,0.8597560975609756,0.0,830.5343558282208,3145.453471751735,0.6441717791411042,1.0,38,1018,male,21,J40192
43vri1lqbgiiwbkaskqd,11,0.225,0.2875,0.4852941176470588,66,56,2,36,160,160,0.29375,0.96875,9.05625,m3D1v,0.2625,0.28125,0.71875,0.0,1228.1540880503146,2210.6951802478047,0.20754716981132076,0.7142857142857143,37,1017,female,20,J87654
446d2ad0ca2908ffa4f9,14,0.19444444444444445,0.3611111111111111,0.14035087719298245,20,38,0,14,72,72,0.6527777777777778,1.7361111111111112,4.25,m3D1v,0.3333333333333333,0.2222222222222222,0.7777777777777778,0.0,1135.543896713615,4732.903752929482,0.647887323943662,1.0,38,247,female,18,J87654
4474f24ef69e01e2c001,15,0.046511627906976744,0.05813953488372093,0.08888888888888889,15,67,0,4,86,86,0.20930232558139536,0.4186046511627907,3.3488372093023258,r8S3g,0.5,0.872093023255814,0.12790697674418605,0.0,1501.0076470588235,9332.646786134805,0.6705882352941176,0.9166666666666666,14,478,male,22,J87654
4478eae73fb84cedb102,15,0.2111801242236025,0.16149068322981366,0.30666666666666664,92,162,0,68,322,322,0.14906832298136646,0.5372670807453416,10.365771812080537,y9W5d,0.35403726708074534,0.2701863354037267,0.7298136645962733,0.0,331.6113187954309,1478.7887834821902,0.778816199376947,1.0,38,575,male,18,J78901
44x159fl0pw2uucriuga,12,0.16666666666666666,0.3218390804597701,0.6018518518518519,78,67,0,29,174,174,0.27586206896551724,1.1091954022988506,3.9069767441860463,m3D1v,0.25287356321839083,0.29310344827586204,0.7068965517241379,0.0,890.4429672447014,1574.9714258032027,0.21965317919075145,0.5769230769230769,38,288,male,18,J78901
451b0095938a3c54efc4,12,0.017964071856287425,0.041916167664670656,0.14473684210526316,83,81,0,3,167,167,0.2874251497005988,0.9880239520958084,15.120481927710843,y9W5d,0.40119760479041916,0.08982035928143713,0.9101796407185628,0.0,650.8665662650602,4069.734034608753,0.7289156626506024,1.0,38,946,male,24,J78901
453d43b3f6bdf467e672,13,0.11650485436893204,0.20388349514563106,0.35,144,129,0,36,309,309,0.2912621359223301,1.3786407766990292,3.8990228013029316,y9W5d,0.2686084142394822,0.23948220064724918,0.7605177993527508,0.0,463.6122294372295,2086.9067790651147,0.672077922077922,1.0,38,314,female,20,J40192
454c91e8f96c1dc4e994,5,0.21511627906976744,0.39825581395348836,0.22826086956521738,119,151,0,74,344,344,0.14244186046511628,0.6715116279069767,4.618768328445748,m3D1v,0.29651162790697677,0.4186046511627907,0.5813953488372093,0.0,383.32930029154517,2779.580801364059,0.7405247813411079,1.0,38,429,male,21,J78901
45b6cc87a7e957f83027,12,0.2,0.2571428571428571,0.27450980392156865,56,84,0,35,175,175,0.4228571428571429,1.782857142857143,19.685714285714287,g7R2j,0.3028571428571429,0.12,0.88,0.0,416.1993295019157,2200.722701019696,0.5977011494252874,1.0,38,1053,female,21,J57489
460fa4961434cf281423,14,0.2,0.15384615384615385,0.31958762886597936,78,78,0,39,195,195,0.2358974358974359,1.0564102564102564,5.248648648648649,y9W5d,0.4,0.1794871794871795,0.8205128205128205,0.0,715.1436426116838,2215.3610465974803,0.6134020618556701,1.0,38,122,female,21,J23517
46a7a18ca160c829a15f,14,0.2457627118644068,0.3474576271186441,0.43859649122807015,131,136,0,87,354,354,0.1384180790960452,0.6384180790960452,3.545722713864307,g7R2j,0.2768361581920904,0.2796610169491525,0.7203389830508474,0.0,226.63734655335222,1321.1027032831128,0.7223796033994334,1.0,38,242,female,20,J40192
46e2d5243b6eef040f97,15,0.23622047244094488,0.5275590551181102,0.2692307692307692,39,58,0,30,127,127,0.3700787401574803,1.4015748031496063,5.393700787401575,y9W5d,0.4251968503937008,0.13385826771653545,0.8661417322834646,0.0,877.573544973545,3428.0839983312153,0.5555555555555556,1.0,38,571,female,20,J78901
4738a118c8b8fa271fd6,13,0.4258064516129032,0.18064516129032257,0.17307692307692307,28,61,0,66,155,155,0.36774193548387096,1.064516129032258,3.810457516339869,m3D1v,0.2903225806451613,0.4129032258064516,0.5870967741935483,0.0,963.7767316017315,3457.2872272854925,0.7012987012987013,1.0,38,408,male,21,J57489
47b08a7751ab609be9e5,15,0.16101694915254236,0.423728813559322,0.10294117647058823,43,56,0,19,118,118,0.3728813559322034,1.0423728813559323,3.8869565217391306,m3D1v,0.2966101694915254,0.4152542372881356,0.5847457627118644,0.0,829.1719373219373,5872.33167953306,0.8974358974358975,1.0,38,1245,male,19,J23517
47eeab842793b09300c3,5,0.44148936170212766,0.11702127659574468,0.18018018018018017,56,49,0,83,188,188,0.2978723404255319,0.8723404255319149,3.752688172043011,m3D1v,0.39361702127659576,0.26063829787234044,0.7393617021276596,0.0,846.8912655971479,3508.5163325966055,0.7754010695187166,1.0,38,4,female,21,J78901
47vclaej1xmb0rc8kgka,14,0.25280898876404495,0.15730337078651685,0.6036036036036037,71,61,1,45,178,178,0.21348314606741572,0.7303370786516854,3.796511627906977,m3D1v,0.2247191011235955,0.33707865168539325,0.6629213483146067,0.0,895.2081920903954,1761.565696550731,0.1977401129943503,0.5454545454545454,38,87,female,18,J23517
4884f3bdc068ef01e042,3,0.3995584988962472,0.7792494481236203,0.14457831325301204,98,174,0,181,453,453,0.141280353200883,0.6975717439293598,20.58876404494382,m3D1v,0.31567328918322296,0.271523178807947,0.7284768211920529,0.0,261.0219764011799,3266.1437882891537,0.8053097345132744,1.0,38,949,male,24,J23517
488934d01a504bc212b4,10,0.30625,0.4125,0.35,71,40,0,49,160,160,0.2875,1.00625,3.43125,m3D1v,0.33125,0.24375,0.75625,0.0,533.2535639412997,1744.9568528162665,0.5723270440251572,1.0,38,50,female,23,J23517
488fc49e8fccd665c3e2,11,0.32723577235772355,0.3048780487804878,0.24770642201834864,145,186,0,161,492,492,0.08943089430894309,0.42073170731707316,3.455852156057495,m3D1v,0.35365853658536583,0.3475609756097561,0.6524390243902439,0.0,316.8418533604888,2132.3071929126686,0.8370672097759674,1.0,38,385,male,20,J57489
48a71a6a5a15e31084e3,13,0.11805555555555555,0.3263888888888889,0.19047619047619047,17,110,0,17,144,144,0.3402777777777778,1.0486111111111112,4.612676056338028,m3D1v,0.2916666666666667,0.2222222222222222,0.7777777777777778,0.0,839.7947552447553,3714.5877216352137,0.6573426573426573,1.0,38,1041,male,21,J87654
48a96425072cefa0dc69,5,0.22404371584699453,0.3005464480874317,0.16161616161616163,74,66,2,41,183,183,0.2459016393442623,1.0710382513661203,28.244444444444444,m3D1v,0.28415300546448086,0.1912568306010929,0.8087431693989071,0.0,777.5444139194138,3871.594999362969,0.5989010989010989,1.0,38,1071,female,22,J40192
48ad93c227abfa9542aa,10,0.06572769953051644,0.0,0.1206896551724138,176,23,0,14,213,213,0.23943661971830985,0.9389671361502347,7.896713615023474,t5V9e,0.2863849765258216,0.4788732394366197,0.5211267605633803,0.0,385.0629716981132,2743.4464156774106,0.8867924528301887,1.0,38,964,female,24,J40192
498121d2486259ef1b3a,10,0.007575757575757576,0.19318181818181818,0.23333333333333334,141,121,0,2,264,264,0.2159090909090909,0.6818181818181818,4.423529411764706,y9W5d,0.24242424242424243,0.2878787878787879,0.7121212121212122,0.0,323.6860583016477,1912.1813632034002,0.7604562737642585,1.0,38,1160,male,24,J57489
49a91a4dce6838ffcbcd,14,0.22272727272727272,0.41363636363636364,0.2553191489361702,30,141,0,49,220,220,0.34545454545454546,0.8909090909090909,18.368181818181817,t5V9e,0.3090909090909091,0.5681818181818182,0.4318181818181818,0.0,609.908599695586,2989.904605974851,0.6301369863013698,1.0,38,1157,male,19,J87654
49b95110a8c59f6b6c58,12,0.12098765432098765,0.4,0.21153846153846154,192,164,0,49,405,405,0.1506172839506173,0.562962962962963,12.50257731958763,y9W5d,0.2518518518518518,0.19753086419753085,0.8024691358024691,0.0,367.4656353135314,3036.7573415579946,0.7797029702970297,1.0,38,944,female,23,J57489
49ef48443e09f8be12f6,15,0.19863013698630136,0.0,0.13636363636363635,50,67,0,29,146,146,0.3150684931506849,1.273972602739726,34.94444444444444,m3D1v,0.2602739726027397,0.136986301369863,0.863013698630137,0.0,866.8511494252873,4870.93360928632,0.7034482758620689,1.0,38,1034,female,23,J23517
4a0890c15c26984c191f,13,0.16535433070866143,0.2637795275590551,0.2413793103448276,92,120,0,42,254,254,0.2125984251968504,0.7913385826771654,4.480314960629921,r8S3g,0.22440944881889763,0.36220472440944884,0.6377952755905512,0.0,488.1625164690382,2639.7876605438146,0.7509881422924901,1.0,38,969,female,22,J87654
4a6e1cf1e4e9d8f54717,14,0.0,0.0,0.08,27,43,0,0,70,70,0.6571428571428571,1.9714285714285715,4.557142857142857,y9W5d,0.24285714285714285,0.2571428571428571,0.7428571428571429,0.0,1022.8833333333333,5896.930255989404,0.7246376811594203,1.0,38,319,male,18,J40192
4aa8ff74dc576b7adbcd,10,0.2596685082872928,0.049723756906077346,0.1978021978021978,161,107,0,94,362,362,0.3784530386740331,1.4585635359116023,4.685236768802229,y9W5d,0.4116022099447514,0.212707182320442,0.787292817679558,0.0,358.1678208679594,3121.987157904617,0.7285318559556787,1.0,38,765,male,21,J87654
4acutl013itvh9va99p7,14,0.18791946308724833,0.28859060402684567,0.5233644859813084,52,67,2,28,149,149,0.30201342281879195,1.087248322147651,4.027027027027027,y9W5d,0.2483221476510067,0.3221476510067114,0.6778523489932886,0.0,1030.7265765765765,2164.4172109256137,0.18243243243243243,0.5652173913043478,34,170,female,20,J78901
4atjmlccken75lck9ffp,12,0.23404255319148937,0.24113475177304963,0.6455696202531646,57,48,3,33,141,141,0.20567375886524822,0.8226950354609929,10.070921985815604,y9W5d,0.24822695035460993,0.3049645390070922,0.6950354609929078,0.0,807.390357142857,1509.20057648949,0.2,0.55,34,647,female,21,J87654
4bceaffe5e429ed3333b,14,0.45454545454545453,0.1717171717171717,0.14953271028037382,11,43,0,45,99,99,0.4444444444444444,1.2222222222222223,3.5670103092783507,m3D1v,0.26262626262626265,0.37373737373737376,0.6262626262626263,0.0,1558.0285714285715,6229.60040302267,0.5306122448979592,1.0,38,392,male,20,J40192
4c26df96293b4a52bc03,5,0.4810810810810811,0.4594594594594595,0.19811320754716982,40,56,0,89,185,185,0.24324324324324326,0.8648648648648649,3.427027027027027,r8S3g,0.3837837837837838,0.4972972972972973,0.5027027027027027,0.0,824.9076086956521,3113.139172524099,0.6902173913043478,1.0,38,395,female,20,J40192
4c90f16c0fcd85d3de25,2,0.36610878661087864,0.2615062761506276,0.18181818181818182,155,148,0,175,478,478,0.10251046025104603,0.5209205020920502,3.6901709401709404,m3D1v,0.32426778242677823,0.23430962343096234,0.7656903765690377,0.0,264.02218728162126,2483.610068698651,0.7232704402515723,1.0,38,189,male,18,J57489
4ca5c8ea55be09213d14,15,0.0,0.41935483870967744,0.14285714285714285,69,86,0,0,155,155,0.34838709677419355,0.9806451612903225,6.7935483870967746,m3D1v,0.27741935483870966,0.3548387096774194,0.6451612903225806,0.0,777.212987012987,3664.90038610711,0.7662337662337663,1.0,38,1075,male,21,J40192
4cc0dc56eecea1d928d1,11,0.21348314606741572,0.1348314606741573,0.1744186046511628,70,70,0,38,178,178,0.33146067415730335,1.0224719101123596,3.730337078651685,m3D1v,0.2640449438202247,0.5,0.5,0.0,692.9709039548022,4078.4278421312697,0.7740112994350282,1.0,38,492,male,21,J87654
4dfdfa5e1a04c832b9b4,10,0.24770642201834864,0.4288990825688073,0.21904761904761905,213,115,0,108,436,436,0.268348623853211,1.139908256880734,6.448275862068965,m3D1v,0.2591743119266055,0.25229357798165136,0.7477064220183486,0.0,341.62283524904217,2610.520412417879,0.7908045977011494,1.0,38,470,male,24,J23517
4e4bb1f26e34ca0a13dc,4,0.3333333333333333,0.3333333333333333,0.8,42,62,0,52,156,156,0.2948717948717949,1.0192307692307692,3.980769230769231,y9W5d,0.38461538461538464,0.26282051282051283,0.7371794871794872,0.0,79.65881720430109,353.8323631666001,0.6258064516129033,1.0,38,1236,male,23,J23517
4e508744a9816cc4586a,10,0.0,0.0,0.07575757575757576,88,11,0,0,99,99,0.4444444444444444,1.2222222222222223,3.4444444444444446,r8S3g,0.26262626262626265,0.37373737373737376,0.6262626262626263,0.0,955.0377551020408,6368.389158111317,0.8877551020408163,1.0,38,530,female,19,J57489
4e693829528e3e7de62a,12,0.24921135646687698,0.22292323869610936,0.4019607843137255,381,317,16,237,951,951,0.3491062039957939,1.1503680336487907,8.46774193548387,y9W5d,0.31125131440588855,0.20294426919032596,0.7970557308096741,0.0,153.25850877192983,1206.7189616071544,0.7642105263157895,1.0,38,764,male,22,J87654
4e768251c78b687fa993,5,0.3333333333333333,0.47017543859649125,0.3018867924528302,91,99,0,95,285,285,0.19649122807017544,0.7964912280701755,3.6,m3D1v,0.3929824561403509,0.3087719298245614,0.6912280701754386,0.0,531.5008802816901,2256.528132115543,0.6514084507042254,1.0,38,405,female,18,J57489
4edfd2e1b7c5c5d1d384,7,0.21348314606741572,0.0,0.13114754098360656,63,7,0,19,89,89,0.4044943820224719,1.1910112359550562,4.168539325842697,r8S3g,0.2808988764044944,0.449438202247191,0.550561797752809,0.0,1983.665340909091,6250.768863346615,0.6022727272727273,0.6666666666666666,36,1024,female,19,J87654
4ewf46mylf75olvvihqj,12,0.21341463414634146,0.15853658536585366,0.6875,55,74,0,35,164,164,0.23780487804878048,0.9329268292682927,13.877300613496933,y9W5d,0.27439024390243905,0.2804878048780488,0.7195121951219512,0.0,702.9017382413089,1120.1682281931617,0.2331288343558282,0.5217391304347826,36,630,male,18,J87654
4fl8e5s0nf65bm2m34f0,12,0.2073170731707317,0.3475609756097561,0.5596330275229358,62,68,0,34,164,164,0.2621951219512195,0.9024390243902439,3.7791411042944785,m3D1v,0.2682926829268293,0.34146341463414637,0.6585365853658537,0.0,955.2551124744376,1908.514981674361,0.20245398773006135,0.6551724137931034,37,278,male,20,J57489
4glo109mkgy7azntyttp,14,0.17307692307692307,0.32051282051282054,0.6206896551724138,47,82,0,27,156,156,0.3141025641025641,1.0384615384615385,3.529032258064516,m3D1v,0.3076923076923077,0.30128205128205127,0.6987179487179487,0.0,800.251935483871,1238.8846854176797,0.21935483870967742,0.631578947368421,36,279,male,24,J87654
4i0t5tq7o78lvc1zglgr,11,0.15172413793103448,0.2896551724137931,0.4696969696969697,70,53,0,22,145,145,0.19310344827586207,0.8137931034482758,7.636363636363637,m3D1v,0.27586206896551724,0.2482758620689655,0.7517241379310344,0.0,1313.3501157407406,2222.470468217708,0.2222222222222222,0.44,35,1185,male,19,J78901
4nun1ah7qw10q705a2aq,11,0.25625,0.16875,0.5503875968992248,57,62,0,41,160,160,0.3125,1.0125,13.975,r8S3g,0.26875,0.4,0.6,0.0,1158.0026205450733,2236.9797989937147,0.18867924528301888,0.5909090909090909,36,1347,male,22,J87654
4oqxw56hzk4fk8aqh3e0,12,0.19760479041916168,0.2155688622754491,0.7,53,78,3,33,167,167,0.20958083832335328,0.8323353293413174,11.421686746987952,y9W5d,0.2694610778443114,0.2155688622754491,0.7844311377245509,0.0,687.2440763052208,1248.603805964651,0.21686746987951808,0.625,37,656,female,24,J40192
4v5xbvn3yhmvs97477pc,14,0.14545454545454545,0.42424242424242425,0.5185185185185185,63,78,0,24,165,165,0.24848484848484848,0.8787878787878788,4.280487804878049,r8S3g,0.24848484848484848,0.41818181818181815,0.5818181818181818,0.0,939.990243902439,1705.7541005771207,0.25609756097560976,0.47368421052631576,37,446,female,18,J78901
4vnvytgnlmv4jbfw9h3t,14,0.17218543046357615,0.2251655629139073,0.6407766990291263,58,67,0,26,151,151,0.33112582781456956,1.119205298013245,3.9,y9W5d,0.25165562913907286,0.33774834437086093,0.6622516556291391,0.0,977.8154444444444,1403.2572103399223,0.17333333333333334,0.6785714285714286,37,377,female,22,J23517
4x441h9y6wzknmtdw7q4,11,0.17058823529411765,0.22941176470588234,0.5614035087719298,78,61,2,29,170,170,0.29411764705882354,0.9705882352941176,7.57396449704142,m3D1v,0.23529411764705882,0.40588235294117647,0.5941176470588235,0.0,963.1267258382643,2029.8372410718368,0.1834319526627219,0.5416666666666666,35,538,female,23,J40192
4xh67ezjc331pg9q3kfv,14,0.16666666666666666,0.22777777777777777,0.6458333333333334,68,82,0,30,180,180,0.21666666666666667,0.8277777777777777,3.9329608938547485,m3D1v,0.23333333333333334,0.2833333333333333,0.7166666666666667,0.0,765.3719739292366,1338.268031611487,0.2122905027932961,0.5666666666666667,35,293,female,21,J87654
4y1vvkscejq34042oag4,15,0.20261437908496732,0.38562091503267976,0.5321100917431193,51,71,0,31,153,153,0.2549019607843137,0.9673202614379085,3.6133333333333333,m3D1v,0.2679738562091503,0.3006535947712418,0.6993464052287581,0.0,1025.786513157895,1693.8979589594344,0.18421052631578946,0.42857142857142855,35,437,female,24,J57489
4ycyhj8tyx2b17fcx29j,9,0.26737967914438504,0.1711229946524064,0.5196078431372549,79,55,3,50,187,187,0.22459893048128343,0.8449197860962567,7.983695652173913,y9W5d,0.2727272727272727,0.2994652406417112,0.7005347593582888,0.0,782.1064516129032,1661.1871769505863,0.22043010752688172,0.4583333333333333,38,808,male,18,J57489
504278569f7c6dff25e3,14,0.03333333333333333,0.23333333333333334,0.3770491803278688,38,49,0,3,90,90,0.6666666666666666,2.1666666666666665,23.10112359550562,y9W5d,0.3,0.1111111111111111,0.8888888888888888,0.0,971.0043071161049,2402.2929107863156,0.449438202247191,1.0,37,1057,female,20,J78901
50673b01fd2b0c765572,12,0.03292181069958848,0.3662551440329218,0.2926829268292683,97,138,0,8,243,243,0.24691358024691357,0.6584362139917695,8.331914893617022,m3D1v,0.3045267489711934,0.4074074074074074,0.5925925925925926,0.0,483.27355371900825,2274.860403198801,0.7148760330578512,1.0,38,1065,male,24,J40192
50fec4ca4283ad18c000,14,0.14207650273224043,0.41530054644808745,0.27906976744186046,44,113,0,26,183,183,0.41530054644808745,1.53551912568306,4.355191256830601,y9W5d,0.39344262295081966,0.12021857923497267,0.8797814207650273,0.0,670.203663003663,2431.625993829272,0.6098901098901099,1.0,38,100,female,23,J23517
522837ace4fd8dd743f2,15,0.18118948824343015,0.33195020746887965,0.45454545454545453,307,285,0,131,723,723,0.07745504840940526,0.4287690179806362,24.865248226950353,m3D1v,0.27247579529737204,0.15352697095435686,0.8464730290456431,0.0,151.99432132963992,945.2213748329646,0.8060941828254847,1.0,38,484,male,24,J23517
52a24e35d5356ab34a2e,1,0.5213675213675214,0.12393162393162394,0.20481927710843373,80,32,0,122,234,234,0.24358974358974358,0.7521367521367521,15.247863247863247,m3D1v,0.32905982905982906,0.3034188034188034,0.6965811965811965,0.0,507.46187410586555,2732.2372042844695,0.7811158798283262,1.0,38,504,male,23,J23517
52d965ebf3ec0518bc0f,14,0.19090909090909092,0.0,1.0,0,89,0,21,110,110,0.4090909090909091,1.0818181818181818,3.7181818181818183,r8S3g,0.35454545454545455,0.5454545454545454,0.45454545454545453,0.0,27.149082568807337,208.56871443513722,0.8532110091743119,1.0,38,259,male,24,J23517
52f1bca9ac9c792e4457,13,0.2345679012345679,0.24691358024691357,0.27586206896551724,7,117,0,38,162,162,0.2716049382716049,0.7530864197530864,4.11875,m3D1v,0.2962962962962963,0.32098765432098764,0.6790123456790124,0.0,249.58923395445134,2335.4173679900896,0.8385093167701864,1.0,38,198,female,23,J23517
52f4899e918b57df28da,2,0.4774774774774775,0.02702702702702703,0.625,46,12,0,53,111,111,0.4144144144144144,1.3423423423423424,6.63063063063063,g7R2j,0.25225225225225223,0.22522522522522523,0.7747747747747747,0.0,301.83590909090907,817.6757168252957,0.4909090909090909,1.0,38,254,female,23,J78901
533bc4c6716035e694ac,13,0.2727272727272727,0.4069264069264069,0.23529411764705882,9,159,0,63,231,231,0.24242424242424243,0.683982683982684,12.20524017467249,y9W5d,0.33766233766233766,0.27705627705627706,0.7229437229437229,0.0,205.5622463768116,2484.9753815540453,0.8130434782608695,1.0,38,938,male,24,J87654
539911ee11c1b2aaeb88,13,0.16748768472906403,0.14285714285714285,0.17054263565891473,97,72,0,34,203,203,0.27586206896551724,0.812807881773399,9.959183673469388,m3D1v,0.270935960591133,0.31527093596059114,0.6847290640394089,0.0,912.0772277227722,3849.693349579582,0.6485148514851485,1.0,38,1289,female,18,J78901
545eb6c8154273344669,14,0.2838983050847458,0.1271186440677966,0.2857142857142857,66,103,0,67,236,236,0.2330508474576271,0.7711864406779662,3.5021459227467813,y9W5d,0.3305084745762712,0.23728813559322035,0.7627118644067796,0.0,551.7455319148936,2520.1348843175933,0.6425531914893617,1.0,38,51,male,19,J57489
5479f88afb95288d6392,14,0.14960629921259844,0.07874015748031496,0.2072072072072072,26,82,0,19,127,127,0.3543307086614173,1.4566929133858268,4.425196850393701,y9W5d,0.4330708661417323,0.11023622047244094,0.889763779527559,0.0,1257.6886243386243,3533.5440020804112,0.5714285714285714,1.0,38,1131,male,23,J87654
54826f4abf592713d585,14,0.1864406779661017,0.12994350282485875,0.22727272727272727,58,86,0,33,177,177,0.3220338983050847,1.2598870056497176,5.943502824858757,m3D1v,0.2542372881355932,0.23163841807909605,0.768361581920904,0.0,709.2182765151515,3700.980974436192,0.5909090909090909,1.0,38,32,female,19,J57489
54f91ccb08cbece520da,5,0.3055555555555556,0.28888888888888886,0.25,91,31,3,55,180,180,0.2611111111111111,1.0888888888888888,33.44444444444444,g7R2j,0.25,0.29444444444444445,0.7055555555555556,0.0,702.3149906890131,2562.3997665912243,0.6089385474860335,1.0,38,1050,male,24,J57489
552365f82674884bcaaa,10,0.12643678160919541,0.26436781609195403,0.13186813186813187,59,17,0,11,87,87,0.5402298850574713,1.5402298850574712,9.19767441860465,r8S3g,0.21839080459770116,0.40229885057471265,0.5977011494252874,0.0,1509.4155038759689,5598.808061535973,0.627906976744186,1.0,38,1151,female,23,J40192
553l2g7kpifbvn82knxk,14,0.18604651162790697,0.25,0.6979166666666666,69,71,0,32,172,172,0.313953488372093,1.1627906976744187,4.047904191616767,y9W5d,0.26744186046511625,0.27325581395348836,0.7267441860465116,0.0,797.7185185185185,1380.7558050767293,0.1871345029239766,0.7727272727272727,36,159,male,21,J57489
55a47a152d359522e38d,12,0.22310756972111553,0.11553784860557768,0.21487603305785125,79,116,0,56,251,251,0.21912350597609562,0.9920318725099602,21.9800796812749,g7R2j,0.32669322709163345,0.11553784860557768,0.8844621513944223,0.0,693.9546666666666,3937.413098717685,0.624,1.0,38,1326,male,19,J87654
57709f904b1cc9ec60b1,6,0.27350427350427353,0.23504273504273504,0.5072463768115942,89,81,0,64,234,234,0.20512820512820512,0.8717948717948718,3.064935064935065,y9W5d,0.27350427350427353,0.2948717948717949,0.7051282051282052,0.0,421.1453505007153,1270.223528290732,0.45493562231759654,1.0,38,16,female,20,J40192
57c33a6126c456c5ada8,13,0.12269938650306748,0.294478527607362,0.25925925925925924,57,86,0,20,163,163,0.2331288343558282,0.6012269938650306,4.15527950310559,r8S3g,0.4233128834355828,0.5950920245398773,0.4049079754601227,0.0,234.1175925925926,1745.8979086317051,0.8209876543209876,0.7333333333333333,38,243,female,24,J78901
57f84519c468df122d69,14,0.3055555555555556,0.3125,0.27358490566037735,24,76,0,44,144,144,0.3263888888888889,1.0833333333333333,25.006993006993007,r8S3g,0.3125,0.3958333333333333,0.6041666666666666,0.0,1053.2954545454545,3235.3144068347824,0.5594405594405595,1.0,38,1210,male,22,J78901
580e98185da72b5f34cd,11,0.27450980392156865,0.06753812636165578,0.2222222222222222,267,66,0,126,459,459,0.11764705882352941,0.8823529411764706,5.151111111111111,y9W5d,0.26143790849673204,0.20697167755991286,0.7930283224400871,0.0,308.5747452692868,2044.4362162458935,0.7947598253275109,1.0,38,55,male,20,J23517
58n0dsxyyqnriomw67id,8,0.1511627906976744,0.27325581395348836,0.5981308411214953,73,72,1,26,172,172,0.27906976744186046,1.0348837209302326,4.029411764705882,y9W5d,0.23255813953488372,0.313953488372093,0.686046511627907,0.0,895.1961013645225,1591.6515028292358,0.1871345029239766,0.5714285714285714,36,160,female,22,J87654
58widcj6smafuwyqxw2m,14,0.11695906432748537,0.36257309941520466,0.52,62,88,1,20,171,171,0.3333333333333333,1.2456140350877194,8.976470588235294,y9W5d,0.25146198830409355,0.30409356725146197,0.695906432748538,0.0,1050.480882352941,2430.5311120269116,0.2,0.7894736842105263,35,1085,female,18,J40192
5914db0d4427b322e8af,11,0.0,0.3691275167785235,0.22413793103448276,78,71,0,0,149,149,0.15436241610738255,0.47651006711409394,4.677852348993288,m3D1v,0.38926174496644295,0.5906040268456376,0.40939597315436244,0.0,555.4079954954955,2927.875257430605,0.7027027027027027,0.8461538461538461,21,957,female,24,J57489
5a44a7c59729d41d596a,14,0.057692307692307696,0.0,0.42857142857142855,16,33,0,3,52,52,0.3076923076923077,0.6346153846153846,3.36,r8S3g,0.46153846153846156,0.8269230769230769,0.17307692307692307,0.0,175.12091503267976,1111.370084714474,0.8235294117647058,1.0,10,515,female,22,J57489
5a8cce5abee961fc77f3,14,0.04929577464788732,0.15492957746478872,0.27710843373493976,35,100,0,7,142,142,0.33098591549295775,1.1971830985915493,3.5422535211267605,m3D1v,0.21830985915492956,0.30985915492957744,0.6901408450704225,0.0,839.2791962174941,2602.8654141295983,0.48936170212765956,1.0,38,131,male,20,J40192
5abcc9d4fb5e764b2f6f,11,0.20846905537459284,0.13355048859934854,0.2235294117647059,118,125,0,64,307,307,0.18892508143322476,0.7785016286644951,7.678688524590164,m3D1v,0.24104234527687296,0.42671009771986973,0.5732899022801303,0.0,394.9693355119826,2750.590870545886,0.7450980392156863,0.9,38,505,female,22,J23517
5b5ef66e547d63806a56,14,0.3129973474801061,0.002652519893899204,0.22784810126582278,126,133,0,118,377,377,0.1273209549071618,0.6790450928381963,3.845528455284553,m3D1v,0.29708222811671087,0.33156498673740054,0.6684350132625995,0.0,300.52734929078014,2328.924658768111,0.7606382978723404,1.0,38,234,female,21,J78901
5bdad002590327215ae0,12,0.2815533980582524,0.1941747572815534,0.18095238095238095,21,53,0,29,103,103,0.5048543689320388,1.8737864077669903,5.388349514563107,m3D1v,0.30097087378640774,0.11650485436893204,0.883495145631068,0.0,1474.8441176470587,4352.707255673807,0.4803921568627451,1.0,38,1314,male,20,J78901
5be7405ad4ae9d9a2853,11,0.030927835051546393,0.23195876288659795,0.14516129032258066,160,28,0,6,194,194,0.31958762886597936,0.9484536082474226,6.026041666666667,m3D1v,0.4175257731958763,0.3917525773195876,0.6082474226804123,0.0,454.7843696027634,3537.075732444871,0.8290155440414507,0.8823529411764706,38,980,female,21,J87654
5c33bb784bb99763ed74,14,0.125,0.32065217391304346,0.1935483870967742,66,95,0,23,184,184,0.29891304347826086,1.233695652173913,3.5869565217391304,y9W5d,0.30434782608695654,0.2717391304347826,0.7282608695652174,0.0,724.3914389799635,4367.516751224998,0.7814207650273224,1.0,38,138,male,22,J40192
5cda8273b348fbda9f29,10,0.3675496688741722,0.10264900662251655,0.2054794520547945,138,53,0,111,302,302,0.23178807947019867,1.0529801324503312,33.056478405315616,y9W5d,0.2947019867549669,0.24503311258278146,0.7549668874172185,0.0,343.2889811738649,2698.408902114121,0.760797342192691,1.0,38,522,female,20,J40192
5d16326e4577a67d94c6,12,0.06857142857142857,0.49714285714285716,0.21052631578947367,91,72,0,12,175,175,0.32571428571428573,0.9142857142857143,4.085714285714285,r8S3g,0.2857142857142857,0.45714285714285713,0.5428571428571428,0.0,780.7704980842913,2940.49189764681,0.6264367816091954,1.0,38,1019,female,21,J40192
5d2379fb72082166dee3,6,0.22023809523809523,0.5416666666666666,0.1320754716981132,51,80,0,37,168,168,0.2976190476190476,0.8273809523809523,4.113095238095238,m3D1v,0.30952380952380953,0.30952380952380953,0.6904761904761905,0.0,904.8702594810379,5257.260999173819,0.7365269461077845,1.0,38,1208,male,19,J40192
5d580a610c7f8114eb5c,14,0.10784313725490197,0.28431372549019607,0.32,45,46,0,11,102,102,0.45098039215686275,1.5098039215686274,3.823529411764706,y9W5d,0.27450980392156865,0.29411764705882354,0.7058823529411765,0.0,1055.9902640264027,2821.467829401203,0.45544554455445546,1.0,38,137,female,24,J23517
5d89810b20079366fcc2,6,0.35802469135802467,0.1728395061728395,0.07228915662650602,38,14,0,29,81,81,0.5679012345679012,1.4814814814814814,3.185185185185185,r8S3g,0.4074074074074074,0.4691358024691358,0.5308641975308642,0.0,1483.0658333333333,7171.388940370194,0.9125,1.0,36,3,female,23,J87654
5dmn9cwdf4l1snqfjw1p,11,0.1597222222222222,0.22916666666666666,0.5042016806722689,60,61,0,23,144,144,0.2222222222222222,0.7222222222222222,10.489208633093526,y9W5d,0.2638888888888889,0.2986111111111111,0.7013888888888888,0.0,1192.7073426573427,2273.9926203307145,0.18181818181818182,0.36363636363636365,35,1202,male,24,J57489
5e29473eb1e80fde79a0,15,0.4096774193548387,0.11612903225806452,0.24793388429752067,27,156,0,127,310,310,0.18387096774193548,0.4870967741935484,7.49,r8S3g,0.3709677419354839,0.632258064516129,0.36774193548387096,0.0,561.5106796116505,2480.5877640226818,0.7896440129449838,1.0,38,1309,female,19,J40192
5e89fad73b2ada2a30bf,7,0.03333333333333333,0.2714285714285714,0.22972972972972974,104,99,0,7,210,210,0.23333333333333334,0.7380952380952381,4.419047619047619,r8S3g,0.4238095238095238,0.6238095238095238,0.3761904761904762,0.0,505.3657097288676,2898.518657041575,0.7464114832535885,1.0,38,610,female,21,J57489
5ez4c53h3kdamnlvkpna,14,0.16363636363636364,0.14545454545454545,0.6753246753246753,63,73,2,27,165,165,0.24242424242424243,0.9090909090909091,9.158536585365853,y9W5d,0.32727272727272727,0.24848484848484848,0.7515151515151515,0.0,673.0177845528455,1029.384960370239,0.23170731707317074,0.4782608695652174,37,652,male,23,J40192
5f55600069b483f999f5,11,0.030959752321981424,0.44891640866873067,0.2558139534883721,173,140,0,10,323,323,0.14241486068111456,0.4148606811145511,3.2569659442724457,r8S3g,0.3622291021671827,0.5913312693498453,0.4086687306501548,0.0,187.62148033126292,1439.4690132303344,0.922360248447205,1.0,38,192,female,21,J23517
5f7b406b2bbf9789735f,11,0.014925373134328358,0.029850746268656716,0.19,64,68,0,2,134,134,0.3656716417910448,0.917910447761194,3.5223880597014925,r8S3g,0.4253731343283582,0.5522388059701493,0.44776119402985076,0.0,1068.8988721804512,4036.221539154181,0.8045112781954887,1.0,38,324,female,18,J57489
5f8d87412f69e3d9fb13,15,0.38961038961038963,0.18181818181818182,0.1111111111111111,9,38,0,30,77,77,0.5714285714285714,1.7662337662337662,5.233766233766234,m3D1v,0.2857142857142857,0.2857142857142857,0.7142857142857143,0.0,2025.9447368421054,8915.489873218037,0.4868421052631579,1.0,38,1029,male,24,J57489
5faa3d19e595ab735fda,14,0.30697674418604654,0.4604651162790698,0.2727272727272727,73,76,0,66,215,215,0.26976744186046514,0.9627906976744186,10.158878504672897,t5V9e,0.2930232558139535,0.5162790697674419,0.48372093023255813,0.0,437.0739096573209,2186.675434507769,0.6588785046728972,1.0,38,1139,male,20,J40192
5fbaf8a0f524358778bb,13,0.13440860215053763,0.3010752688172043,0.21686746987951808,79,82,0,25,186,186,0.3387096774193548,1.2473118279569892,3.2580645161290325,m3D1v,0.21505376344086022,0.20430107526881722,0.7956989247311828,0.0,638.0390090090091,3016.0646074214997,0.5783783783783784,1.0,38,147,male,19,J57489
5gs9643ghg39gpkgi3e5,13,0.2597402597402597,0.15584415584415584,0.5135135135135135,57,57,0,40,154,154,0.17532467532467533,0.8116883116883117,3.5364238410596025,y9W5d,0.2662337662337662,0.2987012987012987,0.7012987012987013,0.0,1032.1794117647057,2601.82166872573,0.13725490196078433,0.375,36,80,female,18,J57489
5jxldd3plo4x6oq140l5,12,0.21693121693121692,0.23809523809523808,0.7468354430379747,72,73,3,41,189,189,0.24338624338624337,1.0582010582010581,6.352941176470588,y9W5d,0.2857142857142857,0.25925925925925924,0.7407407407407407,0.0,597.958865248227,1036.733434478884,0.18085106382978725,0.6538461538461539,35,643,male,24,J40192
5kqtdcvyt7rgqdoextw8,12,0.1927710843373494,0.2891566265060241,0.4647887323943662,64,70,0,32,166,166,0.29518072289156627,1.0662650602409638,18.579268292682926,y9W5d,0.29518072289156627,0.2289156626506024,0.7710843373493976,0.0,1228.7797979797979,2791.0974467222654,0.21212121212121213,0.6086956521739131,36,1200,female,21,J57489
5l1b1ma70rilf7mojch5,15,0.23756906077348067,0.23756906077348067,0.6796116504854369,66,70,2,43,181,181,0.27624309392265195,0.9447513812154696,14.737430167597765,m3D1v,0.26519337016574585,0.2596685082872928,0.7403314917127072,0.0,819.0550925925926,1472.8074697175027,0.21666666666666667,0.6538461538461539,36,806,female,19,J78901
5m6lgwi0mkqs8ilg3qqs,9,0.44545454545454544,0.41818181818181815,0.16483516483516483,58,3,0,49,110,110,0.4090909090909091,1.0818181818181818,3.4909090909090907,g7R2j,0.2909090909090909,0.2909090909090909,0.7090909090909091,0.0,1193.327370030581,3594.024267974369,0.7339449541284404,1.0,38,326,female,22,J78901
5mrih4nj5agvu67vao4m,14,0.13291139240506328,0.24050632911392406,0.5961538461538461,74,63,0,21,158,158,0.3227848101265823,1.259493670886076,4.076433121019108,y9W5d,0.26582278481012656,0.25316455696202533,0.7468354430379747,0.0,947.3440552016984,1689.3137994322788,0.20382165605095542,0.68,38,178,female,19,J40192
5qfsd40k8fv54hc102p2,11,0.0759493670886076,0.3291139240506329,0.48148148148148145,78,66,2,12,158,158,0.2911392405063291,0.9936708860759493,12.211538461538462,y9W5d,0.2721518987341772,0.25316455696202533,0.7468354430379747,0.0,1228.1696390658174,2145.1498081610425,0.20382165605095542,0.6538461538461539,37,1176,female,21,J78901
5rxl72n8rmnxwrxcss0q,15,0.22916666666666666,0.2152777777777778,0.5961538461538461,57,54,0,33,144,144,0.3263888888888889,1.1319444444444444,10.107913669064748,y9W5d,0.3125,0.20833333333333334,0.7916666666666666,0.0,1037.0340326340327,1968.7194391058963,0.16083916083916083,0.782608695652174,34,819,male,18,J23517
5slhcx7pnjhcmlbfffu6,14,0.15757575757575756,0.2606060606060606,0.5648854961832062,61,78,0,26,165,165,0.28484848484848485,0.9272727272727272,11.854545454545455,m3D1v,0.2606060606060606,0.28484848484848485,0.7151515151515152,0.0,1141.2892276422763,1928.7364741076779,0.15853658536585366,0.6,37,1175,female,20,J78901
5zczdtyecu2w495j80xv,11,0.23170731707317074,0.21341463414634146,0.5728155339805825,73,50,3,38,164,164,0.3048780487804878,0.9512195121951219,3.7177914110429446,m3D1v,0.2804878048780488,0.29878048780487804,0.7012195121951219,0.0,899.5101226993866,1638.9407656776325,0.15337423312883436,0.7619047619047619,37,833,male,21,J23517
6002b9ec0f4ad0b281cf,13,0.14619883040935672,0.22807017543859648,0.2988505747126437,74,72,0,25,171,171,0.3216374269005848,1.2339181286549707,4.059523809523809,y9W5d,0.2807017543859649,0.2573099415204678,0.7426900584795322,0.0,732.0836274509804,2078.5823277812397,0.5411764705882353,1.0,38,110,male,18,J78901
60c3549c706fe13322ce,5,0.41798941798941797,0.3492063492063492,0.19318181818181818,98,12,0,79,189,189,0.23809523809523808,0.798941798941799,3.328042328042328,m3D1v,0.25396825396825395,0.2857142857142857,0.7142857142857143,0.0,665.6280141843971,3227.23587392232,0.6861702127659575,1.0,38,426,male,24,J87654
6106e5232ac32bc22d1d,15,0.09523809523809523,0.21212121212121213,0.20270270270270271,41,167,1,22,231,231,0.22510822510822512,0.8398268398268398,21.685589519650655,y9W5d,0.29004329004329005,0.24675324675324675,0.7532467532467533,0.0,457.0532608695652,3380.11932745413,0.6217391304347826,1.0,38,1206,female,18,J87654
61de1e21015e07aacbe8,14,0.14173228346456693,0.17519685039370078,0.23255813953488372,196,239,1,72,508,508,0.27165354330708663,0.9960629921259843,4.19723865877712,m3D1v,0.3169291338582677,0.23622047244094488,0.7637795275590551,0.0,242.0749506903353,2194.7223738597486,0.7810650887573964,1.0,38,325,female,21,J23517
62156eada978f707f5d2,16,0.27049180327868855,0.22131147540983606,0.23376623376623376,47,42,0,33,122,122,0.45081967213114754,1.401639344262295,4.383333333333334,y9W5d,0.26229508196721313,0.36065573770491804,0.639344262295082,0.0,906.1683195592286,3612.054010655901,0.5867768595041323,1.0,38,241,male,22,J57489
6273f50d9a0b4e6d971c,10,0.007633587786259542,0.0,0.13157894736842105,66,64,0,1,131,131,0.37404580152671757,1.3358778625954197,4.178294573643411,m3D1v,0.31297709923664124,0.20610687022900764,0.7938931297709924,0.0,832.2424358974359,4049.8262195642096,0.7,1.0,38,574,female,22,J78901
628bztd9ybuth5efk7nw,14,0.20297029702970298,0.33663366336633666,0.584,74,87,0,41,202,202,0.3069306930693069,1.1435643564356435,11.960199004975124,m3D1v,0.2524752475247525,0.25742574257425743,0.7425742574257426,0.0,887.5132669983416,1661.0457033416553,0.22885572139303484,0.65,36,1094,female,22,J78901
62a877b83219f7974fd0,14,0.26229508196721313,0.36065573770491804,0.32432432432432434,8,37,0,16,61,61,0.7868852459016393,2.278688524590164,4.327868852459017,m3D1v,0.3442622950819672,0.19672131147540983,0.8032786885245902,0.0,863.776388888889,3241.8746272049116,0.5,1.0,38,251,male,24,J78901
62olkigg7ntlaf6fzytl,14,0.17486338797814208,0.26229508196721313,0.580952380952381,78,73,0,32,183,183,0.3551912568306011,1.355191256830601,3.6123595505617976,y9W5d,0.30601092896174864,0.24043715846994534,0.7595628415300546,0.0,822.7376373626374,1456.432167379628,0.23626373626373626,0.7916666666666666,37,171,female,20,J87654
6314d7cbc465e29f357c,7,0.3741496598639456,0.17687074829931973,0.12,71,21,0,55,147,147,0.38095238095238093,0.9387755102040817,3.5918367346938775,r8S3g,0.4421768707482993,0.54421768707483,0.4557823129251701,0.0,1227.0718036529681,5594.145686485025,0.7397260273972602,1.0,38,958,female,23,J78901
63aded37545ab92d41d4,12,0.0,0.42244224422442245,0.08928571428571429,10,293,0,0,303,303,0.16831683168316833,0.45544554455445546,2.8052805280528053,r8S3g,0.5082508250825083,0.5313531353135313,0.46864686468646866,0.0,262.58228476821193,2567.6309307953957,0.9470198675496688,1.0,38,203,male,24,J78901
63c38a00d97e62c31e08,14,0.42641509433962266,0.4830188679245283,0.36363636363636365,62,90,0,113,265,265,0.19245283018867926,0.7622641509433963,13.135849056603774,y9W5d,0.2188679245283019,0.2830188679245283,0.7169811320754716,0.0,295.0022095959596,1871.5320618646103,0.75,1.0,38,496,female,19,J23517
63eef37311aaac915a45,16,0.33254716981132076,0.2169811320754717,0.3103448275862069,33,240,10,141,424,424,0.10377358490566038,0.419811320754717,2.9858156028368796,m3D1v,0.3608490566037736,0.20047169811320756,0.7995283018867925,0.0,95.22182821118992,1200.2699395856112,0.8912529550827423,1.0,38,2,female,21,J87654
63ff3dff3eb31d62ab3e,12,0.0,0.4008438818565401,0.10569105691056911,109,128,0,0,237,237,0.22362869198312235,0.6497890295358649,12.47787610619469,m3D1v,0.32489451476793246,0.540084388185654,0.459915611814346,0.0,745.2040960451977,4284.70037201112,0.7796610169491526,1.0,38,1023,male,23,J78901
6486c0664d217470d126,11,0.422680412371134,0.1958762886597938,0.18867924528301888,44,12,0,41,97,97,0.4536082474226804,1.824742268041237,4.463157894736842,g7R2j,0.26804123711340205,0.21649484536082475,0.7835051546391752,0.0,1568.584027777778,5173.015704292725,0.375,1.0,38,125,female,22,J78901
64d1d58d40bca568347c,8,0.20134228187919462,0.16778523489932887,0.19480519480519481,88,31,0,30,149,149,0.35570469798657717,1.1140939597315436,3.597315436241611,m3D1v,0.2751677852348993,0.2953020134228188,0.7046979865771812,0.0,741.4247747747747,3292.3793193088673,0.6756756756756757,1.0,38,41,female,23,J78901
64d65eddd629b80922f1,4,0.9772727272727273,0.9772727272727273,0.0273972602739726,0,1,0,43,44,44,0.9090909090909091,2.3863636363636362,3.340909090909091,m3D1v,0.2727272727272727,0.25,0.75,0.0,2399.2972868217053,15731.875725217566,0.9767441860465116,0.0,38,1211,male,21,J57489
6569uz69or21mbcejw25,13,0.21476510067114093,0.3087248322147651,0.5714285714285714,54,63,0,32,149,149,0.21476510067114093,0.8053691275167785,17.655405405405407,y9W5d,0.22818791946308725,0.2953020134228188,0.7046979865771812,0.0,1077.0978603603603,2058.255479475686,0.28378378378378377,0.5833333333333334,34,1277,female,22,J57489
663aff87732c52f0e342,9,0.24005486968449932,0.40329218106995884,0.24,318,162,74,175,729,729,0.09876543209876543,0.4101508916323731,3.8929068150208623,y9W5d,0.32373113854595337,0.31275720164609055,0.6872427983539094,0.0,146.34056776556776,1483.855703964086,0.885989010989011,1.0,38,788,female,18,J78901
66d7c0bdb21b7d5bd83d,15,0.0461133069828722,0.07905138339920949,0.3448275862068966,220,504,0,35,759,759,0.10935441370223979,0.391304347826087,13.604806408544727,y9W5d,0.24769433465085638,0.22134387351778656,0.7786561264822134,0.0,108.6287379067722,877.8597397471501,0.9129287598944591,1.0,38,482,female,22,J87654
66f99grd556eyxjqk7pz,14,0.11413043478260869,0.25,0.7065217391304348,75,88,0,21,184,184,0.22826086956521738,1.076086956521739,4.044198895027624,y9W5d,0.30434782608695654,0.22282608695652173,0.7771739130434783,0.0,718.0926229508198,1138.042844976032,0.20765027322404372,0.56,37,179,male,20,J57489
67456512891f96cc0fc3,13,0.16071428571428573,0.24107142857142858,0.14634146341463414,38,56,0,18,112,112,0.41964285714285715,1.3214285714285714,28.794642857142858,m3D1v,0.25892857142857145,0.26785714285714285,0.7321428571428571,0.0,1589.8018018018017,5847.4530759607105,0.5675675675675675,1.0,38,1302,female,23,J57489
67f8d47cfb7b7b3d2095,15,0.36503067484662577,0.5122699386503068,0.1792452830188679,68,135,4,119,326,326,0.13496932515337423,0.5460122699386503,4.196875,r8S3g,0.2392638036809816,0.4386503067484663,0.5613496932515337,0.0,464.7359487179487,3152.641926504108,0.7692307692307693,1.0,38,421,female,20,J23517
6837091518a3524730fb,8,0.11496746203904555,0.33405639913232105,0.12056737588652482,201,207,0,53,461,461,0.210412147505423,1.0195227765726682,27.162689804772235,y9W5d,0.2993492407809111,0.17136659436008678,0.8286334056399133,0.0,436.9726086956522,4225.570872139686,0.8152173913043478,1.0,38,1113,female,19,J23517
687ndz7mxhpv3gg91ie2,10,0.2085889570552147,0.27607361963190186,0.5740740740740741,65,64,0,34,163,163,0.2883435582822086,1.049079754601227,16.9,m3D1v,0.26993865030674846,0.2822085889570552,0.7177914110429447,0.0,952.4077160493828,1815.77159997958,0.22839506172839505,0.56,37,1270,male,22,J78901
68c45e933c2dc939e7c9,8,0.16600790513833993,0.23715415019762845,0.2692307692307692,176,35,0,42,253,253,0.2015810276679842,1.2450592885375493,4.081967213114754,m3D1v,0.24110671936758893,0.16205533596837945,0.8379446640316206,0.0,439.6492724867725,1875.5935432698855,0.7103174603174603,1.0,38,113,female,18,J57489
6923e581d76689cb57a1,12,0.03783783783783784,0.5135135135135135,0.22580645161290322,90,88,0,7,185,185,0.2594594594594595,0.772972972972973,4.174863387978142,t5V9e,0.3621621621621622,0.6,0.4,0.0,721.1316123188406,3201.212175084698,0.6521739130434783,1.0,38,1030,female,19,J78901
6964a3d507ac1ecf9e52,16,0.3773946360153257,0.2777777777777778,0.46153846153846156,44,281,0,197,522,522,0.1053639846743295,0.5325670498084292,3.812015503875969,m3D1v,0.421455938697318,0.17049808429118773,0.8295019157088123,0.0,213.90150351887397,1282.3902506149227,0.746641074856046,1.0,38,406,female,18,J23517
69a4b3d15a5bf0d0e43e,15,0.0,0.0044444444444444444,0.109375,22,143,60,0,225,225,0.20444444444444446,0.5911111111111111,3.4910714285714284,r8S3g,0.28444444444444444,0.48444444444444446,0.5155555555555555,0.0,404.93385416666666,2702.046601851264,0.8348214285714286,0.7727272727272727,38,608,female,20,J40192
69ae85efb03510241445,11,0.35403726708074534,0.2236024844720497,0.19444444444444445,49,54,1,57,161,161,0.2919254658385093,1.279503105590062,20.204968944099377,g7R2j,0.3167701863354037,0.18633540372670807,0.8136645962732919,0.0,966.1435416666667,4657.122065466927,0.59375,1.0,38,1323,male,20,J57489
6a62f52203bda35656be,11,0.22271714922049,0.12249443207126949,0.34782608695652173,183,166,0,100,449,449,0.10022271714922049,0.45434298440979953,18.676470588235293,m3D1v,0.32962138084632514,0.3273942093541203,0.6726057906458798,0.0,294.1801711309524,2029.0321348514417,0.7611607142857143,1.0,38,1134,female,21,J40192
6ab4994b59925a6d1bba,6,0.12157534246575342,0.19006849315068494,0.26595744680851063,317,196,0,71,584,584,0.13013698630136986,0.4606164383561644,10.082024432809773,y9W5d,0.2465753424657534,0.19863013698630136,0.8013698630136986,0.0,229.34219554030875,1581.8563727895016,0.7873070325900514,1.0,38,1126,female,21,J23517
6abeead45fd57abadaff,12,0.14606741573033707,0.14606741573033707,0.13333333333333333,60,92,0,26,178,178,0.34269662921348315,0.9044943820224719,5.101123595505618,m3D1v,0.4550561797752809,0.398876404494382,0.601123595505618,0.0,597.1810734463277,3362.9497698640557,0.8305084745762712,1.0,38,609,female,22,J57489
6ae7d356ba998218af82,15,0.03488372093023256,0.13953488372093023,0.1590909090909091,17,64,2,3,86,86,0.5232558139534884,1.6627906976744187,3.8433734939759034,y9W5d,0.26744186046511625,0.3488372093023256,0.6511627906976745,0.0,1474.5325490196078,6469.222183164796,0.5529411764705883,0.9090909090909091,38,97,female,24,J78901
6b0cc09c9daf2966d1a7,14,0.089058524173028,0.2875318066157761,0.30973451327433627,153,205,0,35,393,393,0.16539440203562342,0.7430025445292621,14.211195928753181,g7R2j,0.2875318066157761,0.1628498727735369,0.8371501272264631,0.0,411.11369047619047,1941.6269778986875,0.7168367346938775,1.0,38,1147,female,23,J78901
6b22922bfe081d68c7a6,4,0.28823529411764703,0.4470588235294118,0.24074074074074073,122,120,0,98,340,340,0.27647058823529413,0.9235294117647059,10.622754491017965,t5V9e,0.3058823529411765,0.4117647058823529,0.5882352941176471,0.0,454.67399213372664,2125.692931901492,0.7050147492625368,1.0,38,1037,female,23,J87654
6b9ee688551136da2eb9,15,0.05970149253731343,0.07462686567164178,0.16346153846153846,58,68,0,8,134,134,0.3283582089552239,0.9253731343283582,3.4029850746268657,r8S3g,0.31343283582089554,0.5149253731343284,0.48507462686567165,0.0,1113.234962406015,4455.86281109789,0.706766917293233,1.0,38,428,male,24,J78901
6c14ce386a9cda72549c,15,0.1649122807017544,0.09824561403508772,0.4647887323943662,103,135,0,47,285,285,0.2912280701754386,1.4947368421052631,10.070921985815604,y9W5d,0.37543859649122807,0.11228070175438597,0.887719298245614,0.0,354.33579812206574,1378.9805840409585,0.6408450704225352,1.0,38,776,male,23,J87654
6cbcdec2dffbcf09a91a,6,0.20588235294117646,0.22058823529411764,0.0945945945945946,24,30,0,14,68,68,0.6617647058823529,1.838235294117647,3.2058823529411766,m3D1v,0.29411764705882354,0.23529411764705882,0.7647058823529411,0.0,1561.547014925373,10448.885072870691,0.47761194029850745,1.0,38,1118,female,24,J23517
6cxj0lsinp9d7215gtpe,14,0.16042780748663102,0.24064171122994651,0.6990291262135923,69,88,0,30,187,187,0.2887700534759358,1.0,4.6310160427807485,m3D1v,0.22994652406417113,0.37433155080213903,0.6256684491978609,0.0,790.7494623655914,1124.2187385143236,0.16129032258064516,0.56,38,357,female,22,J57489
6d22912e7e93a96a8690,7,0.0,0.5245901639344263,0.12345679012345678,39,22,0,0,61,61,0.7377049180327869,2.0163934426229506,3.2950819672131146,m3D1v,0.26229508196721313,0.39344262295081966,0.6065573770491803,0.0,1913.3872222222224,8510.068210283376,0.7333333333333333,1.0,38,338,female,18,J87654
6d35a9a33338a84dd077,14,0.007547169811320755,0.09433962264150944,0.35,99,164,0,2,265,265,0.18867924528301888,0.7396226415094339,5.132530120481928,y9W5d,0.3660377358490566,0.15849056603773584,0.8415094339622642,0.0,430.95,2022.4182344970152,0.7613636363636364,1.0,38,223,male,18,J23517
6d90c2fd38f2ea52ffd8,12,0.4074074074074074,0.20105820105820105,0.13333333333333333,72,40,0,77,189,189,0.4444444444444444,1.2751322751322751,30.994652406417114,g7R2j,0.2328042328042328,0.24867724867724866,0.7513227513227513,0.0,570.2656914893616,3456.6172779434232,0.7712765957446809,1.0,38,587,female,24,J57489
6dx4zt62b8m37krb5l3n,11,0.1631578947368421,0.20526315789473684,0.6666666666666666,83,76,0,31,190,190,0.2894736842105263,0.8947368421052632,3.794736842105263,r8S3g,0.3,0.41578947368421054,0.5842105263157895,0.0,770.6364197530863,1143.128944280284,0.26455026455026454,0.8260869565217391,37,353,female,23,J87654
6e7d56f652020f046204,14,0.20930232558139536,0.21511627906976744,0.38235294117647056,75,61,0,36,172,172,0.313953488372093,1.0,3.558139534883721,y9W5d,0.3081395348837209,0.29069767441860467,0.7093023255813954,0.0,563.5556530214425,1600.0654853338797,0.5614035087719298,1.0,38,18,male,24,J40192
6e8118d5ad3c7093b869,14,0.22325581395348837,0.3581395348837209,0.23529411764705882,84,83,0,48,215,215,0.3302325581395349,1.1023255813953488,3.663265306122449,m3D1v,0.2372093023255814,0.35348837209302325,0.6465116279069767,0.0,565.211137071651,2326.807333885595,0.6635514018691588,1.0,38,115,male,21,J78901
6efd2d79656d1b056f72,13,0.14035087719298245,0.15789473684210525,0.2786885245901639,87,156,2,40,285,285,0.23508771929824562,0.6877192982456141,9.133574007220217,y9W5d,0.30526315789473685,0.3017543859649123,0.6982456140350877,0.0,303.6640258215963,1882.2425548067692,0.6971830985915493,1.0,38,793,female,22,J23517
6efd353d32bd3d908b23,11,0.022727272727272728,0.3693181818181818,0.14473684210526316,98,74,0,4,176,176,0.2897727272727273,1.1875,80.9034090909091,m3D1v,0.3068181818181818,0.10227272727272728,0.8977272727272727,0.0,616.9133333333334,3202.4996006541987,0.8685714285714285,1.0,38,1074,female,19,J57489
6fa0b38bfd05105503a1,13,0.028112449799196786,0.20883534136546184,0.22666666666666666,74,168,0,7,249,249,0.20481927710843373,0.7951807228915663,5.129032258064516,y9W5d,0.2570281124497992,0.41767068273092367,0.5823293172690763,0.0,430.80201612903227,2823.5254531612704,0.5887096774193549,1.0,38,778,male,18,J57489
6fc66606e74242398444,13,0.0782608695652174,0.1536231884057971,0.2,105,202,11,27,345,345,0.17971014492753623,0.7043478260869566,7.017391304347826,r8S3g,0.26666666666666666,0.48985507246376814,0.5101449275362319,0.0,351.41506782945737,3071.109398246436,0.8197674418604651,1.0,38,514,female,24,J23517
6fe309a58b787e7010eb,14,0.0736196319018405,0.05521472392638037,0.31958762886597936,89,213,0,24,326,326,0.13496932515337423,0.598159509202454,3.812883435582822,r8S3g,0.3834355828220859,0.5521472392638037,0.44785276073619634,0.0,424.26784615384616,2094.3590959972544,0.7784615384615384,1.0,38,315,female,19,J87654
6fefd33cf297f69bcae3,12,0.26639344262295084,0.5163934426229508,0.4473684210526316,205,153,0,130,488,488,0.10245901639344263,0.7377049180327869,24.512448132780083,y9W5d,0.41598360655737704,0.3012295081967213,0.6987704918032787,0.0,222.878507871321,1105.6396237708448,0.7515400410677618,1.0,38,585,male,23,J57489
6iag08nt7se7f2hkgzx4,11,0.15384615384615385,0.2781065088757396,0.6116504854368932,73,70,0,26,169,169,0.27218934911242604,0.9585798816568047,3.7065868263473054,r8S3g,0.27218934911242604,0.3668639053254438,0.6331360946745562,0.0,875.2358134920635,1558.300182196336,0.23214285714285715,0.6363636363636364,35,359,female,18,J23517
6ixkthdoadcwip3r1sy2,12,0.17777777777777778,0.2,0.675,72,75,1,32,180,180,0.24444444444444444,0.9055555555555556,15.196629213483146,y9W5d,0.3055555555555556,0.26666666666666666,0.7333333333333333,0.0,638.5032588454376,1089.0117982507502,0.2122905027932961,0.5925925925925926,36,661,female,22,J23517
6o68qswzkvrrtbiz6bzr,13,0.2233502538071066,0.233502538071066,0.6697247706422018,70,82,1,44,197,197,0.24873096446700507,0.7868020304568528,3.7025641025641027,m3D1v,0.29441624365482233,0.27411167512690354,0.7258883248730964,0.0,795.1551870748299,1887.6371907478947,0.16326530612244897,0.7037037037037037,38,76,female,18,J40192
6qp85ufr2o1zg8k0cvtb,14,0.26,0.22,0.5096153846153846,54,55,2,39,150,150,0.31333333333333335,1.02,6.4391891891891895,m3D1v,0.3,0.25333333333333335,0.7466666666666667,0.0,996.0973154362416,2054.423660157068,0.2080536912751678,0.55,35,832,female,18,J78901
6tq9irjllweqmqe4u7sf,14,0.19014084507042253,0.2323943661971831,0.6145833333333334,61,54,0,27,142,142,0.2535211267605634,0.9366197183098591,3.927007299270073,y9W5d,0.2323943661971831,0.34507042253521125,0.6549295774647887,0.0,964.6062647754137,1467.9955691546531,0.22695035460992907,0.42105263157894735,37,183,male,21,J23517
700915d303cc358e662a,11,0.06918238993710692,0.27044025157232704,0.21176470588235294,72,76,0,11,159,159,0.36477987421383645,1.3522012578616351,8.937106918238994,t5V9e,0.25157232704402516,0.3081761006289308,0.6918238993710691,0.0,766.0607594936708,5589.025201779108,0.6329113924050633,1.0,38,1167,male,24,J87654
701a989d65a59c18845b,15,0.30538922155688625,0.11976047904191617,0.2682926829268293,52,64,0,51,167,167,0.2874251497005988,1.0479041916167664,4.4939024390243905,y9W5d,0.3772455089820359,0.17964071856287425,0.8203592814371258,0.0,348.7544176706827,2805.616862020742,0.6204819277108434,1.0,37,196,male,21,J23517
7086b49d3d6c2cf79c1a,13,0.23178807947019867,0.019867549668874173,0.3389830508474576,58,58,0,35,151,151,0.3443708609271523,1.0,4.423841059602649,r8S3g,0.4900662251655629,0.6821192052980133,0.31788079470198677,0.0,559.9442222222223,2250.0516309255386,0.6466666666666666,1.0,38,45,male,21,J57489
70exfe4k4e5vvm5sqspq,11,0.19760479041916168,0.3592814371257485,0.5620437956204379,70,64,0,33,167,167,0.3413173652694611,0.9700598802395209,13.844311377245509,y9W5d,0.2155688622754491,0.3413173652694611,0.6586826347305389,0.0,1180.1161646586345,2200.6069099743877,0.18072289156626506,0.8260869565217391,36,1010,female,19,J57489
70ym0xeqaqmx14dv6myx,14,0.18023255813953487,0.18604651162790697,0.6375,60,81,0,31,172,172,0.20348837209302326,0.9127906976744186,6.91764705882353,m3D1v,0.28488372093023256,0.29651162790697677,0.7034883720930233,0.0,669.7947368421052,1228.7850065299417,0.22807017543859648,0.38461538461538464,37,633,female,23,J57489
71ca74e191e71b0219b5,12,0.43478260869565216,0.2608695652173913,0.1875,19,46,0,50,115,115,0.4956521739130435,1.1565217391304348,11.780701754385966,t5V9e,0.3130434782608696,0.5217391304347826,0.4782608695652174,0.0,593.7271929824561,2869.928164149904,0.7631578947368421,0.8571428571428571,36,489,male,18,J40192
71d0a8156e59c4dcedfd,13,0.0,0.18181818181818182,0.5,11,66,0,0,77,77,0.5844155844155844,1.5844155844155845,3.8181818181818183,r8S3g,0.22077922077922077,0.3116883116883117,0.6883116883116883,0.0,57.856578947368426,476.95284433484966,0.9473684210526315,0.5555555555555556,38,1205,male,19,J78901
71f6622e7caa6ed92506,7,0.04316546762589928,0.04316546762589928,0.3076923076923077,86,47,0,6,139,139,0.4172661870503597,1.3381294964028776,8.654676258992806,y9W5d,0.2302158273381295,0.23741007194244604,0.762589928057554,0.0,668.487077294686,2279.023680738812,0.6014492753623188,1.0,38,476,male,20,J57489
728a4a393899c37a5429,13,0.24691358024691357,0.16049382716049382,0.14473684210526316,34,26,1,20,81,81,0.5432098765432098,1.8518518518518519,4.1875,y9W5d,0.4074074074074074,0.13580246913580246,0.8641975308641975,0.0,1351.3547916666669,6132.370160935553,0.45,1.0,38,341,male,23,J87654
72b4334deffff31dea8b,14,0.0,0.07853403141361257,0.21739130434782608,8,183,0,0,191,191,0.2513089005235602,0.8691099476439791,3.425531914893617,m3D1v,0.3298429319371728,0.3612565445026178,0.6387434554973822,0.0,514.9633333333334,2922.090023908469,0.7578947368421053,1.0,38,200,male,18,J87654
72d383f55803c5a81bd6,7,0.3247863247863248,0.27350427350427353,0.3472222222222222,86,72,0,76,234,234,0.3162393162393162,1.4743589743589745,24.887931034482758,m3D1v,0.28205128205128205,0.21367521367521367,0.7863247863247863,0.0,442.4458512160229,2021.1343307231064,0.6866952789699571,1.0,38,590,male,20,J87654
72fbfd24cdff0454a0e2,14,0.09595959595959595,0.10101010101010101,0.12345679012345678,92,87,0,19,198,198,0.24242424242424243,0.7272727272727273,8.973958333333334,m3D1v,0.3434343434343434,0.23737373737373738,0.7626262626262627,0.0,588.0039763113367,4263.033229885032,0.766497461928934,1.0,38,1143,male,23,J23517
7380885aaba482170588,14,0.36363636363636365,0.25757575757575757,0.11538461538461539,38,46,0,48,132,132,0.3484848484848485,1.1590909090909092,3.893939393939394,r8S3g,0.26515151515151514,0.3560606060606061,0.6439393939393939,0.0,843.1316793893129,5782.629716392846,0.6641221374045801,1.0,38,222,male,23,J87654
73ae359d8e93d41ae4ff,11,0.05982905982905983,0.3333333333333333,0.15789473684210525,93,17,0,7,117,117,0.47863247863247865,1.5213675213675213,12.085470085470085,r8S3g,0.28205128205128205,0.37606837606837606,0.6239316239316239,0.0,1405.3525862068966,5709.808027827257,0.5862068965517241,1.0,38,1055,female,21,J57489
74137c4db75be61c10fa,13,0.2744186046511628,0.2116279069767442,0.2905982905982906,176,128,8,118,430,430,0.13488372093023257,0.672093023255814,8.064593301435407,m3D1v,0.23488372093023255,0.3,0.7,0.0,389.528243978244,1855.3060314788956,0.717948717948718,1.0,38,1067,male,22,J87654
744e7141564ed216b812,13,0.3157894736842105,0.40789473684210525,0.18478260869565216,18,34,0,24,76,76,0.5921052631578947,1.8157894736842106,31.460526315789473,r8S3g,0.2894736842105263,0.35526315789473684,0.6447368421052632,0.0,1740.6875555555555,5480.29754460427,0.3466666666666667,1.0,38,1069,female,24,J78901
749fec50db4020e9bfcc,11,0.2733333333333333,0.26666666666666666,0.15492957746478872,90,19,0,41,150,150,0.30666666666666664,0.8533333333333334,4.073333333333333,r8S3g,0.32666666666666666,0.5,0.5,0.0,675.798769574944,3580.9337007494664,0.8389261744966443,0.9230769230769231,37,208,female,19,J87654
74e22a3421e605061ef1,12,0.020066889632107024,0.15384615384615385,0.24166666666666667,132,161,0,6,299,299,0.16387959866220736,0.7090301003344481,7.320689655172414,y9W5d,0.2909698996655518,0.1939799331103679,0.8060200668896321,0.0,575.2789149888143,2783.7132112906734,0.7013422818791947,1.0,38,1136,male,18,J40192
74g1r714u01v7nb4vn8w,11,0.24444444444444444,0.3333333333333333,0.5660377358490566,57,79,0,44,180,180,0.2222222222222222,0.8888888888888888,3.8944444444444444,m3D1v,0.31666666666666665,0.32222222222222224,0.6777777777777778,0.0,847.0950651769087,1961.6909700934634,0.22346368715083798,0.47619047619047616,37,461,female,24,J23517
75097aa30e9373a612c7,14,0.18777292576419213,0.314410480349345,0.4027777777777778,76,110,0,43,229,229,0.25327510917030566,0.8602620087336245,3.725663716814159,y9W5d,0.26200873362445415,0.2183406113537118,0.7816593886462883,0.0,446.01140350877193,1690.8610648282743,0.6140350877192983,1.0,38,199,female,22,J57489
7509bbe0d23fe15928ba,10,0.15625,0.0,0.07526881720430108,110,25,0,25,160,160,0.28125,0.725,3.1962025316455698,m3D1v,0.36875,0.3125,0.6875,0.0,835.8020964360587,6212.869306332572,0.8805031446540881,0.8571428571428571,38,940,female,21,J78901
7535fe5ae754da62a534,6,0.08695652173913043,0.0,0.2,63,63,0,12,138,138,0.35507246376811596,1.0579710144927537,7.920289855072464,r8S3g,0.39855072463768115,0.463768115942029,0.5362318840579711,0.0,672.5678832116788,3570.137429925134,0.708029197080292,1.0,38,790,female,18,J23517
758a52e21fd5c23cd7ed,13,0.2358974358974359,0.36923076923076925,0.34615384615384615,58,91,0,46,195,195,0.29743589743589743,0.9128205128205128,25.3031914893617,m3D1v,0.2923076923076923,0.2564102564102564,0.7435897435897436,0.0,377.50317869415807,1870.2154094781856,0.7061855670103093,0.95,38,491,female,19,J78901
75a72c46b8271a57fba6,1,0.31958762886597936,0.21649484536082475,0.15625,18,48,0,31,97,97,0.4948453608247423,1.5154639175257731,8.284210526315789,y9W5d,0.26804123711340205,0.36082474226804123,0.6391752577319587,0.0,1913.5336805555555,5982.397439996435,0.4895833333333333,1.0,38,1285,female,23,J87654
75c2677c8d156032e303,14,0.4601449275362319,0.16485507246376813,0.45588235294117646,152,146,0,254,552,552,0.12681159420289856,0.4673913043478261,3.3214285714285716,m3D1v,0.23369565217391305,0.338768115942029,0.6612318840579711,0.0,175.01073805202662,1127.001232007133,0.7114337568058077,1.0,38,42,female,18,J87654
75dcc10ba89fd0c25d50,4,0.234375,0.0703125,0.15151515151515152,86,74,36,60,256,256,0.23828125,0.9296875,19.755905511811022,y9W5d,0.2109375,0.31640625,0.68359375,0.0,741.6434640522875,4484.202109599943,0.7058823529411765,1.0,38,960,male,21,J23517
75e30b71e38030454877,13,0.3238095238095238,0.23809523809523808,0.24,54,86,2,68,210,210,0.2523809523809524,0.8904761904761904,24.876190476190477,g7R2j,0.3476190476190476,0.21904761904761905,0.780952380952381,0.0,679.506379585327,3339.717038440552,0.722488038277512,1.0,38,1320,female,19,J57489
76366e9c264169b2bae1,12,0.15384615384615385,0.6063348416289592,0.14634146341463414,62,125,0,34,221,221,0.3076923076923077,1.0226244343891402,8.452488687782806,m3D1v,0.49321266968325794,0.1493212669683258,0.8506787330316742,0.0,529.6883333333333,3028.993455292906,0.7818181818181819,1.0,38,1061,female,21,J57489
766836b5f30556e81da4,12,0.128,0.688,0.10309278350515463,44,65,0,16,125,125,0.376,1.0,4.387096774193548,y9W5d,0.256,0.24,0.76,0.0,1111.929435483871,5180.9918086049465,0.8145161290322581,1.0,38,1026,female,22,J78901
768c216e172762b85899,8,0.21653543307086615,0.27165354330708663,0.14634146341463414,124,75,0,55,254,254,0.17716535433070865,0.8740157480314961,10.114624505928854,y9W5d,0.4015748031496063,0.16535433070866143,0.8346456692913385,0.0,460.87997364953884,4002.829633715455,0.7628458498023716,0.9166666666666666,35,1144,female,19,J87654
7694d71417c2f5202940,15,0.20297029702970298,0.4405940594059406,0.32142857142857145,38,123,0,41,202,202,0.2871287128712871,0.7326732673267327,2.9603960396039604,r8S3g,0.3217821782178218,0.5,0.5,0.0,193.66832504145938,1458.04056472682,0.8507462686567164,0.9230769230769231,38,302,male,22,J23517
76a2f2705490042bb8cb,13,0.3018867924528302,0.04716981132075472,0.1271186440677966,21,53,0,32,106,106,0.49056603773584906,1.5188679245283019,3.8207547169811322,y9W5d,0.27358490566037735,0.20754716981132076,0.7924528301886793,0.0,1611.1539682539683,5966.261066324644,0.4666666666666667,1.0,38,1294,male,22,J87654
76fe2c19fa84d58b584b,13,0.08712121212121213,0.24621212121212122,0.25609756097560976,155,86,0,23,264,264,0.17803030303030304,0.5833333333333334,3.4732824427480917,m3D1v,0.4318181818181818,0.3787878787878788,0.6212121212121212,0.0,445.3544993662864,2644.3869589490296,0.8326996197718631,1.0,38,330,male,23,J57489
781f69b185122bfaddca,14,0.2698412698412698,0.5396825396825397,0.28125,47,45,0,34,126,126,0.3412698412698413,1.6111111111111112,13.888,g7R2j,0.4126984126984127,0.07936507936507936,0.9206349206349206,0.0,356.62960000000004,2066.330724648991,0.504,1.0,33,1068,male,22,J78901
78uyv6k6u49krocgtkzu,11,0.17073170731707318,0.3597560975609756,0.5639097744360902,70,66,0,28,164,164,0.23780487804878048,0.8658536585365854,6.374233128834356,y9W5d,0.23780487804878048,0.29878048780487804,0.7012195121951219,0.0,1167.2186094069532,1980.5717550688892,0.17791411042944785,0.47619047619047616,36,1170,male,20,J87654
792e3326f0d9f68389d9,15,0.14285714285714285,0.4228571428571429,0.17204301075268819,111,189,0,50,350,350,0.17714285714285713,0.6142857142857143,4.371428571428571,y9W5d,0.26,0.4114285714285714,0.5885714285714285,0.0,378.64326647564474,2638.252334023823,0.8022922636103151,1.0,38,766,female,23,J57489
79cvflltnemb9zpg6pgl,11,0.2545454545454545,0.32727272727272727,0.6055045871559633,61,60,2,42,165,165,0.18181818181818182,0.8,3.5962732919254656,y9W5d,0.24242424242424243,0.2606060606060606,0.7393939393939394,0.0,945.9940040650406,2011.6459669397595,0.17073170731707318,0.5,38,64,male,18,J78901
79ea7a2f63285f2fe26b,9,0.09178743961352658,0.05314009661835749,0.19736842105263158,95,93,0,19,207,207,0.357487922705314,1.5748792270531402,5.193236714975845,y9W5d,0.36231884057971014,0.10628019323671498,0.893719806763285,0.0,524.2422330097087,2825.0485288829495,0.7427184466019418,1.0,38,31,male,19,J57489
79fdbcf16db75f75383a,14,0.04020100502512563,0.5125628140703518,0.1744186046511628,85,106,0,8,199,199,0.23115577889447236,1.1256281407035176,2.9246231155778895,y9W5d,0.35678391959798994,0.11055276381909548,0.8894472361809045,0.0,618.4496632996633,3415.112252639339,0.6919191919191919,1.0,38,99,male,22,J23517
7a600fb7e3750998e7ae,4,0.464,0.16,0.9444444444444444,32,24,11,58,125,125,0.36,1.344,4.632,y9W5d,0.28,0.28,0.72,0.0,197.7375,386.11696194291,0.3387096774193548,1.0,38,252,female,23,J78901
7ab9a2516b2dba99c36c,9,0.2125,0.3625,0.15625,63,0,0,17,80,80,0.5375,1.4,3.55,r8S3g,0.375,0.4375,0.5625,0.0,564.5215189873418,3254.398540495396,0.810126582278481,0.9,36,209,male,20,J87654
7b1d65c8c7637c14d9f2,10,0.17763157894736842,0.0,0.09722222222222222,85,40,0,27,152,152,0.29605263157894735,0.8421052631578947,4.1118421052631575,r8S3g,0.506578947368421,0.743421052631579,0.2565789473684211,0.0,678.4470198675497,5610.633362299525,0.8675496688741722,1.0,38,1233,male,18,J57489
7bb37669654dedc7e397,10,0.0736196319018405,0.07975460122699386,0.3888888888888889,105,46,0,12,163,163,0.34355828220858897,1.0061349693251533,3.3190184049079754,r8S3g,0.2392638036809816,0.4294478527607362,0.5705521472392638,0.0,312.99053497942384,1376.6068611136357,0.7222222222222222,1.0,38,328,female,21,J57489
7bfbef4127aeec4b344e,8,0.29283489096573206,0.6199376947040498,0.25210084033613445,113,114,0,94,321,321,0.205607476635514,0.6510903426791277,3.8369905956112853,y9W5d,0.3177570093457944,0.2616822429906542,0.7383177570093458,0.0,532.4228645833333,2299.7105119824623,0.7375,1.0,38,1121,male,19,J23517
7c039dde693a18f3a834,12,0.06666666666666667,0.0,0.16363636363636364,48,92,0,10,150,150,0.30666666666666664,0.96,4.613333333333333,m3D1v,0.2866666666666667,0.3333333333333333,0.6666666666666666,0.0,523.7763982102908,3535.6341553488837,0.8187919463087249,1.0,38,802,female,22,J40192
7c1d8516e6c2ab2d3030,12,0.0,0.06862745098039216,0.08421052631578947,36,66,0,0,102,102,0.5392156862745098,1.4901960784313726,3.392156862745098,r8S3g,0.2647058823529412,0.45098039215686275,0.5490196078431373,0.0,1337.619306930693,6145.829789902588,0.8118811881188119,1.0,38,313,female,22,J23517
7c27b1482db039a6eee9,14,0.2604166666666667,0.2916666666666667,0.2159090909090909,8,63,0,25,96,96,0.4583333333333333,1.5729166666666667,16.1875,r8S3g,0.2604166666666667,0.3229166666666667,0.6770833333333334,0.0,1323.7770175438598,4448.435680290933,0.43157894736842106,1.0,38,1319,female,22,J57489
7c2qxvccum7f93e8ohgt,12,0.1564245810055866,0.2849162011173184,0.6542056074766355,60,91,0,28,179,179,0.2849162011173184,0.9664804469273743,3.8146067415730336,m3D1v,0.25139664804469275,0.31843575418994413,0.6815642458100558,0.0,853.5786516853933,1470.8420613559394,0.21348314606741572,0.65,37,289,female,21,J78901
7c30aec52f13bebe07a6,10,0.1896551724137931,0.017241379310344827,0.22413793103448276,59,35,0,22,116,116,0.43103448275862066,1.1810344827586208,6.931034482758621,r8S3g,0.3017241379310345,0.47413793103448276,0.5258620689655172,0.0,712.3715942028986,3436.4984084113185,0.591304347826087,1.0,38,797,male,23,J87654
7c3fa9ed66d940d49692,6,0.35714285714285715,0.14935064935064934,0.32894736842105265,154,44,0,110,308,308,0.16883116883116883,0.7792207792207793,4.052980132450331,m3D1v,0.2857142857142857,0.45454545454545453,0.5454545454545454,0.0,352.6552117263844,2370.845804298842,0.6058631921824105,1.0,38,124,female,21,J23517
7d882daa0b4d418d1d0c,11,0.023668639053254437,0.17751479289940827,0.24,107,58,0,4,169,169,0.34911242603550297,1.680473372781065,4.3017751479289945,g7R2j,0.28994082840236685,0.10650887573964497,0.893491124260355,0.0,636.0717261904762,2759.760072418959,0.6547619047619048,1.0,38,133,female,19,J23517
7ddzwidmh4uwbopvlast,13,0.19875776397515527,0.37888198757763975,0.6238532110091743,56,73,0,32,161,161,0.2111801242236025,0.8633540372670807,3.8734177215189876,m3D1v,0.3416149068322981,0.3105590062111801,0.6894409937888198,0.0,969.3232291666667,1668.2746396843756,0.16875,0.5555555555555556,37,459,male,18,J87654
7ec5fc60b1ce755e0e17,10,0.28342245989304815,0.25668449197860965,0.3684210526315789,169,99,0,106,374,374,0.40106951871657753,1.2647058823529411,4.486559139784946,m3D1v,0.27540106951871657,0.27807486631016043,0.7219251336898396,0.0,287.5226988382484,1357.8959664486583,0.7640750670241286,1.0,38,605,male,20,J87654
7eeq2weegodhsqj7bxc2,14,0.11518324607329843,0.2774869109947644,0.5982142857142857,64,105,0,22,191,191,0.32460732984293195,1.057591623036649,8.615789473684211,m3D1v,0.2356020942408377,0.32460732984293195,0.675392670157068,0.0,841.1129824561405,1647.5537981038897,0.2789473684210526,0.6842105263157895,38,1282,female,23,J87654
7f1c076b22be73eef99b,13,0.0431266846361186,0.18059299191374664,0.34328358208955223,85,251,19,16,371,371,0.20754716981132076,0.8301886792452831,10.226415094339623,r8S3g,0.3584905660377358,0.4474393530997305,0.5525606469002695,0.0,256.3814864864865,1725.9440650917388,0.7702702702702703,1.0,38,502,male,18,J57489
7f58862bfed16feedfd6,10,0.22,0.11,0.8,46,32,0,22,100,100,0.44,1.76,28.03,m3D1v,0.25,0.15,0.85,0.0,128.59377104377103,499.2889721127327,0.42424242424242425,1.0,38,1237,female,19,J40192
7f91b4ad141d21887b79,12,0.16988416988416988,0.14671814671814673,0.18421052631578946,98,117,0,44,259,259,0.19305019305019305,0.7451737451737451,13.98031496062992,y9W5d,0.277992277992278,0.16602316602316602,0.833976833976834,0.0,418.771511627907,3293.193725280977,0.7364341085271318,1.0,38,627,male,24,J23517
7ffc1d4e5026fc5195ea,12,0.27884615384615385,0.11538461538461539,0.19834710743801653,29,46,0,29,104,104,0.5192307692307693,1.6538461538461537,16.596153846153847,g7R2j,0.3076923076923077,0.21153846153846154,0.7884615384615384,0.0,1684.664724919094,5480.769877795573,0.3786407766990291,1.0,38,1327,male,18,J57489
7iulsxm22wz4v82hgb2g,14,0.15976331360946747,0.3136094674556213,0.5555555555555556,68,74,0,27,169,169,0.21893491124260356,0.9112426035502958,6.619047619047619,y9W5d,0.27218934911242604,0.25443786982248523,0.7455621301775148,0.0,1147.0315476190476,2179.421093549255,0.18452380952380953,0.5909090909090909,38,1189,male,22,J23517
7kqvekz6iho08947fhk9,11,0.22297297297297297,0.32432432432432434,0.45255474452554745,65,48,2,33,148,148,0.25675675675675674,1.0067567567567568,6.145833333333333,m3D1v,0.3108108108108108,0.2635135135135135,0.7364864864864865,0.0,1330.9602040816326,2485.1430237120353,0.1564625850340136,0.5652173913043478,38,1007,female,24,J57489
7n0vh1m7hm3g0v8ggv7v,13,0.20930232558139536,0.21511627906976744,0.5161290322580645,50,86,0,36,172,172,0.22674418604651161,0.8255813953488372,10.888235294117647,m3D1v,0.23837209302325582,0.36627906976744184,0.6337209302325582,0.0,1040.1762183235867,2129.23066572087,0.2046783625730994,0.5652173913043478,36,1332,male,20,J40192
7r0ywonplo8up7m35eav,11,0.2080536912751678,0.28187919463087246,0.6095238095238096,61,57,0,31,149,149,0.28187919463087246,0.9328859060402684,4.655405405405405,r8S3g,0.2550335570469799,0.37583892617449666,0.6241610738255033,0.0,1011.5515765765765,1592.3051459339438,0.20270270270270271,0.5,35,295,male,23,J87654
7ssihtyt72rzukfci0o1,14,0.2,0.275,0.4927536231884058,63,62,3,32,160,160,0.225,0.825,6.90566037735849,m3D1v,0.2625,0.29375,0.70625,0.0,1241.0886792452832,2034.3713565647524,0.16981132075471697,0.52,38,1192,male,19,J23517
800d0095388d11344b78,14,0.007407407407407408,0.5259259259259259,0.21739130434782608,25,109,0,1,135,135,0.3111111111111111,0.9925925925925926,5.17910447761194,r8S3g,0.2740740740740741,0.5259259259259259,0.4740740740740741,0.0,484.7690298507462,2562.7007227498148,0.7835820895522388,0.8125,38,487,female,22,J23517
80xvovy2zizaj5kr0va5,14,0.24175824175824176,0.3021978021978022,0.5925925925925926,51,87,0,44,182,182,0.23076923076923078,0.8131868131868132,6.967032967032967,m3D1v,0.2692307692307692,0.29120879120879123,0.7087912087912088,0.0,856.0999079189686,1754.4333618294825,0.2430939226519337,0.42857142857142855,38,1261,female,23,J78901
81931021ce711e124d0b,10,0.2018348623853211,0.4518348623853211,0.3582089552238806,229,119,0,88,436,436,0.1353211009174312,1.018348623853211,19.267898383371826,y9W5d,0.4334862385321101,0.18577981651376146,0.8142201834862385,0.0,220.2556704980843,1187.7970476281287,0.7517241379310344,1.0,38,580,male,20,J78901
81c441973fd4e024d60a,1,0.43370165745856354,0.2513812154696133,0.4939759036144578,91,114,0,157,362,362,0.20718232044198895,0.7237569060773481,13.014005602240896,m3D1v,0.2569060773480663,0.2265193370165746,0.7734806629834254,0.0,326.0623268698061,1206.4025657306458,0.6371191135734072,1.0,38,509,male,20,J87654
81c4c46f19cb21d54bbb,5,0.30303030303030304,0.06818181818181818,0.24444444444444444,75,17,0,40,132,132,0.3333333333333333,1.0984848484848484,3.840909090909091,y9W5d,0.25757575757575757,0.15151515151515152,0.8484848484848485,0.0,978.5044529262086,3127.7801456183006,0.549618320610687,1.0,38,38,male,19,J57489
81e59e96ce9bd6a76bdb,15,0.275,0.025,0.14754098360655737,49,67,0,44,160,160,0.34375,1.15625,29.29375,m3D1v,0.29375,0.175,0.825,0.0,547.7243186582808,3715.959975072223,0.6918238993710691,1.0,38,623,female,23,J40192
81kmylu471y1njt1pin3,12,0.21264367816091953,0.20689655172413793,0.6346153846153846,77,59,1,37,174,174,0.25862068965517243,0.867816091954023,7.803468208092486,m3D1v,0.27011494252873564,0.3160919540229885,0.6839080459770115,0.0,857.1435452793834,1506.0675941453535,0.18497109826589594,0.5833333333333334,38,814,female,20,J87654
8242b99ad9d6609fd19c,7,0.25925925925925924,0.35802469135802467,0.19047619047619047,60,0,0,21,81,81,0.5432098765432098,1.4197530864197532,2.728395061728395,m3D1v,0.3333333333333333,0.20987654320987653,0.7901234567901234,0.0,363.755,2596.5638281329066,0.875,0.9230769230769231,38,256,female,20,J78901
82da6d26645f8f71bd61,15,0.046511627906976744,0.19767441860465115,0.16666666666666666,46,36,0,4,86,86,0.5232558139534884,1.5465116279069768,4.059523809523809,t5V9e,0.36046511627906974,0.43023255813953487,0.5697674418604651,0.0,1712.612745098039,5233.470376693445,0.3764705882352941,1.0,37,402,male,20,J87654
83b54209fa2b1055369b,13,0.21333333333333335,0.17777777777777778,0.32926829268292684,90,87,0,48,225,225,0.24,1.1422222222222222,6.182222222222222,m3D1v,0.3466666666666667,0.19555555555555557,0.8044444444444444,0.0,519.3165178571429,1875.223419650936,0.7008928571428571,1.0,38,510,female,19,J23517
83bf9b0424c17c9e13e7,11,0.11224489795918367,0.37755102040816324,0.16393442622950818,38,49,0,11,98,98,0.4897959183673469,1.4795918367346939,4.257731958762887,m3D1v,0.35714285714285715,0.16326530612244897,0.8367346938775511,0.0,1804.3513745704468,5229.8969661443,0.5773195876288659,1.0,38,1303,female,22,J40192
84146496b8d6256d6982,13,0.14754098360655737,0.0,0.15555555555555556,8,44,0,9,61,61,0.7213114754098361,1.9508196721311475,4.377049180327869,m3D1v,0.3114754098360656,0.32786885245901637,0.6721311475409836,0.0,1065.7552777777778,4470.506844001528,0.6666666666666666,1.0,38,979,male,21,J78901
84e8300978b600b5f0ba,15,0.25510204081632654,0.21428571428571427,0.1951219512195122,58,88,0,50,196,196,0.32142857142857145,1.346938775510204,3.2653061224489797,y9W5d,0.2653061224489796,0.25510204081632654,0.7448979591836735,0.0,598.628376068376,2912.838181507954,0.7692307692307693,1.0,38,201,female,21,J57489
84f116e542feb4ff69c0,2,0.8095238095238095,0.6607142857142857,0.08571428571428572,23,9,0,136,168,168,0.27380952380952384,0.8273809523809523,13.053571428571429,r8S3g,0.31547619047619047,0.375,0.625,0.0,596.2374251497006,5881.270647389868,0.8682634730538922,0.8125,37,1248,female,18,J40192
852687af72e9ee38fb42,15,0.2,0.5833333333333334,0.16666666666666666,13,35,0,12,60,60,0.7333333333333333,2.15,39.68333333333333,g7R2j,0.26666666666666666,0.23333333333333334,0.7666666666666667,0.0,709.6935028248588,4272.19571211179,0.3728813559322034,1.0,38,971,male,18,J23517
854ce9f7f4d7b6115854,12,0.37362637362637363,0.3516483516483517,0.5909090909090909,34,23,0,34,91,91,0.4835164835164835,1.4945054945054945,3.6263736263736264,m3D1v,0.31868131868131866,0.21978021978021978,0.7802197802197802,0.0,334.3575925925926,922.9187391786442,0.5444444444444444,1.0,34,430,male,19,J40192
855b21869c4fdbed8047,3,0.7073170731707317,0.7073170731707317,0.08333333333333333,0,24,0,58,82,82,0.5365853658536586,1.548780487804878,13.060975609756097,m3D1v,0.34146341463414637,0.24390243902439024,0.7560975609756098,0.0,632.103086419753,5111.551580798871,0.8641975308641975,1.0,38,1234,female,24,J40192
8596e232b0d863cd3130,2,0.48031496062992124,0.3937007874015748,0.20512820512820512,41,25,0,61,127,127,0.3700787401574803,1.4409448818897639,4.284552845528455,y9W5d,0.3228346456692913,0.2204724409448819,0.7795275590551181,0.0,1318.9686507936508,3793.074503465266,0.5317460317460317,1.0,38,1316,male,22,J87654
86215294b080f19af22f,14,0.17314487632508835,0.18374558303886926,0.18269230769230768,95,139,0,49,283,283,0.2049469964664311,0.657243816254417,3.7224199288256226,y9W5d,0.26148409893992935,0.31802120141342755,0.6819787985865724,0.0,527.3510047281324,2958.9403735491237,0.7411347517730497,1.0,38,53,female,21,J78901
8711049a2e0ef13bb10c,5,0.32954545454545453,0.29545454545454547,0.21978021978021978,30,29,0,29,88,88,0.5227272727272727,1.5113636363636365,4.6022727272727275,r8S3g,0.23863636363636365,0.3181818181818182,0.6818181818181818,0.0,1494.697318007663,4044.2024309887997,0.4942528735632184,1.0,38,1047,male,24,J57489
875704a45c0214c68eae,11,0.04090909090909091,0.04090909090909091,0.2328767123287671,132,79,0,9,220,220,0.2409090909090909,0.9863636363636363,18.086363636363636,y9W5d,0.2545454545454545,0.31363636363636366,0.6863636363636364,0.0,471.29018264840187,4342.449468737489,0.6712328767123288,1.0,38,935,male,22,J57489
876aca2b8ce1958ea773,2,0.37745098039215685,0.1388888888888889,0.4861111111111111,135,246,0,231,612,612,0.08823529411764706,0.43790849673202614,3.4034482758620688,r8S3g,0.2679738562091503,0.3937908496732026,0.6062091503267973,0.0,168.2537643207856,876.588729865052,0.7266775777414075,1.0,38,39,female,19,J40192
8777bd09f180d330b147,11,0.15833333333333333,0.3,0.4153846153846154,110,80,12,38,240,240,0.19166666666666668,0.6125,4.357142857142857,m3D1v,0.275,0.32083333333333336,0.6791666666666667,0.0,386.7403068340307,1974.773349609378,0.6652719665271967,1.0,38,21,female,20,J78901
87aa4503451b6a77b2b7,14,0.013157894736842105,0.21052631578947367,0.16666666666666666,46,104,0,2,152,152,0.34868421052631576,1.131578947368421,3.9078947368421053,m3D1v,0.3092105263157895,0.2894736842105263,0.7105263157894737,0.0,1136.3273730684327,4797.504213856582,0.6225165562913907,1.0,38,1295,female,23,J40192
8975db410fd78d462688,11,0.265625,0.1640625,0.17647058823529413,70,24,0,34,128,128,0.4375,1.84375,9.703125,y9W5d,0.3359375,0.109375,0.890625,0.0,567.141469816273,3282.6582467949256,0.5748031496062992,1.0,38,785,female,23,J78901
8979427badebb9e2bd10,5,0.46153846153846156,0.3076923076923077,0.22077922077922077,40,37,0,66,143,143,0.3356643356643357,1.167832167832168,3.23943661971831,m3D1v,0.35664335664335667,0.09090909090909091,0.9090909090909091,0.0,766.5860328638498,3197.0621675263883,0.5563380281690141,1.0,38,17,female,18,J23517
897f6d3de550ebf68384,5,0.49473684210526314,0.2736842105263158,0.2891566265060241,44,52,0,94,190,190,0.3105263157894737,1.0894736842105264,8.205263157894738,r8S3g,0.32105263157894737,0.4368421052631579,0.5631578947368421,0.0,624.0569664902998,2671.788686216464,0.6455026455026455,1.0,38,1162,male,22,J40192
8a9f3822aaa08e579e4f,5,0.7430555555555556,0.0,0.6666666666666666,27,10,0,107,144,144,0.2986111111111111,1.125,12.556338028169014,y9W5d,0.3125,0.2708333333333333,0.7291666666666666,0.0,51.73508158508159,344.8116851596904,0.7552447552447552,0.9583333333333334,38,527,female,18,J57489
8ajv97zyciosc57q0cng,14,0.2222222222222222,0.291005291005291,0.7111111111111111,85,61,1,42,189,189,0.25925925925925924,0.8835978835978836,3.814814814814815,m3D1v,0.2698412698412698,0.30687830687830686,0.6931216931216931,0.0,682.5557624113476,1120.4268476719685,0.20212765957446807,0.7391304347826086,37,274,female,24,J57489
8b1fbc97391699e46cef,13,0.0872865275142315,0.23719165085388993,0.4358974358974359,252,229,0,46,527,527,0.09108159392789374,0.5445920303605313,3.727626459143969,m3D1v,0.2618595825426945,0.2618595825426945,0.7381404174573055,0.0,210.73171736375159,1296.7888914545922,0.714828897338403,1.0,38,22,female,23,J57489
8b6d1125760bd3939b6e,14,0.07865168539325842,0.0,0.057971014492753624,31,51,0,7,89,89,0.4943820224719101,1.3595505617977528,3.191011235955056,r8S3g,0.3258426966292135,0.42696629213483145,0.5730337078651685,0.0,1119.3301136363636,7731.829283732491,0.8409090909090909,1.0,38,1,female,24,J23517
8bece93f0b270602e64f,14,0.049689440993788817,0.18633540372670807,0.19480519480519481,67,86,0,8,161,161,0.33540372670807456,0.8819875776397516,6.1572327044025155,r8S3g,0.2670807453416149,0.484472049689441,0.515527950310559,0.0,686.6560416666667,2827.6732196908283,0.75625,1.0,38,568,male,24,J23517
8bf3625652581859dcd1,12,0.0032258064516129032,0.11290322580645161,0.22666666666666666,124,185,0,1,310,310,0.24516129032258063,0.9225806451612903,8.170967741935485,y9W5d,0.2709677419354839,0.267741935483871,0.7322580645161291,0.0,345.29714131607335,1761.3106389139202,0.7961165048543689,1.0,38,495,male,20,J40192
8bj43lrpbsn3smxxn3xn,15,0.20689655172413793,0.33793103448275863,0.5714285714285714,50,65,0,30,145,145,0.2206896551724138,0.896551724137931,8.277777777777779,y9W5d,0.25517241379310346,0.3310344827586207,0.6689655172413793,0.0,1109.658912037037,1637.3404597428032,0.24305555555555555,0.2916666666666667,36,1266,female,22,J87654
8cvzwcc62ql4rqj0pyzl,3,0.2857142857142857,0.16149068322981366,0.5585585585585585,60,53,2,46,161,161,0.2546583850931677,0.9130434782608695,3.900621118012422,y9W5d,0.2360248447204969,0.30434782608695654,0.6956521739130435,0.0,991.4789583333334,2066.043405476776,0.175,0.6666666666666666,36,63,male,19,J57489
8d422b817027d7721870,10,0.19298245614035087,0.30701754385964913,0.28205128205128205,64,28,0,22,114,114,0.38596491228070173,1.5263157894736843,3.9911504424778763,m3D1v,0.2543859649122807,0.22807017543859648,0.7719298245614035,0.0,984.9386430678466,4386.495229924356,0.5486725663716814,1.0,38,58,male,22,J23517
8d93485dc6a4b2a9f03f,10,0.2828282828282828,0.7171717171717171,0.75,71,0,0,28,99,99,0.43434343434343436,1.2323232323232323,2.711340206185567,m3D1v,0.32323232323232326,0.29292929292929293,0.7070707070707071,0.0,48.60017006802721,349.6778107182043,0.9591836734693877,0.9333333333333333,38,257,male,21,J40192
8e1012c9f4775ba6a451,15,0.030612244897959183,0.43197278911564624,0.22105263157894736,93,477,0,18,588,588,0.07993197278911565,0.3877551020408163,4.949275362318841,m3D1v,0.3129251700680272,0.22959183673469388,0.7704081632653061,0.0,229.91283361726292,1678.6876510858162,0.8500851788756388,0.972972972972973,37,472,female,22,J57489
8e25bcfa51d165f162f6,11,0.14893617021276595,0.574468085106383,0.08490566037735849,37,43,0,14,94,94,0.5,1.4361702127659575,5.0212765957446805,y9W5d,0.2765957446808511,0.2127659574468085,0.7872340425531915,0.0,1623.4270609318996,6775.346706901818,0.6129032258064516,1.0,38,396,female,22,J87654
8ee4fdce37fceab5620a,13,0.06896551724137931,0.4827586206896552,0.1566265060240964,32,49,0,6,87,87,0.5862068965517241,1.4367816091954022,4.275862068965517,r8S3g,0.3448275862068966,0.4367816091954023,0.5632183908045977,0.0,1381.0335271317829,4441.510157416574,0.7674418604651163,1.0,38,1072,female,23,J23517
8f98bfcea1b9f0dba97e,13,0.04054054054054054,0.5405405405405406,0.15789473684210525,41,101,0,6,148,148,0.46621621621621623,1.7027027027027026,4.328671328671328,m3D1v,0.2972972972972973,0.18243243243243243,0.8175675675675675,0.0,921.7017006802721,6035.080651268261,0.6870748299319728,1.0,38,136,female,23,J78901
8f9ecba976a15fa5d900,12,0.270935960591133,0.270935960591133,0.18571428571428572,67,81,0,55,203,203,0.23645320197044334,0.8029556650246306,23.567164179104477,y9W5d,0.33004926108374383,0.1330049261083744,0.8669950738916257,0.0,490.41600660066007,2928.23522065782,0.7524752475247525,1.0,38,1117,male,24,J23517
8fb30cb5c7ad360c995f,11,0.1960352422907489,0.5726872246696035,0.32857142857142857,239,126,0,89,454,454,0.13876651982378854,0.920704845814978,5.766519823788546,y9W5d,0.18502202643171806,0.31938325991189426,0.6806167400881057,0.0,219.80735835172922,1510.224014888546,0.7969094922737306,1.0,38,230,male,19,J57489
8fe25991951e1f37568b,15,0.475,0.40625,0.1981981981981982,21,63,0,76,160,160,0.33125,0.98125,13.61875,y9W5d,0.3875,0.1875,0.8125,0.0,987.5342767295598,4083.6395411233048,0.5974842767295597,1.0,38,1300,female,21,J57489
8hn55e1bxuyegxa76l3r,10,0.17197452229299362,0.25477707006369427,0.48905109489051096,72,58,0,27,157,157,0.28662420382165604,0.9299363057324841,14.0,y9W5d,0.25477707006369427,0.2929936305732484,0.7070063694267515,0.0,1253.474252136752,2480.09635550136,0.17307692307692307,0.6111111111111112,36,989,male,21,J57489
8jo5o2abn697lg482k0e,11,0.24489795918367346,0.19047619047619047,0.7088607594936709,49,58,4,36,147,147,0.21768707482993196,0.8095238095238095,7.324137931034483,y9W5d,0.2857142857142857,0.2789115646258503,0.7210884353741497,0.0,774.5391552511416,1136.531544174051,0.1917808219178082,0.5217391304347826,36,637,female,18,J23517
8kvpozl8kjupzd4yvwbv,15,0.23529411764705882,0.22875816993464052,0.63,59,58,0,36,153,153,0.1437908496732026,0.5686274509803921,12.105960264900663,m3D1v,0.24183006535947713,0.26143790849673204,0.738562091503268,0.0,936.2733552631579,1291.7101432065806,0.17763157894736842,0.42857142857142855,38,547,male,22,J78901
8l0qqik09gqh0e5anus0,11,0.22085889570552147,0.25153374233128833,0.4744525547445255,63,62,2,36,163,163,0.26380368098159507,0.9447852760736196,23.876543209876544,y9W5d,0.2085889570552147,0.3128834355828221,0.6871165644171779,0.0,1208.1224279835392,2226.370182653403,0.17901234567901234,0.6,35,1006,female,19,J87654
8nqoz5k93j7it8w0muhl,8,0.17032967032967034,0.23076923076923078,0.6407766990291263,87,64,0,31,182,182,0.29120879120879123,1.0714285714285714,4.3,y9W5d,0.2967032967032967,0.1978021978021978,0.8021978021978022,0.0,808.1891344383057,1440.3789979845533,0.27071823204419887,0.6666666666666666,36,831,female,23,J78901
8rsw4xhmff15occogf32,12,0.20100502512562815,0.1507537688442211,0.5865384615384616,80,75,4,40,199,199,0.23618090452261306,0.8140703517587939,15.796954314720812,y9W5d,0.271356783919598,0.2562814070351759,0.7437185929648241,0.0,749.833164983165,1570.5678436647797,0.2222222222222222,0.5517241379310345,37,816,female,18,J57489
8urc1lsyw615q5prnxwh,13,0.19289340101522842,0.23857868020304568,0.6666666666666666,67,92,0,38,197,197,0.2233502538071066,0.7258883248730964,3.5714285714285716,r8S3g,0.25380710659898476,0.4619289340101523,0.5380710659898477,0.0,740.0710034013606,1214.1642180569602,0.20918367346938777,0.5925925925925926,38,373,male,22,J87654
8wkyo305dh8esq6eop37,12,0.1686746987951807,0.35542168674698793,0.5161290322580645,56,79,3,28,166,166,0.2710843373493976,1.0903614457831325,14.727272727272727,m3D1v,0.2710843373493976,0.28313253012048195,0.7168674698795181,0.0,1072.9974747474748,1850.606961529744,0.21818181818181817,0.44,38,1099,male,23,J40192
906ffe092972df38360a,10,0.23741007194244604,0.20863309352517986,0.5,92,14,0,33,139,139,0.3597122302158273,1.0575539568345325,3.920289855072464,r8S3g,0.4676258992805755,0.5467625899280576,0.45323741007194246,0.0,324.8084541062802,1201.2766261572262,0.6014492753623188,1.0,38,129,male,24,J78901
90f3fbedfce50f644011,14,0.25565217391304346,0.37043478260869567,0.18840579710144928,164,264,0,147,575,575,0.08521739130434783,0.38608695652173913,3.3181818181818183,m3D1v,0.2539130434782609,0.11826086956521739,0.8817391304347826,0.0,170.64779326364695,2691.4751068404244,0.872822299651568,1.0,38,340,male,22,J87654
90z3slav21r61p88ksba,14,0.1694915254237288,0.24858757062146894,0.5454545454545454,71,76,0,30,177,177,0.1977401129943503,0.8248587570621468,15.291428571428572,y9W5d,0.2655367231638418,0.2824858757062147,0.7175141242937854,0.0,1159.7799242424242,1964.9573437280642,0.14772727272727273,0.4827586206896552,38,1181,male,23,J23517
9104b8987aefa9d8e884,7,0.5873015873015873,0.2777777777777778,0.18181818181818182,37,15,0,74,126,126,0.42857142857142855,1.3174603174603174,3.6904761904761907,y9W5d,0.2222222222222222,0.12698412698412698,0.873015873015873,0.0,625.6723999999999,3553.566020660784,0.656,1.0,38,604,female,21,J87654
912794ea0c6936c83ce2,13,0.2140221402214022,0.14391143911439114,0.34579439252336447,107,106,0,58,271,271,0.16605166051660517,0.6642066420664207,4.573584905660377,m3D1v,0.26199261992619927,0.4132841328413284,0.5867158671586716,0.0,563.191975308642,2231.601517130049,0.6444444444444445,1.0,38,389,male,24,J57489
918236b530adbe510201,11,0.3037974683544304,0.4092827004219409,0.20952380952380953,115,50,0,72,237,237,0.29535864978902954,1.0759493670886076,3.8170212765957445,g7R2j,0.2616033755274262,0.18143459915611815,0.8185654008438819,0.0,635.9415960451977,3164.4886215102497,0.7245762711864406,1.0,38,218,female,24,J40192
919b6f74756bdb77edab,14,0.5401459854014599,0.30656934306569344,0.1926605504587156,20,43,0,74,137,137,0.32116788321167883,1.0072992700729928,6.532846715328467,r8S3g,0.30656934306569344,0.4233576642335766,0.5766423357664233,0.0,1149.3669117647057,3542.978917759926,0.6544117647058824,1.0,38,1315,female,24,J78901
91ybnlkli8x332l13rrk,14,0.2147239263803681,0.19631901840490798,0.5648148148148148,56,70,2,35,163,163,0.17791411042944785,0.7300613496932515,4.044025157232705,y9W5d,0.26993865030674846,0.294478527607362,0.7055214723926381,0.0,952.151646090535,1962.9043932227294,0.1728395061728395,0.5,37,95,female,24,J87654
9294393fcd13593bc537,2,0.423728813559322,0.5677966101694916,0.3026315789473684,86,50,0,100,236,236,0.2584745762711864,0.9322033898305084,14.339055793991417,r8S3g,0.288135593220339,0.3813559322033898,0.6186440677966102,0.0,459.31801418439716,2014.705232489799,0.6936170212765957,1.0,38,581,female,24,J87654
9369995cb6743cb69182,12,0.2846715328467153,0.0948905109489051,0.1559633027522936,49,49,0,39,137,137,0.32116788321167883,1.4233576642335766,16.854014598540147,g7R2j,0.2846715328467153,0.20437956204379562,0.7956204379562044,0.0,1140.5667892156862,6740.592260175073,0.6029411764705882,1.0,38,1240,female,21,J87654
93c2f240de504736b8d0,2,0.36764705882352944,0.19117647058823528,0.44,47,37,2,50,136,136,0.34558823529411764,0.9705882352941176,3.0,m3D1v,0.375,0.39705882352941174,0.6029411764705882,0.0,250.90876543209876,981.5788962650898,0.7185185185185186,1.0,38,226,female,19,J40192
93f200d7351d4980fec6,13,0.06278026905829596,0.40358744394618834,0.16666666666666666,89,120,0,14,223,223,0.242152466367713,0.9417040358744395,11.018433179723502,y9W5d,0.242152466367713,0.336322869955157,0.6636771300448431,0.0,615.4794294294295,4166.916508179463,0.5135135135135135,1.0,38,469,male,19,J78901
93f451c36b535d39003d,4,0.7647058823529411,0.0,0.2857142857142857,16,0,0,52,68,68,0.6176470588235294,1.6176470588235294,2.764705882352941,m3D1v,0.3235294117647059,0.23529411764705882,0.7647058823529411,0.0,133.83532338308459,1049.7162076944016,0.7761194029850746,0.8181818181818182,38,346,male,24,J87654
93iq4xjhvlc8072fsfet,14,0.24550898203592814,0.25149700598802394,0.62,54,72,0,41,167,167,0.24550898203592814,0.9101796407185628,3.6325301204819276,m3D1v,0.24550898203592814,0.32335329341317365,0.6766467065868264,0.0,856.7575301204819,1535.3727866794923,0.21084337349397592,0.6,37,263,male,22,J57489
94066a900026329cd5cd,15,0.12462006079027356,0.4133738601823708,0.2727272727272727,141,147,0,41,329,329,0.1762917933130699,0.9148936170212766,8.312883435582823,y9W5d,0.25835866261398177,0.270516717325228,0.729483282674772,0.0,333.8676321138211,2094.461404243348,0.6829268292682927,1.0,38,611,male,23,J78901
9417c1b4c24e428984bc,11,0.1867881548974943,0.20045558086560364,0.25333333333333335,247,110,0,82,439,439,0.11845102505694761,0.48291571753986334,4.8741092636579575,y9W5d,0.3234624145785877,0.2528473804100228,0.7471526195899773,0.0,243.09790715372907,1889.1362027525372,0.8242009132420092,1.0,38,14,male,18,J78901
94752e120f6bb6178ad5,11,0.15950920245398773,0.294478527607362,0.2283464566929134,86,51,0,26,163,163,0.3006134969325153,1.3251533742331287,9.558282208588958,y9W5d,0.3067484662576687,0.2085889570552147,0.7914110429447853,0.0,1116.485390946502,4328.227981507677,0.5308641975308642,0.9545454545454546,38,1290,female,23,J78901
9493dac6dc982d2b3dbe,14,0.2542016806722689,0.5273109243697479,0.3103448275862069,131,224,0,121,476,476,0.09873949579831932,0.47689075630252103,14.29723991507431,m3D1v,0.28781512605042014,0.35294117647058826,0.6470588235294118,0.0,172.85480701754386,1128.7114524627048,0.7957894736842105,1.0,38,603,male,18,J57489
94a770d27cae58950a5b,3,0.39263803680981596,0.08588957055214724,0.2222222222222222,29,70,0,64,163,163,0.31901840490797545,1.2638036809815951,6.9815950920245395,r8S3g,0.3312883435582822,0.4049079754601227,0.5950920245398773,0.0,788.7145061728395,2736.897087799763,0.6604938271604939,1.0,38,1138,male,20,J57489
951678e2f3db4cd9911d,4,0.47572815533980584,0.6310679611650486,0.3,35,19,0,49,103,103,0.4368932038834951,1.7766990291262137,4.313725490196078,g7R2j,0.2815533980582524,0.17475728155339806,0.8252427184466019,0.0,414.1745098039216,2580.438443143774,0.5196078431372549,1.0,38,414,male,21,J57489
951d2aca1b8a1c336908,15,0.12727272727272726,0.01090909090909091,0.23636363636363636,108,132,0,35,275,275,0.21818181818181817,0.8109090909090909,10.523636363636363,t5V9e,0.2545454545454545,0.36727272727272725,0.6327272727272727,0.0,283.52731143552313,2020.898359331238,0.8138686131386861,1.0,38,943,male,23,J87654
951eea03695f436017d3,13,0.0,0.0,0.18518518518518517,27,83,0,0,110,110,0.41818181818181815,1.1090909090909091,3.4545454545454546,r8S3g,0.3,0.38181818181818183,0.6181818181818182,0.0,347.37538226299694,2350.7423617443424,0.8990825688073395,0.9,38,244,female,21,J23517
952e59666bdde6dad94c,12,0.26246719160104987,0.07349081364829396,0.2345679012345679,127,154,0,100,381,381,0.1732283464566929,0.6824146981627297,4.8311345646438,m3D1v,0.33070866141732286,0.24934383202099739,0.7506561679790026,0.0,301.2864912280702,2352.196084438637,0.8026315789473685,1.0,38,486,male,19,J23517
953123cfe1c275e6d8a9,14,0.12582781456953643,0.1986754966887417,0.15853658536585366,47,85,0,19,151,151,0.2913907284768212,0.8013245033112583,6.218543046357616,m3D1v,0.2781456953642384,0.31125827814569534,0.6887417218543046,0.0,773.8706666666666,3280.742433099041,0.7933333333333333,1.0,38,1232,female,22,J40192
95889f5d20e344714084,14,0.19047619047619047,0.06493506493506493,0.14705882352941177,80,107,0,44,231,231,0.20346320346320346,0.5800865800865801,3.316017316017316,r8S3g,0.3722943722943723,0.41125541125541126,0.5887445887445888,0.0,419.07050724637685,2367.260537475988,0.7521739130434782,1.0,38,117,male,21,J87654
95i3ttsko6c6ol53ebql,14,0.18,0.29333333333333333,0.45652173913043476,69,54,0,27,150,150,0.18666666666666668,0.8733333333333333,11.952380952380953,y9W5d,0.31333333333333335,0.30666666666666664,0.6933333333333334,0.0,1320.2033557046982,2379.522314532958,0.21476510067114093,0.46153846153846156,34,1172,male,19,J78901
95jqkrj6zv7qf1wz1p8e,12,0.21153846153846154,0.23717948717948717,0.5961538461538461,65,54,4,33,156,156,0.2564102564102564,0.8782051282051282,9.39102564102564,y9W5d,0.3076923076923077,0.23076923076923078,0.7692307692307693,0.0,955.2191397849462,1787.8451430727785,0.18064516129032257,0.6086956521739131,36,826,female,23,J87654
960bf72352d4f58ad083,13,0.18018018018018017,0.31981981981981983,0.18072289156626506,57,125,0,40,222,222,0.22072072072072071,0.6891891891891891,4.301801801801802,m3D1v,0.3153153153153153,0.3333333333333333,0.6666666666666666,0.0,534.5737556561086,4320.205726768235,0.7149321266968326,1.0,38,952,male,23,J57489
96c23b85b0b4ffdc3cae,11,0.1875,0.08333333333333333,0.5,95,22,0,27,144,144,0.3125,1.1527777777777777,12.791666666666666,y9W5d,0.3055555555555556,0.13194444444444445,0.8680555555555556,0.0,212.01491841491844,976.1185928498505,0.6783216783216783,1.0,38,523,female,21,J40192
96dc0554852b5a94a400,12,0.4666666666666667,0.2787878787878788,0.09333333333333334,22,66,0,77,165,165,0.2787878787878788,0.7151515151515152,3.672727272727273,r8S3g,0.3575757575757576,0.43636363636363634,0.5636363636363636,0.0,653.875406504065,5162.808591634958,0.8048780487804879,1.0,38,573,male,18,J40192
9723ceb0cf2dca42c118,14,0.21052631578947367,0.21052631578947367,0.15476190476190477,92,85,3,48,228,228,0.21052631578947367,0.6008771929824561,7.099547511312217,m3D1v,0.37719298245614036,0.3991228070175439,0.6008771929824561,0.0,524.5986049926579,4222.900288739941,0.7444933920704846,1.0,38,972,male,22,J57489
977ece9de941d85308ac,10,0.32806324110671936,0.30434782608695654,0.20512820512820512,141,29,0,83,253,253,0.22529644268774704,0.5928853754940712,3.459349593495935,r8S3g,0.5059288537549407,0.6837944664031621,0.31620553359683795,0.0,442.8181878306878,2793.889839653444,0.8214285714285714,1.0,38,144,female,22,J23517
981cf48df067d975675b,15,0.06779661016949153,0.3135593220338983,0.34831460674157305,56,164,0,16,236,236,0.19915254237288135,0.8813559322033898,4.308035714285714,y9W5d,0.2838983050847458,0.2288135593220339,0.7711864406779662,0.0,541.6799290780142,1807.7960935100245,0.5829787234042553,1.0,38,150,female,24,J78901
98be3476791a8df7e937,4,0.47058823529411764,0.38390092879256965,0.1827956989247312,70,99,2,152,323,323,0.21362229102167182,0.7554179566563467,4.003095975232198,m3D1v,0.2848297213622291,0.4613003095975232,0.5386996904024768,0.0,410.3284679089027,3335.5061284582375,0.8198757763975155,1.0,38,961,male,21,J40192
98e10f84d94623f8b39e,11,0.09057971014492754,0.34782608695652173,0.07766990291262135,121,130,0,25,276,276,0.13405797101449277,0.4601449275362319,4.036764705882353,t5V9e,0.3079710144927536,0.45652173913043476,0.5434782608695652,0.0,535.2099393939394,5289.638347864485,0.7963636363636364,0.8333333333333334,38,8,male,18,J57489
9952cc289c9f690621ec,8,0.15789473684210525,0.0,0.4782608695652174,73,7,0,15,95,95,0.49473684210526314,1.5473684210526315,4.6,y9W5d,0.22105263157894736,0.23157894736842105,0.7684210526315789,0.0,337.8735815602837,1110.6740641720367,0.5531914893617021,1.0,38,344,male,20,J78901
99a53846658ba3341de6,14,0.23129251700680273,0.2585034013605442,0.2,50,63,0,34,147,147,0.30612244897959184,1.1496598639455782,4.476190476190476,y9W5d,0.23129251700680273,0.3333333333333333,0.6666666666666666,0.0,531.3687214611872,4384.839916830428,0.5616438356164384,1.0,38,317,male,22,J57489
99d6b8a1cc0020112951,15,0.3048128342245989,0.25133689839572193,0.2638888888888889,61,69,0,57,187,187,0.27807486631016043,1.0106951871657754,4.818181818181818,y9W5d,0.25133689839572193,0.20320855614973263,0.7967914438502673,0.0,547.7628136200716,3256.2418587502493,0.5591397849462365,1.0,38,56,male,19,J40192
99dj4o3b2f6m4jemke7d,14,0.12371134020618557,0.22164948453608246,0.6132075471698113,81,89,0,24,194,194,0.29896907216494845,1.1804123711340206,3.910994764397906,m3D1v,0.28865979381443296,0.23711340206185566,0.7628865979381443,0.0,787.0950777202072,1576.5115825258645,0.16580310880829016,0.7,37,182,female,22,J78901
9a25hcbd3mhgaj0fyelo,14,0.15822784810126583,0.21518987341772153,0.6310679611650486,62,71,0,25,158,158,0.3037974683544304,0.9746835443037974,4.057324840764331,m3D1v,0.2848101265822785,0.33544303797468356,0.6645569620253164,0.0,934.1529723991508,1371.2031311796666,0.2229299363057325,0.7272727272727273,33,380,female,23,J78901
9ad512cc6cbd79aa81c7,15,0.20689655172413793,0.3448275862068966,0.24705882352941178,15,76,1,24,116,116,0.43103448275862066,1.2413793103448276,11.189655172413794,m3D1v,0.35344827586206895,0.3879310344827586,0.6120689655172413,0.0,1052.5394202898551,3310.182709969165,0.4956521739130435,1.0,38,475,female,23,J40192
9b0guld0vdm0ggmmfb8k,14,0.1103448275862069,0.27586206896551724,0.552,56,73,0,16,145,145,0.30344827586206896,1.0758620689655172,12.277777777777779,y9W5d,0.2482758620689655,0.2827586206896552,0.7172413793103448,0.0,1240.4292824074073,1839.8832751261039,0.1875,0.5652173913043478,35,1091,male,18,J78901
9b1c065069dbb7a71617,11,0.010067114093959731,0.3959731543624161,0.10204081632653061,144,151,0,3,298,298,0.1476510067114094,0.48322147651006714,2.8959731543624163,m3D1v,0.23825503355704697,0.41946308724832215,0.5805369127516778,0.0,471.0207070707071,4197.48251845073,0.8855218855218855,1.0,38,400,male,22,J40192
9b43f5fcb5d592a689af,11,0.023148148148148147,0.09722222222222222,0.2857142857142857,137,74,0,5,216,216,0.28703703703703703,0.9907407407407407,3.97196261682243,y9W5d,0.3101851851851852,0.25462962962962965,0.7453703703703703,0.0,509.30085271317824,1994.015742522059,0.7023255813953488,1.0,38,597,female,24,J57489
9b913075e93b2b788102,8,0.2705061082024433,0.18848167539267016,0.2441860465116279,261,157,0,155,573,573,0.23036649214659685,0.7417102966841187,6.4308231173380035,y9W5d,0.3542757417102967,0.22338568935427575,0.7766143106457243,0.0,214.23481934731936,2368.1016237205204,0.7622377622377622,1.0,38,767,female,22,J78901
9be4ba08415daa1ee6fe,14,0.48717948717948717,0.0,0.10344827586206896,8,52,0,57,117,117,0.37606837606837606,1.1282051282051282,10.666666666666666,r8S3g,0.4358974358974359,0.5213675213675214,0.47863247863247865,0.0,1434.601867816092,6919.176121104217,0.7931034482758621,1.0,38,1329,female,24,J87654
9c2b85496091fd7f66d4,6,0.2535211267605634,0.352112676056338,0.2828282828282828,144,121,0,90,355,355,0.14366197183098592,0.7492957746478873,40.18731988472622,y9W5d,0.4,0.23098591549295774,0.7690140845070422,0.0,397.0800376647834,2214.4378797863383,0.7372881355932204,1.0,38,1124,male,23,J23517
9c39551b2cbe4f0c6d03,12,0.12626262626262627,0.24242424242424243,0.21951219512195122,77,96,0,25,198,198,0.23737373737373738,1.0101010101010102,10.253807106598984,y9W5d,0.23232323232323232,0.18686868686868688,0.8131313131313131,0.0,592.2240270727581,3727.4922335296746,0.6192893401015228,1.0,38,1224,male,22,J57489
9d02a160cd171c5f4c18,10,0.140625,0.3072916666666667,0.05263157894736842,146,19,0,27,192,192,0.2708333333333333,0.8125,3.5572916666666665,r8S3g,0.5572916666666666,0.75,0.25,0.0,708.4083769633507,5764.986250798124,0.8743455497382199,1.0,38,343,female,22,J78901
9d030ebc092b353b9906,14,0.10416666666666667,0.2777777777777778,0.29333333333333333,15,114,0,15,144,144,0.3125,1.2986111111111112,4.108695652173913,y9W5d,0.20833333333333334,0.3263888888888889,0.6736111111111112,0.0,745.2362470862471,2691.4750818235593,0.4825174825174825,1.0,38,152,female,19,J40192
9dbg3fyz4qnj7x9qug6x,14,0.23163841807909605,0.23163841807909605,0.5581395348837209,54,82,0,41,177,177,0.2768361581920904,0.9943502824858758,7.767045454545454,y9W5d,0.24858757062146894,0.3333333333333333,0.6666666666666666,0.0,1049.7783143939394,1942.0377478476428,0.1875,0.631578947368421,36,1364,female,18,J87654
9e4c54a008ee874fc270,11,0.23163841807909605,0.0847457627118644,0.3116883116883117,68,68,0,41,177,177,0.2768361581920904,1.1016949152542372,5.056497175141243,g7R2j,0.2711864406779661,0.3446327683615819,0.655367231638418,0.0,625.2632575757576,3071.1916365973907,0.5681818181818182,1.0,38,213,male,24,J40192
9e7bdc44129bf5acc196,12,0.2103448275862069,0.10344827586206896,0.3,64,165,0,61,290,290,0.22413793103448276,0.6172413793103448,4.475862068965517,m3D1v,0.3137931034482759,0.4068965517241379,0.593103448275862,0.0,194.19140715109572,1431.8411876366847,0.8615916955017301,1.0,38,225,male,19,J57489
9ea29e4a747ea4a7c70a,15,0.21904761904761905,0.06666666666666667,0.3698630136986301,129,117,0,69,315,315,0.20952380952380953,0.819047619047619,4.022653721682848,g7R2j,0.21587301587301588,0.23174603174603176,0.7682539682539683,0.0,331.48906581740977,1388.899340709544,0.6401273885350318,1.0,38,10,female,24,J78901
9ee3e6df01c7cc22d066,11,0.10882352941176471,0.4323529411764706,0.23529411764705882,206,97,0,37,340,340,0.15294117647058825,0.6676470588235294,3.264094955489614,m3D1v,0.25588235294117645,0.3176470588235294,0.6823529411764706,0.0,356.82723697148475,2013.765065499409,0.7846607669616519,1.0,38,397,female,21,J23517
9ee4ff457095eaf23309,12,0.1258741258741259,0.25874125874125875,0.275,80,170,0,36,286,286,0.1853146853146853,0.5699300699300699,5.706293706293707,m3D1v,0.3006993006993007,0.22727272727272727,0.7727272727272727,0.0,399.24959064327487,1701.7546286579827,0.7789473684210526,1.0,38,511,female,22,J57489
9ef8a5baccebc3841cb2,12,0.07058823529411765,0.32941176470588235,0.13333333333333333,23,56,0,6,85,85,0.5764705882352941,2.023529411764706,5.976470588235294,y9W5d,0.32941176470588235,0.09411764705882353,0.9058823529411765,0.0,1781.9698412698413,7546.35008095839,0.42857142857142855,1.0,34,1048,male,18,J23517
9f0ce6d4cdf9d1772417,13,0.006535947712418301,0.09803921568627451,0.2087912087912088,66,86,0,1,153,153,0.35947712418300654,1.2418300653594772,7.529411764705882,y9W5d,0.477124183006536,0.1830065359477124,0.8169934640522876,0.0,849.6155701754385,3051.8166680278578,0.6907894736842105,1.0,38,769,female,20,J87654
9f447b50d5788f7b4d0a,15,0.0,0.17567567567567569,0.25773195876288657,21,127,0,0,148,148,0.32432432432432434,0.9594594594594594,12.155405405405405,r8S3g,0.4527027027027027,0.5675675675675675,0.43243243243243246,0.0,938.1649659863946,3879.28938130368,0.5986394557823129,1.0,38,932,male,22,J57489
9jq31h6i3ny1lx0mx89e,9,0.25980392156862747,0.22549019607843138,0.6274509803921569,82,66,3,53,204,204,0.27450980392156865,0.9117647058823529,3.900497512437811,m3D1v,0.27450980392156865,0.3333333333333333,0.6666666666666666,0.0,718.2918719211823,1407.1052280472907,0.2315270935960591,0.72,37,828,male,23,J78901
9lfh7vk4u8eh6zz1dmvp,12,0.17834394904458598,0.22929936305732485,0.6310679611650486,60,69,0,28,157,157,0.24203821656050956,0.821656050955414,3.5605095541401273,m3D1v,0.2356687898089172,0.3630573248407643,0.6369426751592356,0.0,940.7191239316239,1262.3661749404203,0.22435897435897437,0.4782608695652174,37,381,female,19,J78901
9nfrfi8p7oktnfr9c30b,12,0.21428571428571427,0.23469387755102042,0.7319587628865979,68,86,0,42,196,196,0.15816326530612246,0.5969387755102041,12.128205128205128,m3D1v,0.23469387755102042,0.28061224489795916,0.7193877551020408,0.0,710.4429059829059,1077.1202867773816,0.22564102564102564,0.5666666666666667,38,556,male,18,J87654
9npnusbksscam12fc4ut,14,0.2958579881656805,0.23076923076923078,0.48412698412698413,38,81,0,50,169,169,0.2958579881656805,0.9112426035502958,9.067484662576687,y9W5d,0.23668639053254437,0.38461538461538464,0.6153846153846154,0.0,1075.2027777777778,2123.1508795908053,0.2261904761904762,0.6956521739130435,38,1348,male,21,J78901
9trgand057juzal1kecf,14,0.11864406779661017,0.24858757062146894,0.5794392523364486,73,82,1,21,177,177,0.3333333333333333,1.1581920903954803,3.9248554913294798,y9W5d,0.23728813559322035,0.2711864406779661,0.7288135593220338,0.0,869.8068181818181,1783.2061604074706,0.2159090909090909,0.7619047619047619,37,169,female,20,J87654
9wax6sfj9cuqbbxc95om,6,0.19745222929936307,0.20382165605095542,0.6576576576576577,75,51,0,31,157,157,0.2611464968152866,0.8280254777070064,3.4387096774193546,y9W5d,0.25477707006369427,0.2802547770700637,0.7197452229299363,0.0,1016.1075854700854,1675.8128393974666,0.1858974358974359,0.43478260869565216,36,93,male,21,J87654
a05da04117e032cb4977,14,0.23225806451612904,0.3225806451612903,0.13114754098360656,44,75,0,36,155,155,0.3548387096774194,1.3741935483870968,17.0,y9W5d,0.2967741935483871,0.2129032258064516,0.7870967741935484,0.0,1135.4145021645022,5394.081164257745,0.538961038961039,1.0,38,1328,female,23,J40192
a06fdb8743c4d4ef09fe,8,0.09285714285714286,0.17857142857142858,0.2839506172839506,106,21,0,13,140,140,0.37142857142857144,1.0714285714285714,3.1285714285714286,r8S3g,0.45714285714285713,0.6142857142857143,0.38571428571428573,0.0,832.6177458033574,2768.5068704999935,0.6402877697841727,1.0,38,310,male,23,J87654
a0973be15e5e7116f121,8,0.0979020979020979,0.42657342657342656,0.2835820895522388,107,22,0,14,143,143,0.34965034965034963,1.2167832167832169,21.3006993006993,y9W5d,0.3006993006993007,0.20279720279720279,0.7972027972027972,0.0,670.6071596244132,2592.400720418461,0.5633802816901409,1.0,38,1156,female,20,J87654
a0a1991396f865c9e3dc,14,0.13345864661654136,0.36466165413533835,0.3522727272727273,84,366,11,71,532,532,0.13157894736842105,0.7988721804511278,4.768939393939394,g7R2j,0.26879699248120303,0.2199248120300752,0.7800751879699248,0.0,234.6153170119272,1716.9067539342957,0.7306967984934086,1.0,38,194,female,20,J87654
a0b36e07079573966740,14,0.0,0.0,0.046511627906976744,23,35,0,0,58,58,0.7586206896551724,2.1724137931034484,5.0,g7R2j,0.25862068965517243,0.22413793103448276,0.7758620689655172,0.0,1065.6119883040935,7985.524332629721,0.7543859649122807,1.0,38,970,male,19,J78901
a0fa57995e3e8cdcc13a,12,0.14560439560439561,0.19230769230769232,0.1509433962264151,138,173,0,53,364,364,0.260989010989011,1.4285714285714286,4.193905817174516,y9W5d,0.37362637362637363,0.09340659340659341,0.9065934065934066,0.0,415.6600091827365,2806.3441346946543,0.8236914600550964,1.0,38,422,male,21,J87654
a108f1103f798c85d061,8,0.0,0.0,1.0,53,0,0,0,53,53,0.8867924528301887,2.358490566037736,2.849056603773585,m3D1v,0.2830188679245283,0.22641509433962265,0.7735849056603774,0.0,0.5173076923076924,0.39307681812918116,1.0,0.0,38,258,female,21,J23517
a11b89c60677835e450c,2,0.4645669291338583,0.2204724409448819,0.1232876712328767,26,42,0,59,127,127,0.4566929133858268,1.7874015748031495,19.544,m3D1v,0.28346456692913385,0.14960629921259844,0.8503937007874016,0.0,823.3064814814815,5778.94827738711,0.5476190476190477,1.0,38,628,male,22,J23517
a12c27630a75f6a4a64a,9,0.016877637130801686,0.004219409282700422,0.625,134,99,0,4,237,237,0.23628691983122363,0.8270042194092827,4.252136752136752,m3D1v,0.3755274261603376,0.3080168776371308,0.6919831223628692,0.0,42.96045197740113,349.97126179413755,0.8135593220338984,1.0,38,967,female,24,J23517
a1a127e2bf29c380819c,10,0.39823008849557523,0.0,0.2564102564102564,48,20,0,45,113,113,0.4336283185840708,1.575221238938053,24.601769911504423,m3D1v,0.2920353982300885,0.20353982300884957,0.7964601769911505,0.0,492.3041666666667,3006.618643769369,0.5625,1.0,38,799,female,21,J78901
a1ed24a77c97b05064ef,15,0.36942675159235666,0.044585987261146494,0.2,28,71,0,58,157,157,0.267515923566879,0.7643312101910829,3.5095541401273884,r8S3g,0.4713375796178344,0.6050955414012739,0.39490445859872614,0.0,638.5294871794872,3280.318241921994,0.7692307692307693,0.8235294117647058,38,1214,male,23,J40192
a1fa76b5d99a411d6649,12,0.17204301075268819,0.0913978494623656,0.3037974683544304,89,65,0,32,186,186,0.3010752688172043,1.0591397849462365,3.978142076502732,y9W5d,0.24731182795698925,0.2956989247311828,0.7043010752688172,0.0,604.8165765765766,1995.5336172649045,0.6594594594594595,1.0,38,30,female,22,J78901
a2b5174e55754addcd68,14,0.14189189189189189,0.14189189189189189,0.1,57,70,0,21,148,148,0.34459459459459457,0.918918918918919,3.8986486486486487,r8S3g,0.32432432432432434,0.49324324324324326,0.5067567567567568,0.0,967.8804988662131,5795.117799383745,0.7210884353741497,1.0,38,1238,female,20,J57489
a2f48a796e250a14ff55,9,0.33678756476683935,0.2772020725388601,0.2222222222222222,197,57,2,130,386,386,0.2772020725388601,0.8626943005181347,20.628342245989305,m3D1v,0.32642487046632124,0.18911917098445596,0.810880829015544,0.0,297.73588744588744,2692.495729057957,0.8077922077922078,1.0,38,784,male,22,J40192
a30afe3tftu3pgsdxxdq,12,0.2097902097902098,0.32167832167832167,0.5480769230769231,49,64,0,30,143,143,0.15384615384615385,0.6573426573426573,26.12676056338028,m3D1v,0.25874125874125875,0.34965034965034963,0.6503496503496503,0.0,1041.0896713615025,1693.073352404518,0.18309859154929578,0.45454545454545453,35,555,male,23,J87654
a34fbbb7d9a19eb82450,13,0.18791946308724833,0.47651006711409394,0.323943661971831,41,80,0,28,149,149,0.33557046979865773,1.2013422818791946,13.89795918367347,y9W5d,0.2953020134228188,0.19463087248322147,0.8053691275167785,0.0,685.909009009009,2583.8200247370114,0.6013513513513513,1.0,38,615,male,24,J40192
a3a0e2129e405aef3d87,7,0.09195402298850575,0.011494252873563218,0.061855670103092786,50,29,0,8,87,87,0.5057471264367817,1.4022988505747127,3.0804597701149423,g7R2j,0.25287356321839083,0.19540229885057472,0.8045977011494253,0.0,1608.8548449612401,9702.374170074552,0.6046511627906976,1.0,38,309,male,22,J78901
a3c8ab369e2e928ed523,13,0.0,0.16666666666666666,0.08490566037735849,28,38,0,0,66,66,0.6666666666666666,1.9545454545454546,3.984848484848485,y9W5d,0.24242424242424243,0.24242424242424243,0.7575757575757576,0.0,2324.7123076923076,9924.196048312477,0.4461538461538462,1.0,38,1243,male,19,J78901
a3cd849a5a8d682e18db,9,0.36363636363636365,0.06993006993006994,0.14150943396226415,33,58,0,52,143,143,0.3356643356643357,1.2307692307692308,4.356643356643357,y9W5d,0.32167832167832167,0.32167832167832167,0.6783216783216783,0.0,1069.8767605633802,5193.784368860198,0.7323943661971831,1.0,38,1216,female,18,J78901
a4bfb84ab74e59389e7a,15,0.09210526315789473,0.28157894736842104,0.4166666666666667,71,274,0,35,380,380,0.15263157894736842,0.7657894736842106,3.408,y9W5d,0.3157894736842105,0.30526315789473685,0.6947368421052632,0.0,268.84934036939313,1249.7272025625484,0.7519788918205804,1.0,38,141,male,18,J78901
a55511198784610bf30b,14,0.02127659574468085,0.18617021276595744,0.2111111111111111,57,127,0,4,188,188,0.24468085106382978,0.7021276595744681,4.297872340425532,r8S3g,0.34574468085106386,0.44680851063829785,0.5531914893617021,0.0,686.3696078431373,2744.8415380139904,0.7433155080213903,1.0,38,232,female,23,J87654
a5966200ae4d58200438,14,0.25149700598802394,0.38922155688622756,0.24719101123595505,26,99,0,42,167,167,0.3473053892215569,1.3173652694610778,3.7650602409638556,y9W5d,0.2874251497005988,0.16167664670658682,0.8383233532934131,0.0,763.1556224899598,3659.902546455856,0.6686746987951807,1.0,38,114,male,24,J87654
a624e4f6e0a8f026cba9,11,0.07339449541284404,0.27522935779816515,0.2631578947368421,63,38,0,8,109,109,0.5045871559633027,1.5229357798165137,11.471698113207546,m3D1v,0.26605504587155965,0.1743119266055046,0.8256880733944955,0.0,1250.2141975308643,5025.929941279124,0.39814814814814814,1.0,38,939,male,20,J40192
a7fc1ba478db11fde063,14,0.09523809523809523,0.12380952380952381,0.144,34,61,0,10,105,105,0.42857142857142855,1.180952380952381,4.238095238095238,y9W5d,0.3142857142857143,0.21904761904761905,0.780952380952381,0.0,1715.9607371794873,6728.957514424702,0.5673076923076923,1.0,38,1022,male,18,J40192
a8350dcececa0b02dd14,11,0.10550458715596331,0.30275229357798167,0.13333333333333333,99,96,0,23,218,218,0.25229357798165136,1.201834862385321,4.243119266055046,y9W5d,0.3119266055045872,0.29357798165137616,0.7064220183486238,0.0,489.81336405529953,4563.712976139151,0.7926267281105991,1.0,37,334,male,18,J40192
a856f10303ba34926fdd,14,0.14814814814814814,0.36419753086419754,0.2,53,85,0,24,162,162,0.2777777777777778,1.0555555555555556,3.728395061728395,y9W5d,0.3395061728395062,0.24691358024691357,0.7530864197530864,0.0,933.545652173913,3491.495510700949,0.5279503105590062,1.0,38,413,female,21,J57489
a867295d48d4b4134903,10,0.24550898203592814,0.2245508982035928,0.2289156626506024,188,64,0,82,334,334,0.17065868263473055,0.6946107784431138,4.519756838905775,r8S3g,0.2155688622754491,0.2994011976047904,0.7005988023952096,0.0,353.854004004004,2870.947264266759,0.7687687687687688,1.0,38,1153,male,20,J87654
a8846b79555746e4f9df,8,0.2702702702702703,0.9594594594594594,0.16,54,0,0,20,74,74,0.5945945945945946,1.5945945945945945,2.8378378378378377,m3D1v,0.2972972972972973,0.24324324324324326,0.7567567567567568,0.0,478.8333333333333,3434.5162258283763,0.821917808219178,1.0,38,214,male,23,J87654
a8eea517e36b20757b2e,14,0.4956140350877193,0.3026315789473684,0.31746031746031744,64,51,0,113,228,228,0.21052631578947367,0.6403508771929824,3.013157894736842,m3D1v,0.36403508771929827,0.49122807017543857,0.5087719298245614,0.0,394.2506607929516,2275.4340205467747,0.7929515418502202,0.8260869565217391,38,5,male,22,J40192
a94a32ebd5f7d177053a,12,0.07604562737642585,0.022813688212927757,0.14864864864864866,108,135,0,20,263,263,0.20912547528517111,0.7870722433460076,5.346007604562738,y9W5d,0.39543726235741444,0.12547528517110265,0.8745247148288974,0.0,400.6374681933842,2425.412551897459,0.8206106870229007,1.0,38,596,female,23,J40192
a9554f5c3d61d05617e1,14,0.30569948186528495,0.5492227979274611,0.2073170731707317,40,94,0,59,193,193,0.25906735751295334,1.0518134715025906,3.9895833333333335,r8S3g,0.24870466321243523,0.47668393782383417,0.5233160621761658,0.0,610.6892361111111,3899.2872582286486,0.7083333333333334,1.0,38,403,male,18,J23517
a959b7dd7f65365313a4,15,0.16631578947368422,0.16842105263157894,0.17117117117117117,114,282,0,79,475,475,0.0968421052631579,0.32842105263157895,7.913793103448276,t5V9e,0.2463157894736842,0.37894736842105264,0.6210526315789474,0.0,335.38224331926864,2723.12897033558,0.869198312236287,1.0,38,1301,male,23,J78901
a95a606f0110653858b2,16,0.18518518518518517,0.29218106995884774,0.1927710843373494,37,161,0,45,243,243,0.18518518518518517,0.5308641975308642,3.319502074688797,m3D1v,0.27983539094650206,0.3991769547325103,0.6008230452674898,0.0,487.9433195592286,2301.952823670975,0.7396694214876033,1.0,38,481,male,23,J78901
a96027a83196027cf822,8,0.27717391304347827,0.41847826086956524,0.15714285714285714,74,59,0,51,184,184,0.27717391304347827,1.266304347826087,23.92817679558011,y9W5d,0.2826086956521739,0.15217391304347827,0.8478260869565217,0.0,545.2426229508196,3627.3650371758904,0.6775956284153005,1.0,38,624,male,24,J78901
a9e1aff282e8d6356dce,13,0.208955223880597,0.26119402985074625,0.17391304347826086,37,69,0,28,134,134,0.3283582089552239,0.8731343283582089,5.503875968992248,y9W5d,0.3805970149253731,0.22388059701492538,0.7761194029850746,0.0,737.7229323308271,3826.419023393925,0.6992481203007519,1.0,38,1154,male,21,J40192
aa83cf5fc68c1dcb5038,13,0.03070175438596491,0.10526315789473684,0.22972972972972974,63,158,0,7,228,228,0.30701754385964913,1.2412280701754386,4.214912280701754,y9W5d,0.32894736842105265,0.14912280701754385,0.8508771929824561,0.0,461.26314243759174,2654.892873697273,0.7092511013215859,1.0,38,321,male,23,J78901
aai4o855shne2taonl8m,14,0.313953488372093,0.14534883720930233,0.49612403100775193,47,71,0,54,172,172,0.25,0.8662790697674418,15.988372093023257,m3D1v,0.2616279069767442,0.3546511627906977,0.6453488372093024,0.0,1079.867641325536,1930.5245051858906,0.2222222222222222,0.7142857142857143,35,1343,female,21,J23517
ac4d829c715fb0c36ad5,17,0.11320754716981132,0.33962264150943394,0.5,9,38,0,6,53,53,0.8301886792452831,2.188679245283019,2.8653846153846154,y9W5d,0.24528301886792453,0.3018867924528302,0.6981132075471698,0.0,188.04391025641024,976.2093340347262,0.8846153846153846,1.0,38,347,male,24,J40192
ac896071204b0ce26a1e,14,0.17251908396946564,0.26564885496183205,0.25,199,343,0,113,655,655,0.13435114503816795,0.6274809160305344,5.810047095761382,m3D1v,0.23206106870229007,0.3053435114503817,0.6946564885496184,0.0,279.7642711518858,1952.6205696915667,0.8348623853211009,1.0,38,1284,male,19,J57489
ad29c5822807dabe497c,12,0.134185303514377,0.4440894568690096,0.2857142857142857,153,118,0,42,313,313,0.16932907348242812,0.6964856230031949,4.942122186495177,t5V9e,0.3450479233226837,0.3738019169329074,0.6261980830670927,0.0,350.1712606837607,1944.5900580672032,0.7596153846153846,1.0,38,584,male,24,J87654
adcc5c13042d66cbfc8b,11,0.12601626016260162,0.2601626016260163,0.19148936170212766,139,76,0,31,246,246,0.21951219512195122,0.8130081300813008,13.4,m3D1v,0.32926829268292684,0.32113821138211385,0.6788617886178862,0.0,546.7210884353741,3359.9754382833225,0.7428571428571429,1.0,38,1049,female,23,J78901
ae2e4cb7985c4ac71795,15,0.1937984496124031,0.3798449612403101,0.13829787234042554,52,52,0,25,129,129,0.40310077519379844,1.4031007751937985,6.341085271317829,g7R2j,0.26356589147286824,0.2868217054263566,0.7131782945736435,0.0,1046.1619791666667,5132.029345400872,0.6171875,1.0,38,248,male,23,J87654
af8dedf6ecb4605a09fa,6,0.15364583333333334,0.22395833333333334,0.4939759036144578,192,133,0,59,384,384,0.2604166666666667,1.1119791666666667,3.77023498694517,y9W5d,0.3177083333333333,0.203125,0.796875,0.0,306.7504351610096,1138.155236524679,0.6866840731070496,1.0,38,126,female,24,J78901
afc99b4940e933922aca,11,0.21568627450980393,0.29901960784313725,0.1262135922330097,107,53,0,44,204,204,0.22549019607843138,0.6225490196078431,3.4705882352941178,r8S3g,0.45098039215686275,0.6764705882352942,0.3235294117647059,0.0,723.2761083743842,4277.120953851106,0.8472906403940886,1.0,38,299,male,22,J87654
alj4azvv1eqg1cyr3ae3,11,0.267515923566879,0.2611464968152866,0.6161616161616161,64,51,0,42,157,157,0.31210191082802546,1.0828025477707006,3.567741935483871,m3D1v,0.24203821656050956,0.28662420382165604,0.7133757961783439,0.0,904.4130341880342,1571.8299265851203,0.19230769230769232,0.5833333333333334,38,291,male,21,J23517
amzij11bls4wa79p3cj8,12,0.16470588235294117,0.36470588235294116,0.56,75,66,1,28,170,170,0.24705882352941178,0.888235294117647,13.590361445783133,m3D1v,0.27058823529411763,0.35294117647058826,0.6470588235294118,0.0,1053.5067061143984,1655.7674039958981,0.17751479289940827,0.5217391304347826,36,1111,female,24,J40192
ao2x473zwn7k7a6gpfr9,13,0.2147239263803681,0.1656441717791411,0.6216216216216216,55,72,1,35,163,163,0.22085889570552147,0.7607361963190185,4.229813664596273,m3D1v,0.26380368098159507,0.3006134969325153,0.6993865030674846,0.0,979.2401234567901,1926.466251273716,0.14814814814814814,0.6296296296296297,38,81,female,18,J57489
apxifjd35xfq6t47ysls,14,0.20253164556962025,0.31645569620253167,0.5275590551181102,66,60,0,32,158,158,0.31645569620253167,1.1012658227848102,9.217948717948717,m3D1v,0.310126582278481,0.2088607594936709,0.7911392405063291,0.0,1155.357855626327,2142.255764459072,0.1592356687898089,0.7,36,1183,female,20,J23517
aqpg6qwtponj9ojmx6ls,12,0.1686746987951807,0.26506024096385544,0.6630434782608695,61,76,1,28,166,166,0.15060240963855423,0.6566265060240963,11.439759036144578,m3D1v,0.3192771084337349,0.3192771084337349,0.6807228915662651,0.0,787.2950505050505,1213.509081235602,0.21818181818181817,0.4074074074074074,37,533,female,23,J78901
avehb7ibwpvjcgcr474k,6,0.15853658536585366,0.012195121951219513,0.1388888888888889,39,30,0,13,82,82,0.6219512195121951,1.7682926829268293,3.475609756097561,m3D1v,0.4024390243902439,0.34146341463414637,0.6585365853658537,0.0,1269.39341563786,5506.84157061612,0.6172839506172839,1.0,38,981,female,21,J23517
awxiqzybhp95e08qx1h5,14,0.1342281879194631,0.2550335570469799,0.5769230769230769,56,73,0,20,149,149,0.24161073825503357,1.0,3.9662162162162162,y9W5d,0.3288590604026846,0.2751677852348993,0.7248322147651006,0.0,1001.140990990991,1629.6656371829888,0.22297297297297297,0.6190476190476191,33,156,female,20,J23517
axunv0aihh5wvi27tx50,14,0.16455696202531644,0.3291139240506329,0.528,63,69,0,26,158,158,0.2974683544303797,1.0253164556962024,22.153846153846153,m3D1v,0.3037974683544304,0.26582278481012656,0.7341772151898734,0.0,1133.9356687898091,2088.813083918557,0.20382165605095542,0.5555555555555556,34,1112,female,24,J87654
b050239b47c66a7280c9,11,0.1111111111111111,0.23232323232323232,0.22429906542056074,95,81,0,22,198,198,0.2777777777777778,0.8333333333333334,8.262626262626263,t5V9e,0.3484848484848485,0.5454545454545454,0.45454545454545453,0.0,778.8807952622673,3198.12183465886,0.7715736040609137,0.9523809523809523,37,1114,female,21,J40192
b083663157e08e36d335,11,0.02666666666666667,0.18666666666666668,0.11811023622047244,49,24,0,2,75,75,0.6533333333333333,1.7466666666666666,3.96,m3D1v,0.29333333333333333,0.25333333333333335,0.7466666666666667,0.0,2449.1583333333333,8451.244409577826,0.5675675675675675,1.0,38,963,female,20,J23517
b0a62c35bfc7f529e83b,15,0.32167832167832167,0.5244755244755245,0.3333333333333333,19,78,0,46,143,143,0.3146853146853147,0.8951048951048951,3.972027972027972,y9W5d,0.34265734265734266,0.24475524475524477,0.7552447552447552,0.0,503.20962441314555,1828.4228282103518,0.7112676056338029,1.0,38,412,male,24,J23517
b1976734aee3bf129820,13,0.0794979079497908,0.42677824267782427,0.2542372881355932,103,117,0,19,239,239,0.3514644351464435,1.3138075313807531,19.485355648535563,g7R2j,0.2175732217573222,0.19246861924686193,0.8075313807531381,0.0,350.903081232493,2198.6932584351275,0.7016806722689075,1.0,38,1064,female,20,J57489
b1b3363b7086aaa99b0d,8,0.30337078651685395,0.21348314606741572,0.3673469387755102,35,27,0,27,89,89,0.5617977528089888,1.5393258426966292,5.426966292134831,y9W5d,0.3258426966292135,0.20224719101123595,0.797752808988764,0.0,777.973106060606,2126.051635154048,0.48863636363636365,1.0,38,498,male,18,J23517
b1fbf77b475e79c3d413,11,0.24479166666666666,0.15885416666666666,0.09090909090909091,227,63,0,94,384,384,0.11458333333333333,0.40625,3.7989556135770237,t5V9e,0.5078125,0.7473958333333334,0.2526041666666667,0.0,285.5034812880766,2622.0660764623876,0.9033942558746736,0.75,38,501,female,18,J87654
b217bae3c84d59dde71f,15,0.046875,0.3958333333333333,0.21428571428571427,41,142,0,9,192,192,0.2552083333333333,0.7916666666666666,8.502673796791443,m3D1v,0.3854166666666667,0.23958333333333334,0.7604166666666666,0.0,731.5700698080279,3232.6792112222,0.7486910994764397,1.0,38,923,male,22,J87654
b26aab632fd33a01020a,15,0.09420289855072464,0.043478260869565216,0.23684210526315788,78,47,0,13,138,138,0.37681159420289856,1.5507246376811594,47.231884057971016,y9W5d,0.2898550724637681,0.2028985507246377,0.7971014492753623,0.0,791.7665450121655,2562.1624756226825,0.5912408759124088,1.0,38,598,female,20,J23517
b2imd0ms1p4fxkfcpygc,11,0.20422535211267606,0.24647887323943662,0.6923076923076923,64,47,2,29,142,142,0.2323943661971831,0.9436619718309859,13.105633802816902,y9W5d,0.2535211267605634,0.3028169014084507,0.6971830985915493,0.0,786.9336879432625,1147.1609350144759,0.14893617021276595,0.4444444444444444,36,635,male,21,J57489
b32b82ebae5971dd48df,15,0.059907834101382486,0.15207373271889402,0.2571428571428571,45,159,0,13,217,217,0.2672811059907834,1.2580645161290323,27.47926267281106,m3D1v,0.2672811059907834,0.15207373271889402,0.847926267281106,0.0,694.0552469135803,5427.105452204665,0.625,1.0,38,1223,male,20,J78901
b345ecad87a7fbac77ce,14,0.22088353413654618,0.1606425702811245,0.34831460674157305,206,182,0,110,498,498,0.2891566265060241,1.2469879518072289,4.451807228915663,y9W5d,0.3132530120481928,0.15863453815261044,0.8413654618473896,0.0,254.19470154258886,1827.9118729758645,0.7706237424547284,1.0,38,43,female,20,J23517
b34d4dc5b6c5fd7c5def,12,0.40229885057471265,0.13793103448275862,0.17142857142857143,28,24,0,35,87,87,0.5402298850574713,1.5747126436781609,4.747126436781609,r8S3g,0.26436781609195403,0.3563218390804598,0.6436781609195402,0.0,1162.3703488372093,3555.1647660762974,0.4883720930232558,1.0,38,415,male,24,J40192
b37bdce835e610d26c0c,19,0.18461538461538463,0.046153846153846156,0.12380952380952381,15,21,17,12,65,65,0.4307692307692308,1.2461538461538462,3.328125,m3D1v,0.4153846153846154,0.38461538461538464,0.6153846153846154,0.0,2348.9940104166667,8539.956259845982,0.5,0.9,23,1165,male,21,J78901
b3ac0cebf20ee45135ca,14,0.11320754716981132,0.2490566037735849,0.1919191919191919,97,138,0,30,265,265,0.1811320754716981,0.8754716981132076,12.992366412213741,m3D1v,0.2490566037735849,0.2,0.8,0.0,536.2707702020202,3259.0238690727133,0.7575757575757576,1.0,38,1066,female,24,J23517
b3e8039d33099e1d066c,15,0.14782608695652175,0.40869565217391307,0.19,19,79,0,17,115,115,0.4,1.1217391304347826,4.105263157894737,b3C9s,0.21739130434782608,0.19130434782608696,0.808695652173913,0.0,1251.7972222222222,4731.132849038933,0.6754385964912281,1.0,38,1222,male,24,J78901
b43532c7a35b6aedd478,9,0.14285714285714285,0.3333333333333333,0.07142857142857142,34,20,0,9,63,63,0.6984126984126984,1.9682539682539681,3.888888888888889,m3D1v,0.2222222222222222,0.4126984126984127,0.5873015873015873,0.0,2251.9247311827953,10222.096415060192,0.6129032258064516,1.0,38,950,female,24,J23517
b4a2138f577d9306f593,11,0.23218390804597702,0.2,0.5185185185185185,209,125,0,101,435,435,0.1425287356321839,1.0942528735632184,5.725173210161663,y9W5d,0.335632183908046,0.1103448275862069,0.8896551724137931,0.0,175.00675883256528,869.2925727062016,0.7926267281105991,1.0,38,1060,male,21,J57489
b57bc31cac59b3d26216,14,0.2134228187919463,0.3288590604026846,0.12598425196850394,159,412,15,159,745,745,0.25100671140939596,0.9865771812080537,6.536152796725784,m3D1v,0.2442953020134228,0.12483221476510067,0.8751677852348994,0.0,243.8245295698925,3571.853668994506,0.8776881720430108,1.0,38,929,female,24,J23517
b5863cc5a1b448ca1cab,14,0.14222222222222222,0.10666666666666667,0.25203252032520324,79,114,0,32,225,225,0.24888888888888888,0.7733333333333333,4.235555555555556,r8S3g,0.38222222222222224,0.5244444444444445,0.47555555555555556,0.0,784.4933035714287,3499.447770508586,0.7008928571428571,1.0,38,1158,male,21,J57489
b6808721d4a7900e360a,6,0.24390243902439024,0.10975609756097561,0.2916666666666667,267,157,10,140,574,574,0.14982578397212543,0.6567944250871081,22.50874125874126,y9W5d,0.3083623693379791,0.1672473867595819,0.8327526132404182,0.0,179.724229203025,1490.8172040083587,0.7801047120418848,1.0,38,512,female,24,J57489
b6b2f975de58052aae0c,15,0.267515923566879,0.09554140127388536,0.1504424778761062,135,95,0,84,314,314,0.15605095541401273,0.445859872611465,3.4904458598726116,r8S3g,0.3662420382165605,0.45222929936305734,0.5477707006369427,0.0,517.0991480298189,3549.4976448860534,0.7827476038338658,1.0,38,1148,female,22,J78901
b6nwoi7doh1m1yzbkxup,14,0.20118343195266272,0.22485207100591717,0.5,50,85,0,34,169,169,0.2958579881656805,0.9881656804733728,12.74251497005988,r8S3g,0.2485207100591716,0.34911242603550297,0.650887573964497,0.0,1070.8815476190475,2066.619620078144,0.22023809523809523,0.6666666666666666,36,1358,male,20,J40192
b79c2d9d8148403a3720,14,0.07857142857142857,0.23333333333333334,0.3235294117647059,194,193,0,33,420,420,0.1261904761904762,0.9738095238095238,4.504878048780488,y9W5d,0.24285714285714285,0.2619047619047619,0.7380952380952381,0.0,231.295584725537,2089.6632814925797,0.7828162291169452,1.0,38,12,female,20,J57489
b7ef250772618a089b48,14,0.18326693227091634,0.5298804780876494,0.3170731707317073,76,129,0,46,251,251,0.22709163346613545,0.8924302788844621,32.70161290322581,m3D1v,0.32270916334661354,0.17131474103585656,0.8286852589641435,0.0,469.9446,2377.4994710517517,0.572,1.0,38,1164,female,21,J57489
b8162292f2171005c2ba,11,0.16580310880829016,0.37823834196891193,0.18556701030927836,213,109,0,64,386,386,0.12176165803108809,0.6217616580310881,3.6865284974093266,r8S3g,0.2979274611398964,0.4015544041450777,0.5984455958549223,0.0,358.4872294372295,2452.4205560422615,0.8207792207792208,1.0,38,333,female,21,J40192
b8290aea71e7a5421a02,6,0.02040816326530612,0.0,0.2,46,2,0,1,49,49,0.9183673469387755,2.3877551020408165,2.2653061224489797,m3D1v,0.30612244897959184,0.24489795918367346,0.7551020408163265,0.0,413.8041666666667,2639.593319866693,0.9375,1.0,38,191,female,22,J23517
b8c0c68e7f1220949deb,11,0.16822429906542055,0.11214953271028037,0.19767441860465115,47,42,0,18,107,107,0.4392523364485981,1.4205607476635513,8.532710280373832,y9W5d,0.2897196261682243,0.3364485981308411,0.6635514018691588,0.0,1161.533962264151,3542.9718664953266,0.5660377358490566,1.0,38,945,female,20,J40192
b8d20bc2e0d3d86f5613,14,0.015544041450777202,0.23834196891191708,0.19696969696969696,71,105,14,3,193,193,0.27461139896373055,1.1036269430051813,14.86096256684492,y9W5d,0.34196891191709844,0.10880829015544041,0.8911917098445595,0.0,489.8071180555555,3084.725220369191,0.671875,1.0,38,781,male,24,J57489
b93d9fe2a844b416581d,11,0.12269938650306748,0.26380368098159507,0.2235294117647059,94,49,0,20,163,163,0.3067484662576687,1.4049079754601228,30.14723926380368,y9W5d,0.3558282208588957,0.1411042944785276,0.8588957055214724,0.0,747.4537037037037,4752.900827290058,0.691358024691358,0.9615384615384616,38,1122,male,21,J87654
b9a8b9ee84232efd7d61,12,0.14,0.20666666666666667,0.2638888888888889,49,80,0,21,150,150,0.37333333333333335,1.44,5.773333333333333,g7R2j,0.25333333333333335,0.18666666666666668,0.8133333333333334,0.0,687.7842281879196,2505.4559165467163,0.610738255033557,1.0,38,503,female,21,J87654
b9c7c66c8b57b9d3c6fa,6,0.18025751072961374,0.30042918454935624,0.2535211267605634,125,66,0,42,233,233,0.1888412017167382,0.5708154506437768,11.03448275862069,y9W5d,0.2875536480686695,0.3905579399141631,0.6094420600858369,0.0,436.45876436781606,1976.0321600663426,0.7198275862068966,1.0,38,480,male,22,J87654
b9d88af0a70c4ccb592e,14,0.41935483870967744,0.20430107526881722,0.3119266055045872,17,37,0,39,93,93,0.5591397849462365,1.6881720430107527,4.408602150537634,m3D1v,0.3763440860215054,0.15053763440860216,0.8494623655913979,0.0,1687.8360507246375,3066.838209984787,0.40217391304347827,1.0,38,1307,female,22,J87654
ba563fef8484139dc84d,5,0.3407079646017699,0.336283185840708,0.18181818181818182,94,55,0,77,226,226,0.2079646017699115,0.6106194690265486,3.4311926605504586,m3D1v,0.27876106194690264,0.3053097345132743,0.6946902654867256,0.0,629.3118518518518,3164.88192851115,0.7111111111111111,1.0,38,399,male,22,J40192
ba8c301bda7090bda756,3,0.3888888888888889,0.2222222222222222,0.2786885245901639,25,19,0,28,72,72,0.6388888888888888,1.9305555555555556,4.444444444444445,y9W5d,0.2638888888888889,0.20833333333333334,0.7916666666666666,0.0,1216.694131455399,3152.303080893446,0.4084507042253521,1.0,38,1043,male,18,J87654
bab3d23935ae4f8e798c,13,0.25754884547069273,0.5115452930728241,0.527027027027027,135,248,35,145,563,563,0.3428063943161634,0.9307282415630551,3.915921288014311,t5V9e,0.20426287744227353,0.3605683836589698,0.6394316163410302,0.0,187.22360616844603,960.1027946865426,0.6903914590747331,1.0,38,34,male,23,J78901
baed8a816ea02ae929f4,2,0.26865671641791045,0.34328358208955223,0.3150684931506849,77,70,0,54,201,201,0.2537313432835821,1.208955223880597,21.73936170212766,y9W5d,0.36318407960199006,0.11442786069651742,0.8855721393034826,0.0,517.7995833333333,1981.2311832137268,0.71,1.0,38,1038,female,19,J40192
bafdbc62a48daf6840c9,7,0.019801980198019802,0.0,0.14634146341463414,136,62,0,4,202,202,0.24257425742574257,0.693069306930693,4.138613861386139,r8S3g,0.42574257425742573,0.6831683168316832,0.31683168316831684,0.0,284.82703150912107,1924.4973404629523,0.9402985074626866,1.0,38,235,male,19,J57489
bb3328d3b1eecb5e1a8a,12,0.07648183556405354,0.37093690248565964,0.23255813953488372,147,336,0,40,523,523,0.11854684512428298,0.4646271510516252,3.947058823529412,r8S3g,0.30019120458891013,0.40535372848948376,0.5946462715105163,0.0,234.28202426564494,1714.2026867442141,0.867816091954023,1.0,38,323,male,21,J57489
bc48d03763657ec4aa63,3,0.3687315634218289,0.0,0.2571428571428571,125,89,0,125,339,339,0.35103244837758113,1.247787610619469,6.6932153392330385,y9W5d,0.40117994100294985,0.10324483775811209,0.8967551622418879,0.0,294.94146942800785,1573.3380197362387,0.6893491124260355,1.0,38,593,female,21,J87654
bc7286901f708e9069eb,12,0.3719512195121951,0.18292682926829268,0.2028985507246377,63,40,0,61,164,164,0.27439024390243905,0.7134146341463414,4.611111111111111,m3D1v,0.35365853658536583,0.25609756097560976,0.7439024390243902,0.0,1208.8253578732106,4815.441229095798,0.7055214723926381,1.0,38,1115,female,21,J57489
bca2be7a89b9b36b45cc,15,0.31877729257641924,0.22707423580786026,0.5357142857142857,85,71,0,73,229,229,0.4890829694323144,1.4497816593886463,3.7400881057268722,m3D1v,0.29694323144104806,0.3318777292576419,0.6681222707423581,0.0,348.50131578947367,991.3025559267492,0.6491228070175439,1.0,38,28,male,21,J40192
bd099a9fd29545e3766a,13,0.1826086956521739,0.30434782608695654,0.20481927710843373,43,51,0,21,115,115,0.4434782608695652,1.3391304347826087,3.643478260869565,y9W5d,0.28695652173913044,0.21739130434782608,0.782608695652174,0.0,1037.7070175438596,3714.258643373744,0.5263157894736842,1.0,38,151,female,20,J78901
bd657014cfd3fe7a8fe2,12,0.22429906542056074,0.18691588785046728,0.4,33,50,0,24,107,107,0.4205607476635514,1.8504672897196262,10.205607476635514,m3D1v,0.24299065420560748,0.16822429906542055,0.8317757009345794,0.0,392.08128930817605,2285.0437062365186,0.41509433962264153,1.0,38,973,female,18,J57489
be032ee60c336e4701e0,15,0.39444444444444443,0.3,0.06542056074766354,50,59,0,71,180,180,0.2722222222222222,0.9444444444444444,3.0944444444444446,y9W5d,0.2722222222222222,0.46111111111111114,0.5388888888888889,0.0,850.7651769087523,4863.703690611348,0.8491620111731844,1.0,38,386,male,22,J23517
be503fccbf0ae5532639,2,0.4494949494949495,0.020202020202020204,0.27450980392156865,56,43,10,89,198,198,0.23232323232323232,0.6717171717171717,3.611111111111111,y9W5d,0.23232323232323232,0.4090909090909091,0.5909090909090909,0.0,363.8954314720812,1791.3314238508167,0.6649746192893401,1.0,38,24,male,23,J40192
be52205cb48c05e10567,10,0.2222222222222222,0.0,0.1935483870967742,36,13,0,14,63,63,0.1746031746031746,0.25396825396825395,3.8421052631578947,r8S3g,0.49206349206349204,0.873015873015873,0.12698412698412698,0.0,701.9908602150538,2901.755220262607,0.8387096774193549,0.625,11,424,male,21,J23517
bfc3a5cb3b9c29f08176,14,0.078125,0.171875,0.2857142857142857,161,193,0,30,384,384,0.14322916666666666,0.6197916666666666,4.190981432360743,y9W5d,0.2890625,0.13541666666666666,0.8645833333333334,0.0,260.3021322889469,1488.2664726956014,0.7806788511749347,1.0,38,140,female,24,J40192
bfl1bc2oafd8hrz2xswq,13,0.2413793103448276,0.3333333333333333,0.5309734513274337,63,69,0,42,174,174,0.22413793103448276,0.867816091954023,13.439306358381502,m3D1v,0.28735632183908044,0.2988505747126437,0.7011494252873564,0.0,928.6704238921003,1930.0097692079337,0.23699421965317918,0.68,35,1281,male,19,J87654
bt192zri52uj2flwikrw,12,0.2573099415204678,0.2222222222222222,0.5686274509803921,66,60,1,44,171,171,0.24561403508771928,0.8654970760233918,8.529411764705882,y9W5d,0.24561403508771928,0.3567251461988304,0.6432748538011696,0.0,855.1464705882353,1765.6486110267258,0.21176470588235294,0.391304347826087,36,834,male,20,J23517
buv73728fa9viqgrz5mj,11,0.1513157894736842,0.34210526315789475,0.6666666666666666,67,62,0,23,152,152,0.19736842105263158,0.7960526315789473,3.6066666666666665,m3D1v,0.2565789473684211,0.3223684210526316,0.6776315789473685,0.0,961.930242825607,1534.7610571421258,0.19205298013245034,0.4230769230769231,38,368,male,21,J23517
bvz9hmtzknu45wvb0yaw,14,0.16363636363636364,0.2787878787878788,0.5420560747663551,66,72,0,27,165,165,0.3575757575757576,1.103030303030303,3.638036809815951,m3D1v,0.24848484848484848,0.32727272727272727,0.6727272727272727,0.0,930.4689024390244,1864.7084776767601,0.18902439024390244,0.75,37,269,female,24,J23517
bwvpzqnhh752noqjqj8d,15,0.25,0.2261904761904762,0.6057692307692307,47,79,0,42,168,168,0.31547619047619047,1.1845238095238095,4.237804878048781,y9W5d,0.25,0.2619047619047619,0.7380952380952381,0.0,888.5165668662675,1881.2954575618617,0.20359281437125748,0.6923076923076923,35,188,female,19,J40192
c00c91256ab1777d0dbc,14,0.08191126279863481,0.05460750853242321,0.22388059701492538,106,163,0,24,293,293,0.18771331058020477,0.5870307167235495,4.174657534246576,t5V9e,0.30716723549488056,0.5426621160409556,0.45733788395904434,0.0,325.51444063926937,2830.229295727373,0.7397260273972602,1.0,38,60,male,20,J57489
c08165d73ae49215c391,8,0.06382978723404255,0.26063829787234044,0.2916666666666667,150,26,0,12,188,188,0.44148936170212766,1.2446808510638299,8.941489361702128,m3D1v,0.3191489361702128,0.2393617021276596,0.7606382978723404,0.0,549.0625668449197,2094.1904290900916,0.786096256684492,1.0,38,978,male,19,J78901
c16e14d7aa5b4ef519e3,14,0.08108108108108109,0.25675675675675674,0.23300970873786409,17,50,1,6,74,74,0.6081081081081081,2.0,15.527027027027026,y9W5d,0.2972972972972973,0.1891891891891892,0.8108108108108109,0.0,2006.7349315068493,6839.436685586829,0.3835616438356164,0.9090909090909091,38,1230,male,19,J87654
c200d8d792314a9d3575,11,0.39690721649484534,0.29896907216494845,0.15625,70,47,0,77,194,194,0.29381443298969073,0.8144329896907216,5.082474226804123,m3D1v,0.42783505154639173,0.37628865979381443,0.6237113402061856,0.0,471.44041450777206,3531.806357036595,0.7823834196891192,0.9545454545454546,37,1247,male,19,J23517
c20c86d30d19b39745e2,15,0.27956989247311825,0.24731182795698925,0.3333333333333333,43,91,0,52,186,186,0.2956989247311828,1.075268817204301,6.076086956521739,y9W5d,0.2903225806451613,0.15053763440860216,0.8494623655913979,0.0,575.2029729729729,2399.663534316931,0.5405405405405406,1.0,38,591,female,19,J40192
c352158bed343ccff8e5,14,0.07106598984771574,0.15228426395939088,0.2826086956521739,65,118,0,14,197,197,0.2639593908629442,0.6903553299492385,4.187817258883249,r8S3g,0.30456852791878175,0.5380710659898477,0.4619289340101523,0.0,331.61130952380955,1668.4109668962735,0.6071428571428571,1.0,38,205,male,23,J40192
c35834f349db8ef7c591,11,0.15228426395939088,0.050761421319796954,0.3018867924528302,186,148,0,60,394,394,0.13451776649746192,0.7258883248730964,17.458549222797927,y9W5d,0.36548223350253806,0.1700507614213198,0.8299492385786802,0.0,190.53265479219678,1894.9074610729335,0.7659033078880407,1.0,38,626,male,24,J40192
c3beec92b66ff78a6ba9,8,0.01680672268907563,0.4579831932773109,0.2073170731707317,140,94,0,4,238,238,0.24789915966386555,0.8403361344537815,4.686695278969957,m3D1v,0.3235294117647059,0.2689075630252101,0.7310924369747899,0.0,491.9837552742616,2671.278141206153,0.7468354430379747,1.0,38,789,male,21,J87654
c42aff1f9940e24491cc,10,0.39473684210526316,0.08771929824561403,0.18421052631578946,57,12,0,45,114,114,0.4298245614035088,1.4298245614035088,24.710526315789473,y9W5d,0.2894736842105263,0.17543859649122806,0.8245614035087719,0.0,961.9110619469027,4042.75136101543,0.6017699115044248,1.0,38,614,female,18,J40192
c4ffbc0ba8c38e725fc8,0,0.36082474226804123,0.020618556701030927,0.17757009345794392,33,29,0,35,97,97,0.4536082474226804,1.3917525773195876,8.608247422680412,r8S3g,0.31958762886597936,0.3917525773195876,0.6082474226804123,0.0,1595.0626736111112,7188.749559660089,0.4583333333333333,1.0,38,1325,female,24,J87654
c53129098375fc7f17bc,14,0.03571428571428571,0.3119047619047619,0.6818181818181818,110,295,0,15,420,420,0.10476190476190476,0.4976190476190476,22.54653937947494,y9W5d,0.2619047619047619,0.24047619047619048,0.7595238095238095,0.0,70.95019888623708,533.8109206810693,0.7350835322195705,0.8333333333333334,37,1231,male,20,J87654
c57c5ca2df494f27ca64,12,0.15432098765432098,0.04938271604938271,0.2222222222222222,66,71,0,25,162,162,0.32098765432098764,1.376543209876543,3.4753086419753085,g7R2j,0.4567901234567901,0.1419753086419753,0.8580246913580247,0.0,952.7940993788819,3959.5541104070016,0.6521739130434783,1.0,38,40,male,19,J40192
c5b9961e65ffa73d971e,6,0.3202846975088968,0.3665480427046263,0.33783783783783783,136,55,0,90,281,281,0.2277580071174377,0.7864768683274022,3.3451957295373664,y9W5d,0.2669039145907473,0.3238434163701068,0.6761565836298933,0.0,376.5180357142857,1497.666797775662,0.7,1.0,38,233,female,23,J87654
c5c5601b771f1b4491fa,11,0.0,0.13934426229508196,0.16666666666666666,90,32,0,0,122,122,0.4262295081967213,1.7049180327868851,15.188524590163935,m3D1v,0.3442622950819672,0.22131147540983606,0.7786885245901639,0.0,1274.5915977961433,4504.1697422428215,0.5619834710743802,1.0,38,1324,male,24,J78901
c5c5e10586e94f96fe95,13,0.36186770428015563,0.3463035019455253,0.25,73,91,0,93,257,257,0.2178988326848249,0.9105058365758755,38.17063492063492,g7R2j,0.3229571984435798,0.19066147859922178,0.8093385214007782,0.0,310.0278645833333,2576.782230673823,0.7109375,1.0,38,936,male,22,J40192
c5d83404b165578ef794,14,0.04201680672268908,0.2773109243697479,0.28205128205128205,32,82,0,5,119,119,0.42857142857142855,1.2941176470588236,7.050420168067227,y9W5d,0.2605042016806723,0.35294117647058826,0.6470588235294118,0.0,463.0882768361582,2060.695455033696,0.6779661016949152,1.0,38,300,male,20,J87654
c63d5a67687762a9f967,11,0.12935323383084577,0.3034825870646766,0.2714285714285714,75,100,0,26,201,201,0.3283582089552239,1.144278606965174,10.495,y9W5d,0.3482587064676617,0.26865671641791045,0.7313432835820896,0.0,495.1451666666666,2057.6790577031934,0.65,1.0,38,583,female,21,J87654
c682f6819dfbfc964bc7,8,0.100418410041841,0.39330543933054396,0.1891891891891892,106,109,0,24,239,239,0.2175732217573222,0.9414225941422594,27.42127659574468,g7R2j,0.2719665271966527,0.1589958158995816,0.8410041841004184,0.0,442.6671568627451,3317.52330623262,0.6260504201680672,1.0,38,622,male,24,J57489
c6ab0de398cfcbd21dc5,8,0.16666666666666666,0.24603174603174602,0.07936507936507936,84,21,0,21,126,126,0.38095238095238093,1.0476190476190477,8.333333333333334,r8S3g,0.3492063492063492,0.5396825396825397,0.4603174603174603,0.0,719.6142666666667,4645.069877255988,0.84,1.0,38,529,male,20,J87654
c7bb8ace7e79b91b3346,14,0.02577319587628866,0.07731958762886598,0.25,120,69,0,5,194,194,0.2422680412371134,0.7164948453608248,3.8556701030927836,r8S3g,0.34536082474226804,0.422680412371134,0.5773195876288659,0.0,499.04775474956824,2375.1455551524505,0.7616580310880829,1.0,38,1159,female,23,J57489
c7d5a3256a9f99ba3e98,11,0.12605042016806722,0.5084033613445378,0.17073170731707318,166,42,0,30,238,238,0.23529411764705882,1.1092436974789917,8.235294117647058,y9W5d,0.3739495798319328,0.15126050420168066,0.8487394957983193,0.0,494.94514767932486,3557.762380061892,0.7130801687763713,1.0,38,1228,female,19,J40192
c89e8b7b18082e2fa6df,16,0.0625,0.15,0.38636363636363635,60,165,0,15,240,240,0.24583333333333332,0.7083333333333334,3.9581589958158996,g7R2j,0.275,0.42083333333333334,0.5791666666666667,0.0,259.92768479776845,2107.330562750439,0.7698744769874477,1.0,38,483,female,23,J57489
c8d8f83d06b68fc2f944,14,0.20618556701030927,0.35051546391752575,0.3181818181818182,39,115,0,40,194,194,0.30927835051546393,1.3917525773195876,15.442105263157895,y9W5d,0.44329896907216493,0.21649484536082475,0.7835051546391752,0.0,813.440932642487,2795.323655984063,0.6373056994818653,1.0,38,1142,male,21,J57489
c955c51bfd07134bc831,8,0.04790419161676647,0.5149700598802395,0.3058823529411765,90,69,0,8,167,167,0.32934131736526945,1.2574850299401197,4.437125748502994,y9W5d,0.2634730538922156,0.19760479041916168,0.8023952095808383,0.0,730.6140562248996,2534.516268098465,0.572289156626506,1.0,38,128,female,18,J78901
c99e6802625540e4d1e2,13,0.009259259259259259,0.009259259259259259,0.11392405063291139,23,84,0,1,108,108,0.42592592592592593,1.3703703703703705,4.0,y9W5d,0.3055555555555556,0.37037037037037035,0.6296296296296297,0.0,1056.106386292835,5483.40215834951,0.719626168224299,1.0,38,335,female,24,J87654
c9c946fe211251af32d1,8,0.215962441314554,0.20187793427230047,0.2857142857142857,137,30,0,46,213,213,0.22535211267605634,0.9671361502347418,3.971830985915493,r8S3g,0.30985915492957744,0.539906103286385,0.460093896713615,0.0,610.9664308176101,2364.32084887459,0.6933962264150944,1.0,38,322,female,19,J57489
c9c9f0b7606030f2aade,4,1.0,1.0,1.0,0,0,0,44,44,44,1.0,2.6363636363636362,2.727272727272727,m3D1v,0.2727272727272727,0.25,0.75,0.0,0.25116279069767444,0.14604102438946734,1.0,0.0,38,253,male,24,J23517
c9e6e9322dd7054e618c,14,0.042105263157894736,0.010526315789473684,0.1346153846153846,37,54,0,4,95,95,0.47368421052631576,1.3578947368421053,4.276595744680851,m3D1v,0.29473684210526313,0.22105263157894736,0.7789473684210526,0.0,1582.8429078014185,5610.814186277783,0.5212765957446809,1.0,38,410,male,22,J57489
ca10145a308249ed82e9,11,0.272108843537415,0.272108843537415,0.1875,70,37,0,40,147,147,0.42857142857142855,1.2448979591836735,9.360544217687075,y9W5d,0.2653061224489796,0.3129251700680272,0.6870748299319728,0.0,621.6078767123288,2677.2682307630016,0.6232876712328768,1.0,38,521,female,22,J23517
cac3f85073c947532796,13,0.2136986301369863,0.13972602739726028,0.34210526315789475,147,140,0,78,365,365,0.2821917808219178,1.0383561643835617,4.43175487465181,y9W5d,0.273972602739726,0.18082191780821918,0.8191780821917808,0.0,296.60457875457877,1510.5807315208585,0.6868131868131868,1.0,38,46,female,19,J87654
cad61c88146ec4d99a6d,1,1.0,0.0,1.0,0,0,0,6,6,6,0.16666666666666666,0.16666666666666666,3.6666666666666665,r8S3g,1.0,1.0,0.0,0.0,5.87,7.89809576205978,0.6,1.0,1,1140,female,18,J23517
cade7d478dac7020a79b,15,0.24203821656050956,0.5796178343949044,0.16494845360824742,33,86,0,38,157,157,0.31210191082802546,0.821656050955414,3.551948051948052,r8S3g,0.3248407643312102,0.5605095541401274,0.4394904458598726,0.0,883.4981837606837,4762.17106921233,0.8141025641025641,1.0,38,336,male,22,J78901
cafe5989da5dfed9f404,13,0.27058823529411763,0.15764705882352942,0.30927835051546393,87,222,1,115,425,425,0.11294117647058824,0.4988235294117647,3.7741176470588234,t5V9e,0.4,0.5011764705882353,0.4988235294117647,0.0,325.8817610062893,1854.0564512264104,0.75,0.9259259259259259,38,305,female,22,J78901
cb2fbb322cc30a8b8fef,15,0.014354066985645933,0.20095693779904306,0.2638888888888889,51,155,0,3,209,209,0.21052631578947367,0.8421052631578947,4.086124401913875,y9W5d,0.3253588516746411,0.32057416267942584,0.6794258373205742,0.0,491.30008012820514,2192.482123040241,0.7788461538461539,1.0,38,119,male,19,J78901
cb65e2038b786e801292,12,0.11290322580645161,0.3870967741935484,0.18309859154929578,18,35,2,7,62,62,0.7258064516129032,2.2903225806451615,10.903225806451612,y9W5d,0.3064516129032258,0.1774193548387097,0.8225806451612904,0.0,1657.4620218579234,5251.120019194257,0.4098360655737705,1.0,38,1051,female,23,J23517
cb8c2285066597e012c6,13,0.09740259740259741,0.006493506493506494,0.3333333333333333,22,117,0,15,154,154,0.2922077922077922,0.7597402597402597,2.7987012987012987,r8S3g,0.5324675324675324,0.577922077922078,0.42207792207792205,0.0,159.37211328976034,994.4873774293668,0.8562091503267973,1.0,38,231,male,19,J78901
cbc8550ffaf44443c7ad,16,0.09947643979057591,0.581151832460733,0.08943089430894309,41,95,36,19,191,191,0.2356020942408377,0.7329842931937173,13.670157068062828,m3D1v,0.31413612565445026,0.44502617801047123,0.5549738219895288,0.0,921.5046491228071,6893.265532170791,0.8052631578947368,1.0,38,1025,male,18,J57489
cd6355bf939a47577f6d,14,0.29260935143288086,0.1885369532428356,0.44155844155844154,274,195,0,194,663,663,0.19909502262443438,0.6862745098039216,3.203675344563553,y9W5d,0.2368024132730015,0.1779788838612368,0.8220211161387632,0.0,165.5763343403827,935.6967342081637,0.7719033232628398,1.0,38,25,female,24,J78901
cdbfb55b48cefce540dd,12,0.15384615384615385,0.32967032967032966,0.12903225806451613,53,24,0,14,91,91,0.4835164835164835,1.4725274725274726,5.333333333333333,m3D1v,0.37362637362637363,0.27472527472527475,0.7252747252747253,0.0,1470.7492592592594,5448.162861763731,0.7666666666666667,1.0,38,1152,female,23,J57489
ce1a32f22b91f4d81015,5,0.25096525096525096,0.1776061776061776,0.2,130,64,0,65,259,259,0.18532818532818532,0.7065637065637066,3.63953488372093,r8S3g,0.3590733590733591,0.4247104247104247,0.5752895752895753,0.0,580.610400516796,3858.843616433557,0.689922480620155,1.0,38,36,female,22,J40192
ce9dd8f1570caa0d6f5b,16,0.23755656108597284,0.22624434389140272,0.45098039215686275,98,239,0,105,442,442,0.10633484162895927,0.334841628959276,3.981900452488688,m3D1v,0.37104072398190047,0.3597285067873303,0.6402714932126696,0.0,164.22418745275888,984.720037586185,0.7755102040816326,1.0,38,801,male,22,J87654
cef765c4375252a6029b,9,0.0,0.4016393442622951,0.12195121951219512,98,24,0,0,122,122,0.28688524590163933,0.7540983606557377,3.262295081967213,r8S3g,0.6065573770491803,0.6475409836065574,0.3524590163934426,0.0,476.14077134986223,4245.953817953537,0.8925619834710744,0.7,33,926,female,20,J87654
cf73246d819a1ea78e14,15,0.21390374331550802,0.22994652406417113,0.12745098039215685,66,81,0,40,187,187,0.28342245989304815,1.106951871657754,7.738888888888889,y9W5d,0.32085561497326204,0.16042780748663102,0.839572192513369,0.0,780.4137096774193,5147.147622640232,0.7526881720430108,1.0,38,1221,female,20,J57489
cf7f9c2c6872be9bf2d6,3,0.5354330708661418,0.3228346456692913,0.24489795918367346,72,46,0,136,254,254,0.2283464566929134,1.110236220472441,4.362549800796812,g7R2j,0.3346456692913386,0.14960629921259844,0.8503937007874016,0.0,552.8955204216073,3527.07015572341,0.7075098814229249,1.0,38,332,female,21,J78901
cgydhui8n3uoxbq5rznl,13,0.20588235294117646,0.4294117647058823,0.5727272727272728,52,83,0,35,170,170,0.18235294117647058,0.6823529411764706,3.718562874251497,m3D1v,0.24705882352941178,0.3235294117647059,0.6764705882352942,0.0,928.9954635108481,1635.3705209046595,0.23076923076923078,0.6538461538461539,36,443,male,20,J40192
cm2celd9hmos24j2a5cg,12,0.1958041958041958,0.2097902097902098,0.5048543689320388,56,59,0,28,143,143,0.21678321678321677,0.8881118881118881,6.5928571428571425,y9W5d,0.2867132867132867,0.3076923076923077,0.6923076923076923,0.0,1037.324765258216,1973.632717824909,0.18309859154929578,0.4444444444444444,35,829,female,22,J78901
cmy2w5due4kl6pn6uia5,12,0.15819209039548024,0.24293785310734464,0.7625,69,78,2,28,177,177,0.1864406779661017,0.672316384180791,13.436781609195402,y9W5d,0.2768361581920904,0.2824858757062147,0.7175141242937854,0.0,651.5722537878788,1010.2424732213308,0.22727272727272727,0.4444444444444444,38,655,male,24,J87654
cnkddx6ofjqd7ueylz0e,14,0.18994413407821228,0.19553072625698323,0.5855855855855856,64,80,1,34,179,179,0.2569832402234637,0.888268156424581,3.772727272727273,m3D1v,0.2569832402234637,0.29608938547486036,0.7039106145251397,0.0,890.4984082397003,1750.816236978505,0.1797752808988764,0.76,34,88,female,20,J87654
cnqyqc90n3ixrlc3mri7,14,0.1986754966887417,0.2980132450331126,0.5576923076923077,62,59,0,30,151,151,0.23178807947019867,0.8145695364238411,3.6266666666666665,y9W5d,0.2251655629139073,0.3708609271523179,0.6291390728476821,0.0,986.6716666666667,1894.9639611663138,0.20666666666666667,0.6,35,265,male,19,J40192
cp4d94b2v0ws6am7mvuw,14,0.14,0.22,0.5490196078431373,53,76,0,21,150,150,0.21333333333333335,0.78,4.154362416107382,r8S3g,0.29333333333333333,0.4266666666666667,0.5733333333333334,0.0,974.3782997762863,1548.8051791738299,0.24161073825503357,0.47619047619047616,34,356,male,23,J57489
csxiwtz34vm9vr0kbryx,5,0.32038834951456313,0.441747572815534,0.6355140186915887,54,86,0,66,206,206,0.18446601941747573,0.7281553398058253,3.4585365853658536,m3D1v,0.2766990291262136,0.33980582524271846,0.6601941747572816,0.0,745.550243902439,1558.4387339363782,0.24878048780487805,0.6296296296296297,37,445,male,21,J87654
cunf3y04zq0f90dgy36j,12,0.2346368715083799,0.2681564245810056,0.5688073394495413,69,67,1,42,179,179,0.21787709497206703,0.7821229050279329,3.553072625698324,r8S3g,0.2346368715083799,0.37988826815642457,0.6201117318435754,0.0,877.0945692883895,1768.3657544881448,0.21348314606741572,0.6451612903225806,36,280,male,22,J40192
cuwakm24vlp785ky5w71,14,0.195,0.21,0.5765765765765766,79,81,1,39,200,200,0.205,0.855,3.895,y9W5d,0.215,0.325,0.675,0.0,793.321608040201,1549.9690045303885,0.19095477386934673,0.5769230769230769,37,70,male,18,J87654
cygc6ulxpz04ex7under,14,0.11180124223602485,0.2670807453416149,0.5447154471544715,60,83,0,18,161,161,0.3105590062111801,1.173913043478261,9.416666666666666,m3D1v,0.2981366459627329,0.2546583850931677,0.7453416149068323,0.0,1098.241875,1835.9971250409367,0.1875,0.7619047619047619,35,1081,female,24,J87654
cz0pbk8vede7ey2oce4a,14,0.1657754010695187,0.28342245989304815,0.5939849624060151,76,80,0,31,187,187,0.25133689839572193,0.9090909090909091,11.401098901098901,y9W5d,0.29411764705882354,0.26737967914438504,0.732620320855615,0.0,1019.8906810035842,1614.9579569820366,0.20430107526881722,0.625,36,1173,female,20,J78901
d02f48d05ce5e7ca16e1,12,0.11538461538461539,0.3525641025641026,0.17647058823529413,30,108,0,18,156,156,0.3076923076923077,1.4487179487179487,7.044871794871795,m3D1v,0.2948717948717949,0.1282051282051282,0.8717948717948718,0.0,937.0097849462366,4961.390783854692,0.6,1.0,33,1036,male,23,J40192
d059dfed16a6d1ca6ddf,8,0.2610619469026549,0.2610619469026549,0.3333333333333333,99,68,0,59,226,226,0.22566371681415928,1.1061946902654867,14.497777777777777,m3D1v,0.30973451327433627,0.20353982300884957,0.7964601769911505,0.0,607.9115555555557,2075.428561255315,0.6088888888888889,1.0,38,1062,female,19,J57489
d0a933a514028d777578,9,0.3202614379084967,0.13071895424836602,0.17894736842105263,63,41,0,49,153,153,0.3202614379084967,1.5490196078431373,4.071895424836601,y9W5d,0.35294117647058826,0.1437908496732026,0.8562091503267973,0.0,891.8087719298245,4507.030985879533,0.6578947368421053,1.0,38,37,female,21,J40192
d103bd9455fb9258c805,11,0.1297709923664122,0.20610687022900764,0.1,58,56,0,17,131,131,0.40458015267175573,1.0610687022900764,3.66412213740458,m3D1v,0.26717557251908397,0.20610687022900764,0.7938931297709924,0.0,1098.2482051282052,5384.9992826854705,0.8,1.0,38,431,male,18,J57489
d1df92e9d19fb2f22ebb,14,0.25261324041811845,0.059233449477351915,0.25,109,290,30,145,574,574,0.16550522648083624,0.8240418118466899,12.410839160839162,y9W5d,0.24041811846689895,0.3519163763066202,0.6480836236933798,0.0,177.33859802210588,1293.7965931442754,0.8534031413612565,1.0,38,589,male,21,J78901
d1e44a91dd4f37c03d43,8,0.152317880794702,0.16556291390728478,0.2,59,69,0,23,151,151,0.3443708609271523,1.0529801324503312,3.02,m3D1v,0.23841059602649006,0.271523178807947,0.7284768211920529,0.0,424.70533333333333,3280.3324588377504,0.76,1.0,38,327,male,18,J78901
d235a2c32940b970ab7c,13,0.15789473684210525,0.0,0.4444444444444444,25,23,0,9,57,57,0.7719298245614035,2.0701754385964914,2.736842105263158,m3D1v,0.24561403508771928,0.24561403508771928,0.7543859649122807,0.0,215.4797619047619,1113.2846854718723,0.7857142857142857,1.0,38,255,female,22,J87654
d2403aa287eb869a170a,15,0.2653061224489796,0.42653061224489797,0.24691358024691357,147,213,0,130,490,490,0.10204081632653061,0.3489795918367347,3.63771186440678,r8S3g,0.30612244897959184,0.5897959183673469,0.41020408163265304,0.0,234.27805044308113,2238.71487680263,0.7914110429447853,1.0,38,35,male,21,J23517
d27565678ffa4a9bfa85,6,0.32575757575757575,0.30303030303030304,0.13333333333333333,89,0,0,43,132,132,0.3560606060606061,0.9015151515151515,2.909090909090909,r8S3g,0.5151515151515151,0.7424242424242424,0.25757575757575757,0.0,486.8559796437659,3675.979180500706,0.8473282442748091,1.0,38,238,male,19,J87654
d2c5423ea5fa0a995264,12,0.02962962962962963,0.4148148148148148,0.22,38,93,0,4,135,135,0.3333333333333333,0.9925925925925926,15.82089552238806,m3D1v,0.4888888888888889,0.21481481481481482,0.7851851851851852,0.0,527.3201492537313,2473.3938507077223,0.746268656716418,0.9411764705882353,36,508,female,20,J57489
d2cb0d0da17471ee23a9,14,0.07729468599033816,0.1497584541062802,0.10989010989010989,70,121,0,16,207,207,0.2318840579710145,0.5990338164251208,3.821256038647343,y9W5d,0.4106280193236715,0.21256038647342995,0.7874396135265701,0.0,632.0371359223301,6370.506668356097,0.8446601941747572,1.0,38,959,male,22,J78901
d2e033f11edce44fea3d,15,0.06363636363636363,0.17272727272727273,0.2127659574468085,38,65,0,7,110,110,0.42727272727272725,1.4,3.44954128440367,m3D1v,0.37272727272727274,0.18181818181818182,0.8181818181818182,0.0,1234.583486238532,3607.8811184051956,0.5045871559633027,1.0,38,127,female,23,J23517
d311ac015e2e230935b2,6,0.3412698412698413,0.2619047619047619,0.15789473684210525,39,44,0,43,126,126,0.35714285714285715,1.1587301587301588,14.738095238095237,r8S3g,0.3253968253968254,0.3968253968253968,0.6031746031746031,0.0,1306.9637333333333,7351.706319184361,0.6,1.0,38,1212,male,24,J78901
d33a15d480f68c6ec82f,14,0.11855670103092783,0.0,0.2727272727272727,49,122,0,23,194,194,0.23711340206185566,1.0618556701030928,3.9947916666666665,y9W5d,0.29381443298969073,0.20103092783505155,0.7989690721649485,0.0,568.4933506044905,2021.6705114908461,0.6424870466321243,1.0,38,134,male,22,J78901
d3ba1fe030801d700cb6,15,0.24468085106382978,0.3191489361702128,0.18181818181818182,28,114,0,46,188,188,0.3191489361702128,0.9627659574468085,3.154255319148936,y9W5d,0.30851063829787234,0.2765957446808511,0.723404255319149,0.0,586.435026737968,3989.0504441218022,0.7433155080213903,0.9523809523809523,38,236,female,23,J78901
d3fd2319c0f3aa00c371,14,0.3880597014925373,0.17164179104477612,0.2336448598130841,23,59,0,52,134,134,0.34328358208955223,1.7238805970149254,13.843283582089553,g7R2j,0.2537313432835821,0.15671641791044777,0.8432835820895522,0.0,1152.720551378446,3498.5491650639838,0.5714285714285714,1.0,38,1313,female,19,J40192
d3tt41de5iashfjr1txr,11,0.18243243243243243,0.22297297297297297,0.5841584158415841,67,54,0,27,148,148,0.25,0.9121621621621622,3.9594594594594597,r8S3g,0.25675675675675674,0.42567567567567566,0.5743243243243243,0.0,981.6978458049887,1505.781660132672,0.19727891156462585,0.5,35,360,male,19,J87654
d45eea92ed42431d9076,10,0.0,0.08571428571428572,0.2,63,42,0,0,105,105,0.44761904761904764,1.380952380952381,4.504761904761905,y9W5d,0.26666666666666666,0.3238095238095238,0.6761904761904762,0.0,885.0966346153847,3128.3884302401634,0.6057692307692307,1.0,38,619,male,20,J78901
d4d7a248a58363732f8e,15,0.36363636363636365,0.17676767676767677,0.19166666666666668,33,93,0,72,198,198,0.23232323232323232,0.8484848484848485,15.739795918367347,r8S3g,0.2676767676767677,0.3686868686868687,0.6313131313131313,0.0,873.1269035532995,3693.1115078150974,0.6700507614213198,1.0,38,1308,male,21,J40192
d4geyy1ox6qzlz4ibz0z,11,0.13253012048192772,0.18072289156626506,0.6623376623376623,82,60,2,22,166,166,0.2289156626506024,0.9457831325301205,13.733333333333333,y9W5d,0.27710843373493976,0.26506024096385544,0.7349397590361446,0.0,667.1468686868686,1213.892121060932,0.2545454545454545,0.5238095238095238,37,657,male,23,J87654
d4xny47ows87zd7viwj5,11,0.21354166666666666,0.234375,0.5116279069767442,72,79,0,41,192,192,0.2864583333333333,1.0208333333333333,10.75916230366492,m3D1v,0.3229166666666667,0.3177083333333333,0.6822916666666666,0.0,969.8603839441536,2063.301567394585,0.2198952879581152,0.6666666666666666,37,1359,male,23,J87654
d5067bceac0ffa5e4704,15,0.14606741573033707,0.056179775280898875,0.2153846153846154,37,39,0,13,89,89,0.5056179775280899,1.404494382022472,4.0344827586206895,m3D1v,0.29213483146067415,0.3595505617977528,0.6404494382022472,0.0,1042.00625,3267.662497118122,0.5909090909090909,1.0,38,794,male,21,J40192
d52b119f8da2a1812722,14,0.0,0.14893617021276595,0.30612244897959184,63,125,0,0,188,188,0.26595744680851063,0.7127659574468085,2.978723404255319,r8S3g,0.30319148936170215,0.3776595744680851,0.6223404255319149,0.0,369.8054367201426,1935.250833057697,0.8021390374331551,1.0,38,306,female,19,J40192
d536120baaef5495c028,13,0.39766081871345027,0.1111111111111111,0.12380952380952381,11,92,0,68,171,171,0.29239766081871343,0.783625730994152,4.230769230769231,m3D1v,0.3684210526315789,0.2982456140350877,0.7017543859649122,0.0,885.0801960784314,3940.664696803876,0.8176470588235294,1.0,38,418,female,18,J23517
d53a4fb612fb801fff3d,6,0.24561403508771928,0.16228070175438597,0.26666666666666666,119,53,0,56,228,228,0.17982456140350878,0.5087719298245614,4.3031674208144794,r8S3g,0.4780701754385965,0.6754385964912281,0.32456140350877194,0.0,372.1446402349486,1749.9481245224308,0.8502202643171806,0.9130434782608695,37,488,female,23,J78901
d554e419f820fa5cb0ca,11,0.0,0.0,0.3142857142857143,75,61,0,0,136,136,0.3235294117647059,1.3676470588235294,15.705882352941176,y9W5d,0.25735294117647056,0.29411764705882354,0.7058823529411765,0.0,363.39493827160493,1814.414789794453,0.5925925925925926,1.0,38,780,male,19,J40192
d6d4488fa27e11465974,13,0.08695652173913043,0.2608695652173913,0.23809523809523808,20,43,0,6,69,69,0.6376811594202898,1.9855072463768115,4.426470588235294,m3D1v,0.30434782608695654,0.15942028985507245,0.8405797101449275,0.0,1756.5257352941178,3563.8520278980695,0.39705882352941174,1.0,38,1073,male,19,J78901
d6d6e7da792fdf0106f0,10,0.07947019867549669,0.08609271523178808,0.29333333333333333,106,33,0,12,151,151,0.31125827814569534,0.9072847682119205,10.165562913907285,r8S3g,0.41721854304635764,0.4966887417218543,0.5033112582781457,0.0,710.3601111111111,2320.5574334400185,0.64,1.0,38,601,male,21,J23517
d6f3f410bbb24244d270,10,0.08597285067873303,0.23076923076923078,0.16161616161616163,145,57,0,19,221,221,0.21266968325791855,1.1402714932126696,3.914027149321267,r8S3g,0.27601809954751133,0.35294117647058826,0.6470588235294118,0.0,642.4397727272727,4773.881677046053,0.7545454545454545,1.0,38,420,female,20,J40192
d6qgzp196pwnzk7agyn6,12,0.17412935323383086,0.23383084577114427,0.6597938144329897,71,93,2,35,201,201,0.29850746268656714,0.9502487562189055,3.705,m3D1v,0.23880597014925373,0.34328358208955223,0.6567164179104478,0.0,690.1422500000001,1359.5756672937946,0.215,0.6521739130434783,37,290,female,19,J40192
d72abe041b8db9118e70,13,0.304,0.4,0.17142857142857143,20,67,0,38,125,125,0.352,1.096,3.232,m3D1v,0.376,0.288,0.712,0.0,1206.7845430107527,3960.196204146333,0.5725806451612904,1.0,38,411,female,18,J40192
d7464b55181ef45e2d63,15,0.046610169491525424,0.2966101694915254,0.2604166666666667,60,163,2,11,236,236,0.19915254237288135,0.635593220338983,3.6096491228070176,t5V9e,0.3559322033898305,0.4703389830508475,0.5296610169491526,0.0,581.8161702127659,2660.5667497664763,0.7276595744680852,1.0,38,787,female,20,J87654
d76c58732e315933a6cf,14,0.2872340425531915,0.18085106382978725,0.1320754716981132,27,40,0,27,94,94,0.5106382978723404,1.3936170212765957,5.595744680851064,m3D1v,0.30851063829787234,0.3404255319148936,0.6595744680851063,0.0,1630.0750896057348,5472.430000103826,0.6021505376344086,0.9166666666666666,37,1318,male,22,J40192
d7ad1a5f3ab7d6237f8e,2,0.3295711060948081,0.22121896162528218,0.6,172,125,0,146,443,443,0.19413092550790068,0.6049661399548533,8.568493150684931,y9W5d,0.3295711060948081,0.26410835214446954,0.7358916478555305,0.0,142.27458521870287,713.7246704043204,0.7624434389140271,0.8,38,955,female,23,J87654
d8ed5a1897987ffdeaed,10,0.11392405063291139,0.4177215189873418,0.2692307692307692,92,48,0,18,158,158,0.34177215189873417,1.3481012658227849,3.962025316455696,m3D1v,0.25949367088607594,0.37341772151898733,0.6265822784810127,0.0,705.6588110403396,3022.19955524189,0.5477707006369427,1.0,38,316,male,19,J78901
d93519b044de1fa037b0,13,0.29310344827586204,0.5862068965517241,0.10526315789473684,20,21,0,17,58,58,0.7413793103448276,1.9482758620689655,3.6724137931034484,m3D1v,0.29310344827586204,0.25862068965517243,0.7413793103448276,0.0,467.63157894736844,3406.8988038710945,0.7894736842105263,0.75,38,298,female,21,J23517
d94c5dba40d9fcbfb8d9,12,0.22058823529411764,0.3627450980392157,0.24675324675324675,85,74,0,45,204,204,0.3333333333333333,1.142156862745098,4.862068965517241,m3D1v,0.3333333333333333,0.17647058823529413,0.8235294117647058,0.0,537.4631362889984,3239.3963399573904,0.7389162561576355,1.0,38,221,male,23,J40192
d9dfc134efd3826bdaed,12,0.21739130434782608,0.22981366459627328,0.26436781609195403,69,57,0,35,161,161,0.3105590062111801,1.2981366459627328,20.0,m3D1v,0.38509316770186336,0.18012422360248448,0.8198757763975155,0.0,772.2215625,2626.6904421270688,0.6125,1.0,38,791,male,18,J23517
d9qmlhyp13mf5nto4qih,14,0.3021978021978022,0.22527472527472528,0.5348837209302325,52,75,0,55,182,182,0.2692307692307692,0.967032967032967,6.836158192090395,m3D1v,0.25824175824175827,0.3626373626373626,0.6373626373626373,0.0,1017.7259668508287,2124.503793113018,0.20994475138121546,0.56,37,1357,female,24,J87654
da2199a7da15995db5ff,8,0.2109375,0.1875,0.2894736842105263,63,38,0,27,128,128,0.3828125,1.515625,4.16,g7R2j,0.3359375,0.2109375,0.7890625,0.0,846.1489501312336,2703.3114544443315,0.5118110236220472,1.0,38,121,male,20,J78901
dac03bcbefc3a08c8b50,15,0.25663716814159293,0.0,0.1076923076923077,1,83,0,29,113,113,0.39823008849557523,1.0530973451327434,3.504424778761062,m3D1v,0.39823008849557523,0.13274336283185842,0.8672566371681416,0.0,820.2827380952381,5485.170805960853,0.9107142857142857,1.0,38,786,female,24,J23517
daf693769d8638a22ee9,8,0.125,0.40789473684210525,0.3188405797101449,108,25,0,19,152,152,0.3026315789473684,1.3223684210526316,4.298013245033113,g7R2j,0.3157894736842105,0.1513157894736842,0.8486842105263158,0.0,650.9289183222958,2649.4546178815203,0.5629139072847682,1.0,38,120,male,22,J23517
daty5mq7b20bkt2c2zfs,12,0.1878453038674033,0.20994475138121546,0.7346938775510204,71,76,0,34,181,181,0.143646408839779,0.6077348066298343,19.61111111111111,m3D1v,0.2596685082872928,0.3149171270718232,0.6850828729281768,0.0,780.0921296296297,1108.1406318224288,0.2111111111111111,0.3076923076923077,35,540,female,22,J40192
db0241cf536c2174d9ed,6,0.6440129449838188,0.284789644012945,0.18085106382978725,86,24,0,199,309,309,0.20711974110032363,0.6957928802588996,22.57046979865772,m3D1v,0.284789644012945,0.19741100323624594,0.8025889967637541,0.0,435.6029761904762,2424.6344322819787,0.7564935064935064,1.0,38,770,female,23,J23517
db0bcf208cbed26d0bfe,2,0.6206896551724138,0.3793103448275862,0.4,13,9,0,36,58,58,0.8103448275862069,2.1379310344827585,2.7413793103448274,y9W5d,0.2413793103448276,0.3275862068965517,0.6724137931034483,0.0,99.6827485380117,661.6157425824942,0.7894736842105263,1.0,38,339,female,19,J23517
db2418c575c0a4f7239d,13,0.2676056338028169,0.431924882629108,0.3253012048192771,28,128,0,57,213,213,0.24882629107981222,1.0375586854460095,3.830188679245283,r8S3g,0.3192488262910798,0.45539906103286387,0.5446009389671361,0.0,556.645283018868,2239.082888378819,0.7358490566037735,1.0,38,135,female,18,J78901
db54f15d48fa56b0d953,15,0.10967741935483871,0.0967741935483871,0.17647058823529413,7,131,0,17,155,155,0.2967741935483871,0.8064516129032258,3.973333333333333,r8S3g,0.4064516129032258,0.5419354838709678,0.45806451612903226,0.0,940.6989177489178,4132.4438345574945,0.5909090909090909,1.0,38,1133,male,20,J87654
dc83f9577ae72447a7b1,11,0.21311475409836064,0.20765027322404372,0.29906542056074764,175,113,0,78,366,366,0.1448087431693989,0.5956284153005464,4.002785515320334,y9W5d,0.25136612021857924,0.29508196721311475,0.7049180327868853,0.0,416.59899543379,2194.8053192952543,0.736986301369863,1.0,38,23,female,18,J23517
dc93d7d840a88e5efb17,10,0.3008849557522124,0.252212389380531,0.2079207920792079,93,65,0,68,226,226,0.23008849557522124,1.1504424778761062,27.336283185840706,y9W5d,0.3230088495575221,0.14601769911504425,0.8539823008849557,0.0,641.4819259259259,4464.503934885695,0.6977777777777778,1.0,38,1227,female,20,J40192
dcd0562f8fb44933cb08,5,0.336734693877551,0.25510204081632654,0.06862745098039216,41,24,0,33,98,98,0.41836734693877553,1.0918367346938775,2.836734693877551,r8S3g,0.30612244897959184,0.42857142857142855,0.5714285714285714,0.0,1496.385738831615,8449.345319068689,0.845360824742268,0.7272727272727273,38,301,female,24,J78901
dddd7ba8769cf90bfd62,14,0.31210191082802546,0.03821656050955414,0.2413793103448276,24,84,0,49,157,157,0.37579617834394907,1.1337579617834395,3.4968152866242037,r8S3g,0.4012738853503185,0.5031847133757962,0.4968152866242038,0.0,789.6827991452991,3404.659734318916,0.6730769230769231,1.0,38,490,female,19,J40192
de5213e7b8c88440a298,11,0.07202216066481995,0.2077562326869806,0.15833333333333333,188,147,0,26,361,361,0.14127423822714683,0.6980609418282548,22.59776536312849,m3D1v,0.30193905817174516,0.16897506925207756,0.8310249307479224,0.0,475.57180555555556,3841.3928844543625,0.7361111111111112,1.0,38,1137,male,19,J57489
dee7cfe3312551bdf5a5,13,0.1015625,0.4609375,0.16,34,81,0,13,128,128,0.3671875,1.3984375,10.359375,r8S3g,0.2265625,0.3125,0.6875,0.0,1116.2498687664042,4754.329831433235,0.5748031496062992,1.0,38,1039,female,19,J23517
def1216bf8f3009dbe41,3,0.6179775280898876,0.5561797752808989,0.1958762886597938,45,23,0,110,178,178,0.30337078651685395,0.8707865168539326,3.3202247191011236,t5V9e,0.3651685393258427,0.7078651685393258,0.29213483146067415,0.0,783.9442561205273,3361.7093799963613,0.6666666666666666,1.0,38,1035,female,20,J40192
df02e3643bb9ee33fb0c,12,0.1597222222222222,0.4097222222222222,0.14049586776859505,42,79,0,23,144,144,0.4861111111111111,1.4236111111111112,4.204225352112676,m3D1v,0.3333333333333333,0.3472222222222222,0.6527777777777778,0.0,1204.7516317016316,5307.42866704361,0.6293706293706294,1.0,38,1027,male,20,J40192
df62b7675d1fdb8e6b11,11,0.13953488372093023,0.0,0.5238095238095238,94,54,0,24,172,172,0.29651162790697677,1.2906976744186047,4.171597633136095,y9W5d,0.313953488372093,0.12790697674418605,0.872093023255814,0.0,168.87865497076024,777.8618200694615,0.7426900584795322,1.0,38,782,female,23,J78901
df784e67883e018f88b8,12,0.0,0.2717391304347826,0.14285714285714285,47,45,0,0,92,92,0.41304347826086957,1.423913043478261,21.32608695652174,r8S3g,0.2717391304347826,0.40217391304347827,0.5978260869565217,0.0,1867.8772893772896,6921.296234813707,0.5384615384615384,0.7857142857142857,38,1123,male,23,J57489
dfnvtf7qbi2955rjeaqx,14,0.14130434782608695,0.25,0.71875,83,74,1,26,184,184,0.358695652173913,1.2934782608695652,3.434065934065934,y9W5d,0.2391304347826087,0.2608695652173913,0.7391304347826086,0.0,746.7510928961749,1097.3905998464165,0.21311475409836064,0.8095238095238095,35,187,female,24,J87654
dgoapkg9vpnafks22kx4,14,0.14204545454545456,0.35795454545454547,0.7582417582417582,69,82,0,25,176,176,0.3522727272727273,1.3011363636363635,4.404624277456647,y9W5d,0.32386363636363635,0.1875,0.8125,0.0,744.0924761904761,1065.236120409159,0.19428571428571428,0.8333333333333334,37,157,female,19,J40192
di7sclw5samggg4sxipv,14,0.1751412429378531,0.22598870056497175,0.4883720930232558,55,91,0,31,177,177,0.2824858757062147,0.8983050847457628,9.152046783625732,y9W5d,0.24293785310734464,0.3333333333333333,0.6666666666666666,0.0,1049.6048295454545,2052.8631706473657,0.17613636363636365,0.6818181818181818,38,1335,female,21,J87654
dri4ey8he2jovloucu86,15,0.16883116883116883,0.34415584415584416,0.5779816513761468,45,83,0,26,154,154,0.18831168831168832,0.6948051948051948,6.590909090909091,y9W5d,0.2532467532467532,0.2857142857142857,0.7142857142857143,0.0,1018.2874727668845,1956.9455168693842,0.21568627450980393,0.5,38,1269,male,21,J40192
dt7s87imgsbma3l5scym,14,0.16279069767441862,0.3430232558139535,0.5149253731343284,60,84,0,28,172,172,0.28488372093023256,0.9593023255813954,13.803571428571429,m3D1v,0.26744186046511625,0.25,0.75,0.0,1117.5445419103314,2053.6656117771886,0.19298245614035087,0.55,37,1195,male,24,J23517
dwg6k0ka5vuwzo5h11m0,12,0.24468085106382978,0.22872340425531915,0.6962025316455697,49,89,4,46,188,188,0.22872340425531915,0.8670212765957447,15.080213903743315,y9W5d,0.28191489361702127,0.22340425531914893,0.776595744680851,0.0,604.6558823529411,1039.965017917762,0.25133689839572193,0.5185185185185185,38,642,male,24,J78901
e00bc7d9f2ce32c4f745,10,0.09561752988047809,0.22709163346613545,0.24193548387096775,156,71,0,24,251,251,0.20318725099601595,1.3067729083665338,17.07171314741036,y9W5d,0.33067729083665337,0.12350597609561753,0.8764940239043825,0.0,710.3020666666667,3172.223550902073,0.72,1.0,38,1020,female,19,J23517
e0be3445997310f4d68e,14,0.29916897506925205,0.3379501385041551,0.55,92,161,0,108,361,361,0.1329639889196676,0.7202216066481995,12.7966573816156,m3D1v,0.296398891966759,0.39335180055401664,0.6066481994459834,0.0,158.21796296296299,769.7160520064263,0.7611111111111111,1.0,38,1220,male,18,J23517
e17f01453906e3ae5716,10,0.04668304668304668,0.3759213759213759,0.21153846153846154,227,161,0,19,407,407,0.13267813267813267,0.47665847665847666,3.7984886649874054,m3D1v,0.3144963144963145,0.25552825552825553,0.7444717444717445,0.0,365.13464696223315,2212.9252509679145,0.8226600985221675,1.0,38,417,male,22,J57489
e224221a9971f9f45489,14,0.11764705882352941,0.2784313725490196,0.2597402597402597,59,166,0,30,255,255,0.3137254901960784,1.1803921568627451,5.618110236220472,y9W5d,0.24313725490196078,0.30196078431372547,0.6980392156862745,0.0,430.907217847769,1932.2423753969683,0.6929133858267716,1.0,38,613,male,22,J87654
e22c18eef214a779b4c2,14,0.17105263157894737,0.23684210526315788,0.23469387755102042,60,129,0,39,228,228,0.3026315789473684,1.1578947368421053,9.478070175438596,y9W5d,0.21929824561403508,0.2412280701754386,0.7587719298245614,0.0,614.7455947136564,3796.0478089503763,0.6696035242290749,1.0,38,1046,female,18,J23517
e23ada44d3eac9b465d2,14,0.06306306306306306,0.27927927927927926,0.2777777777777778,37,67,0,7,111,111,0.42342342342342343,1.4594594594594594,3.740740740740741,m3D1v,0.3063063063063063,0.3063063063063063,0.6936936936936937,0.0,1170.0030303030303,3052.310198633298,0.509090909090909,1.0,38,11,male,23,J87654
e2ea6dbbe90983dbb208,7,0.3432203389830508,0.11016949152542373,0.09302325581395349,122,33,0,81,236,236,0.22033898305084745,0.7415254237288136,3.3347457627118646,r8S3g,0.3940677966101695,0.7203389830508474,0.2796610169491525,0.0,521.2886524822695,6663.877469776688,0.8638297872340426,1.0,38,792,female,18,J23517
e2ee4818284ba527ef0a,14,0.23728813559322035,0.3220338983050847,0.08870967741935484,12,78,0,28,118,118,0.3728813559322034,1.2033898305084745,3.3220338983050848,y9W5d,0.2796610169491525,0.3474576271186441,0.652542372881356,0.0,1514.5793447293447,8367.84754210228,0.5982905982905983,1.0,38,1293,male,18,J40192
e324cc9cb52a2b3cb9cb,6,0.2563291139240506,0.3449367088607595,0.3829787234042553,107,128,0,81,316,316,0.14873417721518986,0.43670886075949367,3.0955414012738856,m3D1v,0.27531645569620256,0.3449367088607595,0.6550632911392406,0.0,210.51582010582013,1708.39993410624,0.765079365079365,1.0,38,7,male,21,J78901
e37bbe9fe37f92b785d9,14,0.24444444444444444,0.12222222222222222,0.35135135135135137,111,93,0,66,270,270,0.3074074074074074,1.2222222222222223,3.8407407407407406,y9W5d,0.24074074074074073,0.2222222222222222,0.7777777777777778,0.0,390.8790582403965,1677.7567511858724,0.6468401486988847,1.0,38,47,female,19,J78901
e3b920878572dbcf8c9e,13,0.0,0.0,1.0,0,44,0,0,44,44,1.0,2.6363636363636362,2.659090909090909,m3D1v,0.2727272727272727,0.25,0.75,0.0,0.4383720930232558,0.34173024735012913,1.0,0.0,38,262,male,18,J78901
e3ce61b92eeae0a33633,8,0.06140350877192982,0.0,0.13793103448275862,90,17,0,7,114,114,0.42105263157894735,1.131578947368421,3.93859649122807,r8S3g,0.42105263157894735,0.5877192982456141,0.41228070175438597,0.0,728.3977876106195,4279.683925863586,0.6637168141592921,1.0,38,206,male,24,J78901
e3d0782396c346359a8f,14,0.06976744186046512,0.031007751937984496,0.09473684210526316,17,103,0,9,129,129,0.4263565891472868,1.2093023255813953,3.9844961240310077,t5V9e,0.3488372093023256,0.4806201550387597,0.5193798449612403,0.0,1059.80234375,7263.640071098975,0.75,1.0,38,342,male,18,J87654
e43g7im7dra88a4o8bbl,11,0.12941176470588237,0.20588235294117646,0.45255474452554745,76,72,0,22,170,170,0.27058823529411763,0.8470588235294118,24.852941176470587,m3D1v,0.24705882352941178,0.3352941176470588,0.6647058823529411,0.0,1158.857692307692,2307.596473845567,0.21301775147928995,0.7083333333333334,37,1011,male,18,J40192
e4af37199530e9ea523c,11,0.17333333333333334,0.13666666666666666,0.23404255319148937,153,95,0,52,300,300,0.15666666666666668,0.6533333333333333,8.996655518394649,m3D1v,0.3466666666666667,0.4033333333333333,0.5966666666666667,0.0,448.3937012263099,2121.63574062886,0.7625418060200669,1.0,38,499,male,19,J57489
e4c80506c14da4ad563d,11,0.12980769230769232,0.34134615384615385,0.17391304347826086,119,62,0,27,208,208,0.23557692307692307,0.9567307692307693,12.14423076923077,y9W5d,0.33653846153846156,0.18269230769230768,0.8173076923076923,0.0,635.5590982286634,3165.355952807905,0.7632850241545893,0.9642857142857143,38,947,female,23,J40192
e4d6737b176e6ca5ef06,14,0.4386792452830189,0.38207547169811323,0.12030075187969924,8,111,0,93,212,212,0.2971698113207547,0.7735849056603774,4.764150943396227,r8S3g,0.3018867924528302,0.4716981132075472,0.5283018867924528,0.0,901.5462085308058,5587.59192940309,0.7582938388625592,1.0,38,956,male,22,J87654
e50db74322430aa289b1,13,0.10897435897435898,0.3974358974358974,0.1015625,45,94,0,17,156,156,0.3076923076923077,1.0961538461538463,18.53205128205128,t5V9e,0.3333333333333333,0.5961538461538461,0.40384615384615385,0.0,1181.1197849462367,7082.270214206307,0.8387096774193549,1.0,38,924,female,18,J23517
e58gk2f3crnwqnx0gett,12,0.18471337579617833,0.3375796178343949,0.48,65,62,1,29,157,157,0.3057324840764331,1.0127388535031847,14.064516129032258,m3D1v,0.2484076433121019,0.3057324840764331,0.6942675159235668,0.0,1144.5463675213675,2395.3016673074967,0.21153846153846154,0.6666666666666666,33,1101,female,19,J57489
e5b30ace9334d153e076,14,0.10196078431372549,0.26666666666666666,0.16666666666666666,117,112,0,26,255,255,0.2,0.8745098039215686,21.537549407114625,m3D1v,0.24313725490196078,0.3137254901960784,0.6862745098039216,0.0,537.779593175853,3855.064331542009,0.7204724409448819,1.0,38,1241,male,24,J87654
e5cab2ae37f3a9ed4f46,9,0.24096385542168675,0.006024096385542169,0.09302325581395349,121,5,0,40,166,166,0.25903614457831325,0.6746987951807228,3.8313253012048194,r8S3g,0.5963855421686747,0.6686746987951807,0.3313253012048193,0.0,742.8139393939394,4264.549341106039,0.8242424242424242,0.7058823529411765,38,520,male,20,J78901
e62f7655cb5259abfbf1,3,0.5436893203883495,0.23300970873786409,0.3013698630136986,58,36,0,112,206,206,0.24271844660194175,0.7281553398058253,3.407766990291262,m3D1v,0.3932038834951456,0.21359223300970873,0.7864077669902912,0.0,503.1949593495935,2174.768683058911,0.7219512195121951,1.0,38,493,male,18,J78901
e6b9a4292b6a8e8e0ef0,13,0.0,0.22033898305084745,0.171875,6,53,0,0,59,59,0.7796610169491526,2.0847457627118646,6.576271186440678,m3D1v,0.22033898305084745,0.3050847457627119,0.6949152542372882,0.0,1564.1905172413792,4683.0652288352185,0.5862068965517241,1.0,38,602,female,22,J23517
e6c8ce7f4d7b0b4ca4a6,14,0.3282828282828283,0.26262626262626265,0.32558139534883723,34,93,6,65,198,198,0.25252525252525254,0.8181818181818182,4.3538461538461535,m3D1v,0.3282828282828283,0.26262626262626265,0.7373737373737373,0.0,619.651945854484,2279.9999761153613,0.6751269035532995,1.0,38,130,female,19,J87654
e716574233e87591ff19,2,0.3929712460063898,0.11501597444089456,0.2857142857142857,91,99,0,123,313,313,0.1501597444089457,0.5399361022364217,3.8115015974440896,m3D1v,0.29073482428115016,0.2715654952076677,0.7284345047923323,0.0,351.16282051282053,2051.1800675824493,0.7115384615384616,1.0,38,33,male,23,J78901
e73ae5f649c6f52b3fb1,14,0.14594594594594595,0.2864864864864865,0.25806451612903225,36,122,0,27,185,185,0.31891891891891894,1.2486486486486486,3.6793478260869565,y9W5d,0.2810810810810811,0.21621621621621623,0.7837837837837838,0.0,963.4378623188405,3302.772767434912,0.5706521739130435,1.0,38,928,female,20,J23517
e77eaaa90a75ea6167f4,14,0.03954802259887006,0.1016949152542373,0.18518518518518517,47,123,0,7,177,177,0.2824858757062147,0.96045197740113,13.834319526627219,m3D1v,0.4745762711864407,0.3050847457627119,0.6949152542372882,0.0,654.3903409090909,3643.4220448427127,0.7727272727272727,1.0,38,1217,male,24,J40192
e851f82a650692f8e591,15,0.4268292682926829,0.3617886178861789,0.2692307692307692,62,79,0,105,246,246,0.23170731707317074,0.7642276422764228,3.7439024390243905,y9W5d,0.2967479674796748,0.24796747967479674,0.7520325203252033,0.0,451.9866666666667,2632.662783169832,0.7428571428571429,1.0,38,204,male,18,J40192
e865c97bc96802575f80,14,0.072265625,0.2421875,0.21666666666666667,237,238,0,37,512,512,0.125,0.525390625,13.241176470588234,r8S3g,0.298828125,0.458984375,0.541015625,0.0,335.9904435746902,2244.702030401148,0.8297455968688845,1.0,38,1031,male,24,J78901
e86f896d71d48d87464d,5,0.2857142857142857,0.2714285714285714,0.8333333333333334,22,28,0,20,70,70,0.22857142857142856,0.5285714285714286,3.8285714285714287,r8S3g,0.7,0.8857142857142857,0.11428571428571428,0.0,224.54057971014493,618.7310766069021,0.5942028985507246,1.0,16,250,male,22,J40192
e877c03b218bddedd3b8,12,0.2,0.35625,0.13592233009708737,90,38,0,32,160,160,0.28125,0.79375,3.35,m3D1v,0.3125,0.44375,0.55625,0.0,928.2302935010482,4370.050460537858,0.6352201257861635,0.9583333333333334,38,1116,male,23,J40192
e89cdaa3f159a0d3f55e,14,0.04681404421326398,0.3641092327698309,0.3918918918918919,141,592,0,36,769,769,0.11443433029908973,0.5201560468140443,3.712021136063408,y9W5d,0.270481144343303,0.1508452535760728,0.8491547464239272,0.0,136.4201171875,909.5236588912366,0.8046875,1.0,38,6,male,19,J57489
e9b6fa8a87469779d732,13,0.29180327868852457,0.25573770491803277,0.375,66,150,0,89,305,305,0.18032786885245902,0.6918032786885245,3.316666666666667,y9W5d,0.34098360655737703,0.1180327868852459,0.8819672131147541,0.0,375.1890350877193,1563.1881849766364,0.6644736842105263,1.0,38,304,female,24,J40192
e9vzigim3qs88f721ohz,13,0.20121951219512196,0.18902439024390244,0.5588235294117647,69,62,0,33,164,164,0.24390243902439024,0.8963414634146342,8.570552147239264,m3D1v,0.3048780487804878,0.2621951219512195,0.7378048780487805,0.0,890.8994887525563,1708.862486143367,0.2147239263803681,0.625,35,815,female,18,J87654
eacb3353d7bc80cf3e7a,11,0.13761467889908258,0.26605504587155965,0.13821138211382114,69,25,0,15,109,109,0.42201834862385323,1.5596330275229358,16.962962962962962,m3D1v,0.23853211009174313,0.3577981651376147,0.6422018348623854,0.0,1633.5345679012346,5637.875695318719,0.5925925925925926,1.0,38,1321,male,23,J40192
eb4493aa138e8edc3f6d,14,0.105,0.195,0.11494252873563218,20,159,0,21,200,200,0.225,0.64,3.725,m3D1v,0.32,0.37,0.63,0.0,622.3402010050252,3327.796675364592,0.7939698492462312,1.0,38,1207,male,20,J57489
eb93cedc17b4eac76750,11,0.07655502392344497,0.17703349282296652,0.1732283464566929,108,85,0,16,209,209,0.23923444976076555,0.9234449760765551,21.722772277227723,y9W5d,0.24880382775119617,0.15789473684210525,0.8421052631578947,0.0,872.1960737179487,7161.170149790874,0.6682692307692307,1.0,38,941,male,23,J23517
ebe7a295f61c831b0093,0,0.4085106382978723,0.0,0.09,80,48,11,96,235,235,0.2765957446808511,1.0297872340425531,9.811965811965813,r8S3g,0.2936170212765957,0.3829787234042553,0.6170212765957447,0.0,609.9133903133903,6636.721084269686,0.7735042735042735,1.0,38,795,male,19,J78901
ec4897070f2d3b6eab89,14,0.32575757575757575,0.045454545454545456,0.20930232558139536,26,63,0,43,132,132,0.3333333333333333,1.143939393939394,4.2384615384615385,m3D1v,0.23484848484848486,0.24242424242424243,0.7575757575757576,0.0,937.259796437659,3692.321903515311,0.5419847328244275,1.0,38,308,male,19,J40192
ec86426a6e0331d06091,12,0.0,0.25892857142857145,0.1375,70,42,0,0,112,112,0.39285714285714285,1.0625,5.108108108108108,t5V9e,0.2857142857142857,0.42857142857142855,0.5714285714285714,0.0,1025.0633633633634,3667.6684525185888,0.6846846846846847,1.0,38,1076,female,18,J57489
ed4b51eb098deb0ba58e,15,0.38285714285714284,0.42857142857142855,0.43478260869565216,33,75,0,67,175,175,0.36,1.48,8.8698224852071,y9W5d,0.26285714285714284,0.2057142857142857,0.7942857142857143,0.0,374.7479885057471,1690.907039066998,0.5632183908045977,1.0,38,1059,female,24,J40192
ed94d52e091b68ca5ee5,14,0.03056768558951965,0.35807860262008734,0.17721518987341772,127,90,5,7,229,229,0.3318777292576419,1.3362445414847162,8.109649122807017,y9W5d,0.33624454148471616,0.20087336244541484,0.7991266375545851,0.0,492.42902046783627,4411.224644941823,0.6535087719298246,1.0,38,1132,male,24,J78901
ee1ef9674f9e0bfca48b,12,0.25333333333333335,0.16,0.12941176470588237,26,30,0,19,75,75,0.6533333333333333,1.64,3.4266666666666667,m3D1v,0.25333333333333335,0.4266666666666667,0.5733333333333334,0.0,1635.2824324324324,4894.261084238532,0.6891891891891891,1.0,38,143,female,18,J40192
eec0307b4d47609d6933,15,0.09555555555555556,0.25333333333333335,0.33783783783783783,143,264,0,43,450,450,0.12222222222222222,0.5622222222222222,4.235555555555556,y9W5d,0.36,0.2,0.8,0.0,233.28359317000744,1339.729118028811,0.7594654788418709,1.0,38,618,male,20,J78901
ef04ejvyvmh5votejbif,14,0.1875,0.2916666666666667,0.5769230769230769,71,85,0,36,192,192,0.22395833333333334,0.9791666666666666,3.8225806451612905,y9W5d,0.2760416666666667,0.19270833333333334,0.8072916666666666,0.0,775.8757417102967,1514.5422080834635,0.24607329842931938,0.64,35,186,female,20,J87654
ef912a5602a5f70b244b,11,0.009900990099009901,0.45544554455445546,0.17475728155339806,49,51,0,1,101,101,0.43564356435643564,1.3663366336633664,8.415841584158416,r8S3g,0.32673267326732675,0.44554455445544555,0.5544554455445545,0.0,1470.6608333333331,4468.463246165391,0.5,1.0,38,1040,female,21,J23517
efb9fe363bdeb9f48d69,2,0.4358974358974359,0.2222222222222222,0.2535211267605634,26,40,0,51,117,117,0.37606837606837606,1.017094017094017,3.5811965811965814,r8S3g,0.3247863247863248,0.5641025641025641,0.4358974358974359,0.0,868.4831896551725,3128.571272974245,0.5517241379310345,1.0,38,239,male,24,J40192
em248gxmeso9cw0wzlv8,11,0.27624309392265195,0.39226519337016574,0.5555555555555556,60,71,0,50,181,181,0.1878453038674033,0.8011049723756906,3.808988764044944,y9W5d,0.2265193370165746,0.35911602209944754,0.6408839779005525,0.0,855.8355555555555,1496.791713914449,0.22777777777777777,0.43478260869565216,37,462,female,23,J87654
emnk7ob7xxxdiph6fun3,15,0.16939890710382513,0.23497267759562843,0.6030534351145038,79,73,0,31,183,183,0.2459016393442623,0.907103825136612,6.419889502762431,y9W5d,0.26229508196721313,0.30601092896174864,0.6939890710382514,0.0,1029.5242673992675,1642.196959375195,0.21428571428571427,0.5769230769230769,35,1169,female,22,J87654
erjfooit15024g7nj8co,12,0.12962962962962962,0.36419753086419754,0.4878048780487805,66,75,0,21,162,162,0.2839506172839506,1.0246913580246915,16.1055900621118,r8S3g,0.2654320987654321,0.3888888888888889,0.6111111111111112,0.0,1089.1119047619047,1968.6813320479948,0.18633540372670807,0.5454545454545454,34,1105,female,20,J23517
exaiz0y0uvpeg498cg4j,12,0.2603550295857988,0.21893491124260356,0.49206349206349204,51,74,0,44,169,169,0.21301775147928995,0.8284023668639053,13.387878787878789,y9W5d,0.23076923076923078,0.378698224852071,0.621301775147929,0.0,1071.4372023809524,2028.812104252433,0.22023809523809523,0.6666666666666666,34,1356,female,21,J78901
exj3a7hd6gwihbowgm3w,12,0.2413793103448276,0.21264367816091953,0.6126126126126126,65,67,0,42,174,174,0.21839080459770116,0.764367816091954,3.7588235294117647,m3D1v,0.21264367816091953,0.3275862068965517,0.6724137931034483,0.0,916.8334296724471,1756.2829940729068,0.20809248554913296,0.4444444444444444,36,67,female,22,J57489
ezdogkk0jqt4nvvvbnxp,12,0.19736842105263158,0.21710526315789475,0.7,62,59,1,30,152,152,0.26973684210526316,0.9473684210526315,6.6466666666666665,m3D1v,0.2894736842105263,0.27631578947368424,0.7236842105263158,0.0,759.4176600441501,1103.9817737294327,0.19205298013245034,0.42105263157894735,38,638,female,20,J87654
f05247f3d32a4bf5a6df,15,0.18337408312958436,0.1466992665036675,0.24096385542168675,104,230,0,75,409,409,0.14425427872860636,0.41075794621026895,3.8759305210918114,m3D1v,0.3202933985330073,0.45965770171149145,0.5403422982885085,0.0,288.7984885620915,2472.1674554960264,0.8700980392156863,1.0,38,513,female,21,J57489
f058870b1bc33e288e82,13,0.11409395973154363,0.087248322147651,0.16417910447761194,56,76,0,17,149,149,0.3691275167785235,1.2013422818791946,3.6486486486486487,m3D1v,0.2684563758389262,0.3825503355704698,0.6174496644295302,0.0,645.3277027027027,3274.4223258668276,0.8108108108108109,1.0,38,29,male,20,J78901
f06c3ddb1a98713eeb32,9,0.22981366459627328,0.003105590062111801,0.26865671641791045,159,89,0,74,322,322,0.16459627329192547,0.6149068322981367,4.7639344262295085,m3D1v,0.32298136645962733,0.2360248447204969,0.7639751552795031,0.0,297.16521287642786,1922.7686824308246,0.7289719626168224,1.0,38,27,male,23,J87654
f22c9341431a6123f670,7,0.03870967741935484,0.2967741935483871,0.10476190476190476,78,71,0,6,155,155,0.2967741935483871,1.064516129032258,4.6797385620915035,y9W5d,0.23870967741935484,0.3032258064516129,0.6967741935483871,0.0,976.2124458874459,6111.376251227013,0.6883116883116883,1.0,38,393,female,18,J23517
f25a777dbbda3d4314d7,15,0.045,0.09,0.14814814814814814,35,156,0,9,200,200,0.275,0.94,3.12,y9W5d,0.285,0.305,0.695,0.0,580.6876046901173,3241.8013703760193,0.6984924623115578,1.0,38,108,male,22,J87654
f26c1d520ac39293c68a,11,0.11153119092627599,0.11153119092627599,0.40625,286,184,0,59,529,529,0.11342155009451796,0.5463137996219282,7.469111969111969,m3D1v,0.29867674858223064,0.33648393194706994,0.6635160680529301,0.0,171.79703282828282,1169.2854098213838,0.7821969696969697,1.0,38,592,male,20,J40192
f286ac7cd0663855cc5f,12,0.13793103448275862,0.08045977011494253,0.11009174311926606,59,91,0,24,174,174,0.3045977011494253,0.8850574712643678,8.649425287356323,m3D1v,0.2413793103448276,0.41954022988505746,0.5804597701149425,0.0,896.7409441233141,6785.759458429559,0.6994219653179191,1.0,38,1215,female,21,J23517
f36a755a3fa5db5c0743,15,0.08163265306122448,0.1683673469387755,0.1717171717171717,66,114,0,16,196,196,0.22959183673469388,0.9081632653061225,4.188775510204081,r8S3g,0.32142857142857145,0.40816326530612246,0.5918367346938775,0.0,723.214188034188,3285.1873828642956,0.7025641025641025,1.0,38,331,female,21,J78901
f47eab262dd5809d4d60,14,0.2830188679245283,0.15723270440251572,0.25301204819277107,62,52,0,45,159,159,0.29559748427672955,1.150943396226415,3.4213836477987423,y9W5d,0.2641509433962264,0.1320754716981132,0.8679245283018868,0.0,747.9668776371308,2982.7346088585346,0.6265822784810127,1.0,38,146,female,18,J78901
f4e46ba446c56e56259b,2,0.3769633507853403,0.06806282722513089,0.203125,69,50,0,72,191,191,0.24607329842931938,0.743455497382199,3.722513089005236,r8S3g,0.29842931937172773,0.4293193717277487,0.5706806282722513,0.0,478.945,3164.7223837295164,0.7526315789473684,1.0,38,229,female,22,J40192
f527k17lr4aumahjtj92,15,0.14792899408284024,0.1952662721893491,0.6875,69,75,0,25,169,169,0.10650887573964497,0.4970414201183432,16.487654320987655,y9W5d,0.27218934911242604,0.28994082840236685,0.7100591715976331,0.0,814.8080357142858,1236.4830566776914,0.19642857142857142,0.25,35,565,male,23,J87654
f5c3c6eb77fac482de13,15,0.12264150943396226,0.5,0.18811881188118812,35,58,0,13,106,106,0.41509433962264153,1.2641509433962264,11.716981132075471,y9W5d,0.330188679245283,0.16981132075471697,0.8301886792452831,0.0,1372.9701587301586,3779.7735623227836,0.5714285714285714,1.0,38,1028,female,19,J78901
f5jwwahac3fyc6rq5tex,12,0.14367816091954022,0.367816091954023,0.504,83,64,2,25,174,174,0.27586206896551724,1.0172413793103448,10.925287356321839,m3D1v,0.23563218390804597,0.25862068965517243,0.7413793103448276,0.0,1028.458766859345,2080.8033832489323,0.20809248554913296,0.47619047619047616,34,1078,male,24,J78901
f63cab44b941c6ca80d6,3,0.29056603773584905,0.15849056603773584,0.18269230769230768,127,61,0,77,265,265,0.23773584905660378,0.7358490566037735,10.460377358490566,m3D1v,0.2943396226415094,0.3283018867924528,0.6716981132075471,0.0,559.0231691919192,3048.7429916672886,0.7840909090909091,1.0,38,1235,female,22,J23517
f7a14eb1e15ceeea955c,13,0.15566037735849056,0.12264150943396226,0.32051282051282054,103,76,0,33,212,212,0.2641509433962264,1.3018867924528301,4.530805687203792,m3D1v,0.32075471698113206,0.11320754716981132,0.8867924528301887,0.0,523.8591627172195,1907.6720093540162,0.6919431279620853,1.0,38,112,male,23,J78901
f7c4a29d42220e1cea27,12,0.21714285714285714,0.2,0.17692307692307693,52,85,0,38,175,175,0.34285714285714286,1.4114285714285715,13.086206896551724,y9W5d,0.32,0.22857142857142856,0.7714285714285715,0.0,1066.4254789272031,5162.242246532724,0.5804597701149425,1.0,38,1288,male,18,J87654
f81f52969ef1de783de3,14,0.22,0.3,0.4146341463414634,53,103,0,44,200,200,0.22,0.865,18.735,y9W5d,0.32,0.14,0.86,0.0,287.75787269681746,1220.7331363323137,0.7587939698492462,1.0,38,479,male,22,J40192
f82461b84c9c48a36613,14,0.09782608695652174,0.28804347826086957,0.2777777777777778,76,90,0,18,184,184,0.2608695652173913,1.1358695652173914,3.777142857142857,y9W5d,0.2717391304347826,0.20652173913043478,0.7934782608695652,0.0,697.6002732240437,2404.692623897866,0.6284153005464481,1.0,38,149,male,21,J40192
f8c2f04e8e116f0fd237,14,0.30077120822622105,0.07712082262210797,0.29591836734693877,72,200,0,117,389,389,0.2210796915167095,0.7172236503856041,3.7017994858611827,m3D1v,0.4190231362467866,0.36503856041131105,0.6349614395886889,0.0,359.7311855670103,2359.4256349492853,0.7525773195876289,1.0,38,773,male,21,J23517
f964ee6bca634319a68f,2,0.5685131195335277,0.11078717201166181,0.1038961038961039,74,55,19,195,343,343,0.16909620991253643,0.9591836734693877,5.988059701492538,y9W5d,0.3206997084548105,0.0728862973760933,0.9271137026239067,0.0,323.84259259259255,3966.1192272625754,0.8070175438596491,1.0,38,625,female,18,J57489
f9c641e9c05c243a751e,13,0.06470588235294118,0.27647058823529413,0.10714285714285714,25,134,0,11,170,170,0.27647058823529413,0.8529411764705882,6.4941176470588236,t5V9e,0.34705882352941175,0.6352941176470588,0.36470588235294116,0.0,711.4130177514793,7145.776281725478,0.8047337278106509,0.9411764705882353,37,951,male,18,J78901
f9d95830556934ae9a01,14,0.12056737588652482,0.024822695035460994,0.28735632183908044,111,137,0,34,282,282,0.2198581560283688,0.7624113475177305,3.387218045112782,y9W5d,0.23049645390070922,0.32978723404255317,0.6702127659574468,0.0,437.7648279952551,1926.642832296032,0.701067615658363,1.0,38,105,male,23,J57489
f9dde99f5db421171b51,11,0.04304635761589404,0.48509933774834435,0.3384615384615385,376,202,0,26,604,604,0.07450331125827815,0.40728476821192056,12.151202749140893,m3D1v,0.25496688741721857,0.3344370860927152,0.6655629139072847,0.0,152.86323935876175,1379.749141721449,0.8175787728026535,1.0,38,497,female,22,J23517
f9ef2830cd485d038b53,12,0.0,1.0,1.0,8,29,0,0,37,37,0.9459459459459459,2.4594594594594597,3.081081081081081,m3D1v,0.2702702702702703,0.2972972972972973,0.7027027027027027,0.0,2.335648148148148,2.2794776371045984,0.8611111111111112,1.0,30,261,female,18,J40192
faa31dca7ed1dd11fe44,10,0.0015923566878980893,0.5398089171974523,0.1650485436893204,392,235,0,1,628,628,0.08598726114649681,0.5923566878980892,17.963515754560532,y9W5d,0.4012738853503185,0.10668789808917198,0.893312101910828,0.0,233.5787081339713,3092.7559635217895,0.8676236044657097,1.0,38,1218,male,21,J23517
fabad359607dabbaaed4,10,0.04375,0.15,0.2597402597402597,81,72,0,7,160,160,0.3375,1.43125,4.261146496815287,y9W5d,0.29375,0.23125,0.76875,0.0,688.8280922431866,2908.3031852729605,0.610062893081761,1.0,38,600,male,19,J78901
fb4411db1aac3cd2544b,11,0.0,0.20915032679738563,0.1782178217821782,101,52,0,0,153,153,0.28104575163398693,0.9281045751633987,3.8421052631578947,m3D1v,0.28104575163398693,0.33986928104575165,0.6601307189542484,0.0,949.0208333333334,4286.121080394171,0.625,1.0,37,26,female,22,J23517
fb5d5693ffa9f022a191,11,0.13274336283185842,0.4778761061946903,0.18085106382978725,49,49,0,15,113,113,0.4247787610619469,1.3805309734513274,4.389380530973451,y9W5d,0.2831858407079646,0.18584070796460178,0.8141592920353983,0.0,1199.1294642857142,4101.308281127103,0.49107142857142855,1.0,38,1032,female,23,J23517
fb735wd248crm37cgmgw,11,0.20261437908496732,0.27450980392156865,0.6161616161616161,60,62,0,31,153,153,0.2875816993464052,1.026143790849673,3.8815789473684212,r8S3g,0.24836601307189543,0.35947712418300654,0.6405228758169934,0.0,930.7108552631579,1598.8606187906355,0.19736842105263158,0.7222222222222222,36,283,female,19,J23517
fc1c9dd58091c33d8888,14,0.11643835616438356,0.18949771689497716,0.2159090909090909,196,191,0,51,438,438,0.18036529680365296,0.6278538812785388,4.611241217798595,y9W5d,0.3675799086757991,0.2557077625570776,0.7442922374429224,0.0,287.68100686498855,1698.1902378217621,0.8604118993135011,1.0,38,1127,male,18,J78901
fc39de3859d890b9693d,13,0.04727272727272727,0.2509090909090909,0.2549019607843137,134,128,0,13,275,275,0.19636363636363635,0.7054545454545454,14.037878787878787,y9W5d,0.36,0.07272727272727272,0.9272727272727272,0.0,262.38765206812656,1754.8515174078861,0.8065693430656934,1.0,38,595,male,21,J57489
fc5a9edc3413ecece4bd,10,0.10784313725490197,0.3137254901960784,0.2268041237113402,66,25,0,11,102,102,0.5392156862745098,1.4705882352941178,5.333333333333333,y9W5d,0.3431372549019608,0.20588235294117646,0.7941176470588235,0.0,1377.1937293729375,3993.4481603662393,0.48514851485148514,1.0,38,1120,male,20,J78901
fc916744a3bd5120978f,15,0.20535714285714285,0.2857142857142857,0.43478260869565216,66,112,0,46,224,224,0.23214285714285715,0.7946428571428571,5.682027649769585,r8S3g,0.28125,0.35267857142857145,0.6473214285714286,0.0,140.1634529147982,1003.9384039458303,0.7130044843049327,1.0,38,796,female,24,J40192
fcf6463f948b24ac7cd8,1,0.5714285714285714,0.2012987012987013,0.2191780821917808,40,21,5,88,154,154,0.2987012987012987,1.0324675324675325,5.87012987012987,y9W5d,0.43506493506493504,0.16233766233766234,0.8376623376623377,0.0,681.6824618736384,3031.036024274943,0.7058823529411765,1.0,38,588,male,18,J87654
fcwom6dicy0kov3lxsf8,10,0.1834319526627219,0.30177514792899407,0.5182481751824818,74,64,0,31,169,169,0.2958579881656805,1.0355029585798816,8.44378698224852,m3D1v,0.2781065088757396,0.3076923076923077,0.6923076923076923,0.0,1164.5077380952382,2733.302931174877,0.17261904761904762,0.6086956521739131,35,993,male,22,J23517
fda1eaffdfa7350e5d97,14,0.21573604060913706,0.34517766497461927,0.21705426356589147,135,174,0,85,394,394,0.17258883248730963,0.4949238578680203,5.333333333333333,r8S3g,0.41116751269035534,0.5558375634517766,0.44416243654822335,0.0,470.1689143341815,2657.7332064259217,0.7811704834605598,1.0,38,1286,female,24,J78901
fdd50b3ad56dcf116c82,14,0.1885245901639344,0.1721311475409836,0.2597402597402597,18,81,0,23,122,122,0.3770491803278688,1.1311475409836065,4.858333333333333,m3D1v,0.2786885245901639,0.3360655737704918,0.6639344262295082,0.0,909.7365013774105,3870.7791636380193,0.4214876033057851,1.0,38,1045,male,20,J78901
fdd714a996ac8bd8006d,15,0.0945945945945946,0.14864864864864866,0.12,11,56,0,7,74,74,0.6351351351351351,1.945945945945946,3.6285714285714286,m3D1v,0.28378378378378377,0.28378378378378377,0.7162162162162162,0.0,1950.6860730593608,8972.979484141497,0.4383561643835616,1.0,38,1119,female,21,J87654
fe40bd528b4fbbf591e1,14,0.23371647509578544,0.25287356321839083,0.23076923076923078,64,136,0,61,261,261,0.1724137931034483,0.735632183908046,3.953307392996109,y9W5d,0.3448275862068966,0.3103448275862069,0.6896551724137931,0.0,571.4475641025641,2608.190653798948,0.6807692307692308,1.0,38,423,male,23,J87654
fe5cf715d9c94fc7779e,1,0.7525773195876289,0.0,0.05357142857142857,19,5,0,73,97,97,0.4845360824742268,1.577319587628866,4.402061855670103,y9W5d,0.27835051546391754,0.1958762886597938,0.8041237113402062,0.0,833.9848958333333,5725.065113700592,0.6979166666666666,1.0,38,620,female,21,J40192
fe752a6d1aa3d710d738,15,0.20357142857142857,0.5857142857142857,0.2616822429906542,48,175,0,57,280,280,0.2,0.575,3.424812030075188,m3D1v,0.3392857142857143,0.33214285714285713,0.6678571428571428,0.0,547.5460573476703,2502.026692663319,0.6881720430107527,1.0,38,388,male,21,J40192
fef67841144f4c95a6c5,10,0.16494845360824742,0.041237113402061855,0.2608695652173913,68,13,0,16,97,97,0.5051546391752577,1.7731958762886597,7.7368421052631575,m3D1v,0.28865979381443296,0.21649484536082475,0.7835051546391752,0.0,673.3458333333333,2646.2361809753347,0.6145833333333334,1.0,38,1166,female,20,J57489
ff2d815d9ef74b153b54,9,0.08943089430894309,0.4065040650406504,0.2336448598130841,84,28,0,11,123,123,0.4065040650406504,1.089430894308943,4.317073170731708,y9W5d,0.3089430894308943,0.3821138211382114,0.6178861788617886,0.0,1248.512431693989,3426.513477996604,0.5245901639344263,1.0,38,1054,male,21,J87654
ff59855075a6bc39d62b,13,0.21951219512195122,0.10975609756097561,0.11842105263157894,24,40,0,18,82,82,0.573170731707317,1.475609756097561,3.2439024390243905,m3D1v,0.23170731707317074,0.35365853658536583,0.6463414634146342,0.0,1328.7156378600823,5107.279556566204,0.8148148148148148,1.0,38,57,male,23,J78901
ff63c210b94623453b5f,10,0.35034013605442177,0.5238095238095238,0.17647058823529413,151,40,0,103,294,294,0.2619047619047619,0.8027210884353742,3.6404109589041096,t5V9e,0.2925170068027211,0.4557823129251701,0.54421768707483,0.0,497.2583048919226,3317.9876143553706,0.7815699658703071,1.0,38,783,female,18,J87654
ffe3886e3e3bab0249b5,14,0.24102564102564103,0.18461538461538463,0.46153846153846156,50,98,0,47,195,195,0.3282051282051282,1.3128205128205128,32.225641025641025,g7R2j,0.2358974358974359,0.1641025641025641,0.8358974358974359,0.0,282.6523195876289,1267.1405882737865,0.6185567010309279,1.0,38,1168,male,18,J78901
fkenlzdweox7v0zaopqo,14,0.14285714285714285,0.20408163265306123,0.6310679611650486,52,74,0,21,147,147,0.22448979591836735,0.8367346938775511,3.9727891156462585,m3D1v,0.23129251700680273,0.3469387755102041,0.6530612244897959,0.0,1006.9122146118721,1426.581923286517,0.17123287671232876,0.5909090909090909,34,370,female,24,J23517
flde3irykh8wauaj2fuw,13,0.1728395061728395,0.41975308641975306,0.5514018691588785,61,73,0,28,162,162,0.15432098765432098,0.691358024691358,3.7088607594936707,m3D1v,0.2716049382716049,0.2962962962962963,0.7037037037037037,0.0,947.1942028985507,1759.7738148588046,0.22981366459627328,0.3333333333333333,36,466,male,22,J57489
fov3pbwdqzvhgcjp7o9f,14,0.20994475138121546,0.287292817679558,0.6203703703703703,56,87,0,38,181,181,0.26519337016574585,0.8232044198895028,4.331491712707182,m3D1v,0.2430939226519337,0.36464088397790057,0.6353591160220995,0.0,854.8108333333333,1791.1719556897372,0.16111111111111112,0.68,36,272,male,20,J78901
fqcud1c5mt7pdp9w0v6y,13,0.24087591240875914,0.26277372262773724,0.5980392156862745,43,61,0,33,137,137,0.26277372262773724,0.927007299270073,3.8686131386861313,m3D1v,0.24817518248175183,0.40145985401459855,0.5985401459854015,0.0,1066.018137254902,1568.5397214017585,0.15441176470588236,0.42857142857142855,33,349,male,18,J57489
fvlb9xi66oze7eo3yhdh,11,0.16393442622950818,0.2786885245901639,0.580952380952381,64,88,1,30,183,183,0.3114754098360656,0.9453551912568307,3.80327868852459,m3D1v,0.24043715846994534,0.3825136612021858,0.6174863387978142,0.0,824.4266483516483,1591.503604142236,0.1813186813186813,0.7083333333333334,36,277,female,20,J87654
fvurnsqlgyr9zbd6msqs,14,0.2119205298013245,0.2052980132450331,0.5765765765765766,53,66,0,32,151,151,0.2185430463576159,0.7814569536423841,3.443708609271523,m3D1v,0.2847682119205298,0.2781456953642384,0.7218543046357616,0.0,1057.4236666666666,2134.670828825719,0.17333333333333334,0.42857142857142855,32,86,male,22,J57489
g5wbnnhq1jbyc32q3003,15,0.24705882352941178,0.37058823529411766,0.5945945945945946,52,76,0,42,170,170,0.19411764705882353,0.8058823529411765,3.8273809523809526,m3D1v,0.27058823529411763,0.35294117647058826,0.6470588235294118,0.0,937.3959566074951,1609.381023835777,0.22485207100591717,0.5,33,447,male,19,J40192
gj009a2t56bxjluh0mox,14,0.19117647058823528,0.35784313725490197,0.583941605839416,83,82,0,39,204,204,0.27450980392156865,1.0147058823529411,7.826732673267327,m3D1v,0.27450980392156865,0.27450980392156865,0.7254901960784313,0.0,964.9048440065682,2625.8322552793775,0.2019704433497537,0.6521739130434783,38,984,male,19,J40192
gk8izwg77g6t4p5buiar,11,0.2037037037037037,0.2037037037037037,0.46715328467153283,68,60,1,33,162,162,0.2345679012345679,0.808641975308642,16.179012345679013,r8S3g,0.2345679012345679,0.32098765432098764,0.6790123456790124,0.0,1216.4190476190477,2363.016866900541,0.22981366459627328,0.44,36,1009,male,21,J57489
gq3jw96afgct5rjiim20,12,0.19393939393939394,0.2545454545454545,0.5182481751824818,66,66,1,32,165,165,0.2909090909090909,0.9575757575757575,8.865853658536585,m3D1v,0.2787878787878788,0.3090909090909091,0.6909090909090909,0.0,1192.9916666666666,2011.2033587025048,0.18292682926829268,0.6551724137931034,37,1015,male,20,J57489
gsirdbny6840zq22vo7a,12,0.18518518518518517,0.26455026455026454,0.5328467153284672,71,81,2,35,189,189,0.2751322751322751,0.9312169312169312,14.251336898395722,m3D1v,0.25925925925925924,0.2962962962962963,0.7037037037037037,0.0,1043.663829787234,1851.6248969870323,0.18617021276595744,0.5,36,991,female,23,J87654
gzthlilac9ixoayq02u1,12,0.21348314606741572,0.19662921348314608,0.7625,66,71,3,38,178,178,0.29775280898876405,1.101123595505618,11.76271186440678,m3D1v,0.30337078651685395,0.16853932584269662,0.8314606741573034,0.0,647.7661016949153,910.5029912924273,0.1751412429378531,0.7272727272727273,37,649,male,22,J78901
h6miro3m8713s3dxuipr,14,0.22424242424242424,0.2606060606060606,0.5686274509803921,67,61,0,37,165,165,0.2909090909090909,1.018181818181818,3.242424242424242,m3D1v,0.2606060606060606,0.3515151515151515,0.6484848484848484,0.0,887.4775406504065,1382.974923849022,0.21951219512195122,0.43478260869565216,34,351,female,23,J78901
h7i4kmpsra4szfbhrcbh,14,0.23668639053254437,0.33136094674556216,0.5929203539823009,51,78,0,40,169,169,0.23076923076923078,0.8698224852071006,13.514792899408285,y9W5d,0.2485207100591716,0.27218934911242604,0.727810650887574,0.0,957.1918650793651,1804.7036275826028,0.19642857142857142,0.6666666666666666,35,1279,female,22,J57489
h9urbo4ce8x02brjnloz,14,0.22727272727272727,0.42857142857142855,0.5779816513761468,44,75,0,35,154,154,0.21428571428571427,0.7727272727272727,3.616883116883117,m3D1v,0.3051948051948052,0.2597402597402597,0.7402597402597403,0.0,1013.8171023965141,1633.2366856933795,0.1830065359477124,0.5,34,453,female,21,J87654
hc0idvz0lxc4zpx94cbx,11,0.12422360248447205,0.22981366459627328,0.43795620437956206,79,62,0,20,161,161,0.2360248447204969,0.8881987577639752,18.652173913043477,y9W5d,0.22981366459627328,0.2919254658385093,0.7080745341614907,0.0,1222.8009375,2950.1382409638886,0.21875,0.7307692307692307,35,1016,male,18,J23517
hcm6w0jxnfqhkpm745cu,14,0.2011173184357542,0.24022346368715083,0.6388888888888888,60,81,2,36,179,179,0.27932960893854747,0.8938547486033519,3.6927374301675977,m3D1v,0.3240223463687151,0.3575418994413408,0.6424581005586593,0.0,864.2725655430712,1519.7554582598823,0.19662921348314608,0.56,37,286,male,24,J87654
hhplrx9xd7cm2w7aslma,13,0.2342857142857143,0.21714285714285714,0.7244897959183674,67,65,2,41,175,175,0.14857142857142858,0.52,9.00578034682081,m3D1v,0.26857142857142857,0.3657142857142857,0.6342857142857142,0.0,802.6931992337164,1091.564923944361,0.15517241379310345,0.5161290322580645,37,541,female,21,J78901
hjcfqm1yfzh8s77mo3ec,12,0.23699421965317918,0.23121387283236994,0.6346153846153846,61,66,5,41,173,173,0.23699421965317918,0.8554913294797688,15.508771929824562,m3D1v,0.30057803468208094,0.2947976878612717,0.7052023121387283,0.0,860.8269379844962,1579.1080216376727,0.19767441860465115,0.6521739130434783,35,803,male,18,J78901
hoedc2pzfz6av5bn1jq3,14,0.26282051282051283,0.33974358974358976,0.5660377358490566,58,57,0,41,156,156,0.27564102564102566,0.9871794871794872,3.8967741935483873,m3D1v,0.2948717948717949,0.2692307692307692,0.7307692307692307,0.0,970.8590322580645,1565.696766540556,0.16774193548387098,0.5714285714285714,36,463,female,22,J57489
hpty3h6eij2tr467ueks,14,0.11724137931034483,0.31724137931034485,0.5267857142857143,52,76,0,17,145,145,0.22758620689655173,0.8551724137931035,13.174825174825175,y9W5d,0.32413793103448274,0.25517241379310346,0.7448275862068966,0.0,1110.8726851851852,2039.6691765007517,0.20833333333333334,0.3684210526315789,33,1250,female,23,J23517
hq2dy5tjgczdmkvq0l2d,8,0.2786885245901639,0.36065573770491804,0.10344827586206896,44,0,0,17,61,61,0.7213114754098361,2.0655737704918034,50.08196721311475,y9W5d,0.2786885245901639,0.18032786885245902,0.819672131147541,0.0,1370.6191666666666,7036.948239065196,0.65,0.8333333333333334,38,968,female,23,J78901
hu267zw9zywa4ew3d5bw,13,0.28217821782178215,0.21287128712871287,0.5736434108527132,45,100,0,57,202,202,0.27722772277227725,0.9158415841584159,10.123076923076923,m3D1v,0.27722772277227725,0.31683168316831684,0.6831683168316832,0.0,919.2964344941956,1611.8506915239975,0.208955223880597,0.7272727272727273,38,1349,male,20,J87654
hva2hcwvh4mv0i4t59t6,14,0.1437908496732026,0.23529411764705882,0.5221238938053098,50,81,0,22,153,153,0.2679738562091503,0.8823529411764706,13.139072847682119,m3D1v,0.2549019607843137,0.28104575163398693,0.7189542483660131,0.0,1058.5246710526314,2003.6783287143226,0.21052631578947367,0.6818181818181818,36,1262,female,20,J78901
hz3im1vs42bx5rxbn7wh,13,0.18674698795180722,0.3253012048192771,0.5507246376811594,65,69,1,31,166,166,0.20481927710843373,0.7349397590361446,14.128048780487806,m3D1v,0.3072289156626506,0.23493975903614459,0.7650602409638554,0.0,1192.500101010101,1887.3612815843985,0.15757575757575756,0.2916666666666667,35,1186,male,21,J87654
i1fr7kd71b2ni39kn958,14,0.1513157894736842,0.2894736842105263,0.6213592233009708,53,76,0,23,152,152,0.21052631578947367,0.6644736842105263,3.423841059602649,m3D1v,0.2631578947368421,0.3618421052631579,0.6381578947368421,0.0,971.1949227373068,1844.7994188498824,0.15894039735099338,0.4166666666666667,37,366,female,18,J78901
i21qi5qdsjqcch2xvdd5,14,0.24571428571428572,0.2057142857142857,0.6808510638297872,60,71,1,43,175,175,0.2057142857142857,0.8228571428571428,3.929411764705882,y9W5d,0.25142857142857145,0.25142857142857145,0.7485714285714286,0.0,765.2669540229886,1112.0800431235436,0.14942528735632185,0.6,37,65,male,21,J87654
i39gdpglcxstun30b4yw,14,0.30246913580246915,0.19135802469135801,0.4728682170542636,44,69,0,49,162,162,0.25925925925925924,0.9320987654320988,9.33125,m3D1v,0.30246913580246915,0.35802469135802467,0.6419753086419753,0.0,1147.0680124223604,2251.759597151637,0.2111801242236025,0.5652173913043478,36,1353,male,22,J78901
i3b6qk80m9jqwgft968o,11,0.24516129032258063,0.17419354838709677,0.5576923076923077,67,48,2,38,155,155,0.36774193548387096,1.1096774193548387,6.620915032679738,y9W5d,0.2967741935483871,0.24516129032258063,0.7548387096774194,0.0,960.4791125541126,1675.383660608647,0.2012987012987013,0.75,36,812,female,23,J78901
i5hexmb5zlzhd8lvwdv3,14,0.19310344827586207,0.27586206896551724,0.5686274509803921,56,61,0,28,145,145,0.23448275862068965,0.8275862068965517,3.4755244755244754,m3D1v,0.20689655172413793,0.36551724137931035,0.6344827586206897,0.0,1007.692361111111,1554.8323804141842,0.1875,0.56,38,355,male,20,J57489
i8gdglua8vbd4ul9x09f,14,0.2,0.30857142857142855,0.6203703703703703,69,71,0,35,175,175,0.26285714285714284,0.8571428571428571,3.565714285714286,r8S3g,0.26285714285714284,0.38285714285714284,0.6171428571428571,0.0,887.0839080459771,1364.8800259711868,0.20114942528735633,0.6666666666666666,35,275,female,19,J23517
i8lx9f5ut0kaz120j30d,14,0.15384615384615385,0.22435897435897437,0.6794871794871795,62,68,2,24,156,156,0.20512820512820512,0.8076923076923077,9.597402597402597,y9W5d,0.2692307692307692,0.26282051282051283,0.7371794871794872,0.0,714.6724731182796,1273.7403852133675,0.21935483870967742,0.5,37,660,female,21,J57489
i8ryguu9cpkrb6ouhwqq,14,0.15343915343915343,0.37037037037037035,0.568,69,91,0,29,189,189,0.328042328042328,1.2116402116402116,17.06951871657754,m3D1v,0.2804232804232804,0.31746031746031744,0.6825396825396826,0.0,949.3609929078013,1931.2839674754323,0.20212765957446807,0.7142857142857143,36,1107,female,18,J23517
i8wbhc071gfhkbhtmeb1,10,0.16326530612244897,0.2653061224489796,0.45985401459854014,63,60,0,24,147,147,0.3129251700680272,1.0068027210884354,14.787671232876713,m3D1v,0.2857142857142857,0.3129251700680272,0.6870748299319728,0.0,1342.129680365297,2966.0644832070197,0.1780821917808219,0.68,34,1005,female,22,J78901
icu31mfcha34dnwbsui2,14,0.13846153846153847,0.2,0.4645669291338583,64,48,0,18,130,130,0.26153846153846155,0.8461538461538461,16.449612403100776,y9W5d,0.27692307692307694,0.2846153846153846,0.7153846153846154,0.0,1408.752196382429,2179.259622657282,0.12403100775193798,0.5217391304347826,35,1187,female,21,J78901
ifj584ryrjv639n4nnsu,14,0.21341463414634146,0.21951219512195122,0.5675675675675675,64,63,2,35,164,164,0.25,0.8658536585365854,3.95625,m3D1v,0.2804878048780488,0.29878048780487804,0.7012195121951219,0.0,972.8947852760737,2257.0387231191976,0.15950920245398773,0.5454545454545454,36,90,female,18,J87654
ij9llitbhr4gi126l772,12,0.11891891891891893,0.23783783783783785,0.5507246376811594,78,83,2,22,185,185,0.2,0.8324324324324325,9.157608695652174,m3D1v,0.2594594594594595,0.2810810810810811,0.7189189189189189,0.0,1074.3201086956522,2043.532476077508,0.16304347826086957,0.5862068965517241,38,1193,female,22,J57489
ijieo064jbrs5ss1cmol,13,0.18867924528301888,0.18867924528301888,0.5686274509803921,58,71,0,30,159,159,0.23270440251572327,0.9119496855345912,3.7169811320754715,m3D1v,0.20125786163522014,0.3584905660377358,0.6415094339622641,0.0,917.6836497890295,1583.6591592613013,0.14556962025316456,0.56,37,375,female,18,J23517
ik7o5ykfnku0qp74sy1i,14,0.12962962962962962,0.2345679012345679,0.6458333333333334,61,80,0,21,162,162,0.30246913580246915,1.1049382716049383,3.8395061728395063,y9W5d,0.21604938271604937,0.2962962962962963,0.7037037037037037,0.0,846.612939958592,1252.6865135579267,0.2111801242236025,0.6666666666666666,37,181,male,23,J57489
inyirhdpjahiguhs9e5b,14,0.17032967032967034,0.32967032967032966,0.6216216216216216,65,86,0,31,182,182,0.2087912087912088,0.7967032967032966,3.6,y9W5d,0.26373626373626374,0.33516483516483514,0.6648351648351648,0.0,874.4238489871087,1340.873104550453,0.20994475138121546,0.5833333333333334,36,465,male,23,J23517
ipd72mytvphpd9tcejgb,14,0.25,0.2261904761904762,0.5769230769230769,65,60,1,42,168,168,0.3333333333333333,1.005952380952381,8.289156626506024,m3D1v,0.2619047619047619,0.2857142857142857,0.7142857142857143,0.0,889.3385229540919,1546.8615202556882,0.20958083832335328,0.6190476190476191,35,824,male,21,J40192
iqhpwbqkqi7kugzduhit,14,0.23626373626373626,0.3021978021978022,0.5752212389380531,53,86,0,43,182,182,0.21978021978021978,0.8846153846153846,6.171270718232044,m3D1v,0.29120879120879123,0.35714285714285715,0.6428571428571429,0.0,888.5016574585636,1545.9845810495387,0.2265193370165746,0.5,37,1256,female,19,J57489
isa355t9q5rut5fm8aml,11,0.28313253012048195,0.23493975903614459,0.6126126126126126,62,56,1,47,166,166,0.25301204819277107,0.891566265060241,4.503030303030303,y9W5d,0.2710843373493976,0.28313253012048195,0.7168674698795181,0.0,960.409595959596,2183.860321234651,0.17575757575757575,0.4782608695652174,36,79,male,19,J78901
isavn2ahb9n5z1q8win5,5,0.2980132450331126,0.423841059602649,0.5046728971962616,47,59,0,45,151,151,0.2251655629139073,0.9801324503311258,3.728476821192053,m3D1v,0.25165562913907286,0.3509933774834437,0.6490066225165563,0.0,1019.5596666666667,2123.0512631228166,0.20666666666666667,0.5333333333333333,35,451,female,18,J87654
iwjs5oi2pl8omkdrs53q,15,0.18857142857142858,0.29714285714285715,0.5982142857142857,61,80,1,33,175,175,0.2742857142857143,0.9142857142857143,11.24712643678161,y9W5d,0.2342857142857143,0.3657142857142857,0.6342857142857142,0.0,918.8873563218391,1810.5026221255816,0.21839080459770116,0.5769230769230769,37,1275,male,20,J23517
j07d6onchxesk14v7b8w,14,0.19078947368421054,0.3815789473684211,0.488,58,64,1,29,152,152,0.2565789473684211,1.0328947368421053,14.933333333333334,m3D1v,0.24342105263157895,0.3026315789473684,0.6973684210526315,0.0,1182.708830022075,2363.127018163299,0.16556291390728478,0.5217391304347826,37,1108,female,21,J57489
j605t14y7ie6vr2n8s2c,11,0.25153374233128833,0.2392638036809816,0.6236559139784946,67,54,1,41,163,163,0.2085889570552147,0.6871165644171779,6.672955974842767,r8S3g,0.25766871165644173,0.3803680981595092,0.6196319018404908,0.0,819.2727366255144,1360.7216194191644,0.20987654320987653,0.48148148148148145,37,560,female,24,J78901
j8inicu0iafkpv3u9431,10,0.24260355029585798,0.33727810650887574,0.5272727272727272,65,63,0,41,169,169,0.22485207100591717,0.8224852071005917,3.808383233532934,y9W5d,0.26627218934911245,0.28402366863905326,0.7159763313609467,0.0,931.7214285714286,1869.144892435925,0.19642857142857142,0.4583333333333333,37,460,male,19,J40192
je7kqkmpwkosa7nkgfpx,14,0.14035087719298245,0.26900584795321636,0.6494845360824743,76,70,1,24,171,171,0.24561403508771928,0.9766081871345029,4.095238095238095,y9W5d,0.30409356725146197,0.22807017543859648,0.7719298245614035,0.0,818.8933333333333,1389.5239077936174,0.21764705882352942,0.52,37,184,male,22,J23517
jivt017uwst4sg4fqlek,15,0.18012422360248448,0.32919254658385094,0.5784313725490197,70,57,5,29,161,161,0.18012422360248448,0.7888198757763976,13.81875,m3D1v,0.3167701863354037,0.2546583850931677,0.7453416149068323,0.0,911.5039583333333,1765.2822540960528,0.23125,0.34782608695652173,34,827,female,22,J78901
jjx780kahllbp5y3x7p8,14,0.21195652173913043,0.29347826086956524,0.5575221238938053,60,85,0,39,184,184,0.266304347826087,0.9510869565217391,4.607734806629834,m3D1v,0.2608695652173913,0.33152173913043476,0.6684782608695652,0.0,882.1699453551913,1726.2348459303596,0.22950819672131148,0.64,38,1278,male,21,J23517
jnupp0jsv1kjsvbzlnrr,11,0.15217391304347827,0.2391304347826087,0.6847826086956522,58,59,0,21,138,138,0.14492753623188406,0.6521739130434783,7.579710144927536,m3D1v,0.2391304347826087,0.3695652173913043,0.6304347826086957,0.0,958.5721411192213,1351.7313553040826,0.17518248175182483,0.4230769230769231,35,543,female,19,J40192
jtbq3gkfw2tcsjvfwm56,6,0.1695906432748538,0.2222222222222222,0.6699029126213593,77,65,0,29,171,171,0.30409356725146197,1.0058479532163742,13.264705882352942,m3D1v,0.28654970760233917,0.24561403508771928,0.7543859649122807,0.0,864.5382352941176,1512.4191259219322,0.20588235294117646,0.6,37,810,male,18,J57489
jv67r7eqa9z2a1777eex,11,0.2568306010928962,0.24043715846994534,0.6875,73,59,4,47,183,183,0.3114754098360656,1.0,8.646408839779005,y9W5d,0.2459016393442623,0.3551912568306011,0.644808743169399,0.0,629.432326007326,1010.088720276824,0.22527472527472528,0.6818181818181818,36,636,female,19,J40192
jwdjcrxdn0um79f0rjvw,14,0.20238095238095238,0.17261904761904762,0.6153846153846154,64,69,1,34,168,168,0.23214285714285715,0.875,4.017964071856287,m3D1v,0.2976190476190476,0.24404761904761904,0.7559523809523809,0.0,888.0437125748502,1857.1258555562565,0.23353293413173654,0.6956521739130435,34,82,female,24,J78901
jyaxybaq8vui614ytd8i,14,0.16,0.2571428571428571,0.6568627450980392,61,86,0,28,175,175,0.24571428571428572,0.9085714285714286,3.8448275862068964,m3D1v,0.26857142857142857,0.32571428571428573,0.6742857142857143,0.0,833.4686781609196,1283.9139023729717,0.21264367816091953,0.64,38,374,male,19,J40192
k1r03pvvsv9zxrft5jgi,11,0.1736842105263158,0.19473684210526315,0.725,83,74,0,33,190,190,0.19473684210526315,0.868421052631579,6.264550264550264,y9W5d,0.24736842105263157,0.3263157894736842,0.6736842105263158,0.0,606.7542328042329,976.844345037807,0.2328042328042328,0.5862068965517241,34,651,female,23,J23517
k4usquerebza4uy0i57h,14,0.16666666666666666,0.1987179487179487,0.6216216216216216,69,61,0,26,156,156,0.17307692307692307,0.6923076923076923,3.8653846153846154,m3D1v,0.30128205128205127,0.25,0.75,0.0,1023.1881720430107,2354.1247119634063,0.16774193548387098,0.375,36,96,male,19,J57489
k6jujv82n727fuwbxa6f,11,0.22580645161290322,0.23118279569892472,0.5348837209302325,69,75,0,42,186,186,0.23118279569892472,0.956989247311828,14.527173913043478,y9W5d,0.22580645161290322,0.3602150537634409,0.6397849462365591,0.0,997.6696396396396,1745.2353977202586,0.23243243243243245,0.6666666666666666,35,1334,female,24,J87654
k6kv9y9tqfll5d282ymb,14,0.2261904761904762,0.23809523809523808,0.4846153846153846,46,84,0,38,168,168,0.2916666666666667,0.9583333333333334,9.570552147239264,y9W5d,0.23809523809523808,0.375,0.625,0.0,1108.9741516966067,2104.162653203583,0.23353293413173654,0.5416666666666666,37,1361,female,18,J23517
k7fa3kdg6dq9avbiqv1f,14,0.22033898305084745,0.3050847457627119,0.5426356589147286,48,90,0,39,177,177,0.23163841807909605,0.9265536723163842,6.761904761904762,m3D1v,0.2711864406779661,0.2768361581920904,0.7231638418079096,0.0,1044.9508522727274,1824.429744446167,0.23295454545454544,0.5769230769230769,37,1341,female,18,J57489
k8d21tlgxmu6i35atvub,11,0.27807486631016043,0.17647058823529413,0.6407766990291263,81,52,2,52,187,187,0.22459893048128343,0.8342245989304813,3.9732620320855614,m3D1v,0.29411764705882354,0.26737967914438504,0.732620320855615,0.0,789.7743727598566,1509.092841313303,0.22580645161290322,0.48,36,836,male,18,J87654
kilhyvtskm84umerpjee,13,0.21518987341772153,0.2848101265822785,0.6470588235294118,61,63,0,34,158,158,0.25949367088607594,0.9493670886075949,3.7197452229299364,m3D1v,0.26582278481012656,0.34810126582278483,0.6518987341772152,0.0,923.7485138004247,1404.6317245977152,0.15286624203821655,0.6666666666666666,37,372,female,23,J87654
kpw433bcv21ksp1wgrux,12,0.18023255813953487,0.29069767441860467,0.6238532110091743,63,77,1,31,172,172,0.29651162790697677,1.0406976744186047,3.9011627906976742,m3D1v,0.23837209302325582,0.3430232558139535,0.6569767441860465,0.0,907.7233918128655,1674.3251638669535,0.21052631578947367,0.6666666666666666,37,267,male,22,J40192
ksm67082xy9g2wnalt38,14,0.18994413407821228,0.35195530726256985,0.5934959349593496,66,78,1,34,179,179,0.29608938547486036,1.0837988826815643,12.965714285714286,m3D1v,0.2569832402234637,0.27932960893854747,0.7206703910614525,0.0,987.2012172284644,1615.8206798299295,0.1797752808988764,0.5652173913043478,36,1084,female,23,J87654
l1rn095adguamaugi4ux,14,0.22905027932960895,0.27932960893854747,0.5503875968992248,47,91,0,41,179,179,0.3240223463687151,1.005586592178771,10.790960451977401,m3D1v,0.22905027932960895,0.35195530726256985,0.6480446927374302,0.0,1034.566947565543,1972.9533664464138,0.19662921348314608,0.6956521739130435,38,1339,female,19,J78901
lewkf2owb42ywhfto9yf,11,0.2303370786516854,0.3651685393258427,0.6132075471698113,68,69,0,41,178,178,0.19101123595505617,0.8426966292134831,5.327586206896552,m3D1v,0.33707865168539325,0.24719101123595505,0.7528089887640449,0.0,857.5693032015066,1694.098359632954,0.1977401129943503,0.42105263157894735,36,454,male,20,J40192
lexte4gc3dvjb7ty0qf5,11,0.2732919254658385,0.2360248447204969,0.6407766990291263,60,57,0,44,161,161,0.2795031055900621,0.9751552795031055,3.5125,m3D1v,0.2484472049689441,0.2919254658385093,0.7080745341614907,0.0,919.3860416666666,1250.548671379677,0.1625,0.6956521739130435,36,352,female,23,J23517
lf5hmkicbiuolk7khwwb,10,0.24,0.29714285714285715,0.5974025974025974,69,61,3,42,175,175,0.22285714285714286,0.8685714285714285,7.017441860465116,m3D1v,0.3028571428571429,0.2857142857142857,0.7142857142857143,0.0,633.7315134099616,1229.3383247543775,0.1896551724137931,0.5555555555555556,36,629,male,19,J87654
lpzjucfyqwtb8ihim9b3,14,0.25136612021857924,0.20765027322404372,0.45985401459854014,59,77,1,46,183,183,0.3114754098360656,0.9672131147540983,19.11049723756906,y9W5d,0.20218579234972678,0.3551912568306011,0.644808743169399,0.0,1076.175183150183,2481.9668362958623,0.25274725274725274,0.7391304347826086,37,1013,female,22,J40192
lqg2nmqf4x8w52gx12xw,11,0.19607843137254902,0.30718954248366015,0.49635036496350365,56,67,0,30,153,153,0.28104575163398693,0.8431372549019608,14.66225165562914,y9W5d,0.26143790849673204,0.3137254901960784,0.6862745098039216,0.0,1286.9195175438595,2362.1262756644933,0.18421052631578946,0.5,38,1012,female,19,J78901
lvp2qmljigke8u0nfbvl,15,0.2064516129032258,0.3032258064516129,0.5625,55,68,0,32,155,155,0.2064516129032258,0.9548387096774194,18.11764705882353,m3D1v,0.3096774193548387,0.23225806451612904,0.7677419354838709,0.0,1038.9351731601732,2056.4257558490654,0.14935064935064934,0.39285714285714285,37,1265,female,20,J23517
lx7vfcjhdxzh2wkt42hc,12,0.19270833333333334,0.1875,0.6962025316455697,68,84,3,37,192,192,0.234375,0.8177083333333334,6.497326203208556,y9W5d,0.25,0.2552083333333333,0.7447916666666666,0.0,589.9657940663177,1065.2765985866351,0.18848167539267016,0.6153846153846154,38,641,male,24,J78901
lzvutqpj9ggc0nwwsxcv,13,0.17088607594936708,0.15822784810126583,0.5555555555555556,64,65,2,27,158,158,0.14556962025316456,0.7848101265822784,3.477707006369427,y9W5d,0.23417721518987342,0.3227848101265823,0.6772151898734177,0.0,985.3552016985138,2010.959564868071,0.12101910828025478,0.4444444444444444,32,78,male,21,J87654
m380dsj058viwn3ly6j1,15,0.23837209302325582,0.3023255813953488,0.5581395348837209,49,82,0,41,172,172,0.22093023255813954,0.7674418604651163,8.547619047619047,m3D1v,0.2441860465116279,0.3372093023255814,0.6627906976744186,0.0,1077.9507797270956,1983.1469681816038,0.25146198830409355,0.68,34,1336,male,21,J87654
m3xzctvbxlbxz80zz042,14,0.2625,0.35,0.5981308411214953,52,66,0,42,160,160,0.2,0.7625,3.4585987261146496,m3D1v,0.2625,0.2875,0.7125,0.0,959.345073375262,1717.9508344897904,0.1761006289308176,0.4782608695652174,34,440,female,21,J57489
m3y8jkkgflwqwcelrwzz,11,0.16770186335403728,0.2484472049689441,0.6078431372549019,68,66,0,27,161,161,0.2795031055900621,0.9503105590062112,3.7763975155279503,r8S3g,0.2360248447204969,0.38509316770186336,0.6149068322981367,0.0,911.4544791666667,1508.7884377786597,0.2,0.65,34,271,male,24,J57489
m4qqnaq8p8fn7b7bl5ic,12,0.20754716981132076,0.33962264150943394,0.56,62,64,0,33,159,159,0.27672955974842767,1.0125786163522013,11.670886075949367,m3D1v,0.23270440251572327,0.3018867924528302,0.6981132075471698,0.0,1130.3952531645568,1714.0661588881624,0.1518987341772152,0.625,34,1082,female,23,J87654
m6p2hujqw21vc4lyt3f3,14,0.24848484848484848,0.24848484848484848,0.5350877192982456,60,62,2,41,165,165,0.10909090909090909,0.5393939393939394,11.429447852760736,y9W5d,0.2727272727272727,0.2787878787878788,0.7212121212121212,0.0,992.6461382113822,2592.6007500711034,0.21951219512195122,0.25,35,548,female,23,J23517
mbbw64iibpv7ndj2iie1,14,0.18128654970760233,0.3567251461988304,0.6238532110091743,67,73,0,31,171,171,0.23391812865497075,0.9649122807017544,16.644970414201183,y9W5d,0.26900584795321636,0.2631578947368421,0.7368421052631579,0.0,914.6272549019608,1548.587485929324,0.22941176470588234,0.5833333333333334,36,1249,male,24,J23517
me4d1o3nzhyoj0xfast0,14,0.16556291390728478,0.23841059602649006,0.6632653061224489,65,61,0,25,151,151,0.25165562913907286,0.8543046357615894,15.0,m3D1v,0.24503311258278146,0.304635761589404,0.695364238410596,0.0,932.2706666666667,1233.1031855896167,0.17333333333333334,0.5384615384615384,36,562,female,19,J40192
mhufhb84kyqgs0anwy1d,11,0.18354430379746836,0.23417721518987342,0.625,63,66,0,29,158,158,0.21518987341772153,0.8164556962025317,11.636942675159236,m3D1v,0.24050632911392406,0.3227848101265823,0.6772151898734177,0.0,941.5095541401274,1294.477247446516,0.1592356687898089,0.5714285714285714,35,558,male,23,J57489
mm5p2ct8c21h4q753p3n,12,0.12352941176470589,0.3764705882352941,0.608,63,82,4,21,170,170,0.2823529411764706,1.111764705882353,16.791666666666668,m3D1v,0.2823529411764706,0.21764705882352942,0.7823529411764706,0.0,1056.1657790927022,1960.8407083340187,0.17751479289940827,0.4166666666666667,37,1100,male,23,J40192
mn8t0yyppsznr674ic1a,12,0.3089887640449438,0.3707865168539326,0.5981308411214953,57,66,0,55,178,178,0.1797752808988764,0.6797752808988764,5.0344827586206895,m3D1v,0.2303370786516854,0.33146067415730335,0.6685393258426966,0.0,862.8665725047081,1457.15542300014,0.23163841807909605,0.39285714285714285,38,450,male,21,J40192
mqqf68ny1kdp6i69i7tt,13,0.18518518518518517,0.345679012345679,0.6372549019607843,59,73,0,30,162,162,0.2345679012345679,0.8148148148148148,4.179012345679013,r8S3g,0.20987654320987653,0.3271604938271605,0.6728395061728395,0.0,901.4099378881988,1385.4711950965595,0.17391304347826086,0.5652173913043478,36,379,female,18,J57489
msko5bf6rjt9adsuxby9,11,0.18232044198895028,0.35359116022099446,0.5547445255474452,75,73,0,33,181,181,0.2596685082872928,0.8066298342541437,9.762430939226519,m3D1v,0.24861878453038674,0.30939226519337015,0.6906077348066298,0.0,1087.0119444444445,1867.893511696392,0.18333333333333332,0.6296296296296297,38,988,female,23,J57489
mwmft9w9vjod1g7jidmb,12,0.12962962962962962,0.2777777777777778,0.5338983050847458,66,75,0,21,162,162,0.38271604938271603,1.1975308641975309,9.4625,m3D1v,0.24691358024691357,0.30864197530864196,0.691358024691358,0.0,1044.9674948240165,1864.9979975672538,0.18012422360248448,0.65,36,1079,female,24,J40192
n1nh33yq3nhwt4mx36yc,11,0.22839506172839505,0.1728395061728395,0.6057692307692307,71,51,3,37,162,162,0.3395061728395062,1.1666666666666667,6.79874213836478,y9W5d,0.2839506172839506,0.19753086419753085,0.8024691358024691,0.0,922.2538302277433,1716.1444985530964,0.18012422360248448,0.7368421052631579,34,809,male,21,J57489
n20d6b4o2g64oaa3q8ym,8,0.1694915254237288,0.288135593220339,0.5522388059701493,81,64,2,30,177,177,0.21468926553672316,0.807909604519774,10.914285714285715,y9W5d,0.2937853107344633,0.24293785310734464,0.7570621468926554,0.0,1087.1144886363636,1745.0978675789404,0.17045454545454544,0.6086956521739131,36,1179,female,20,J78901
n2bgnbybijni2e9crs4x,11,0.14743589743589744,0.3717948717948718,0.5254237288135594,60,73,0,23,156,156,0.3141025641025641,1.1666666666666667,12.688311688311689,m3D1v,0.2948717948717949,0.23717948717948717,0.7628205128205128,0.0,1083.7176344086022,1863.9126087042982,0.2,0.6190476190476191,36,1096,male,21,J57489
n3dkt0eq0ekpby9lv06i,11,0.14,0.29333333333333333,0.4959349593495935,64,65,0,21,150,150,0.37333333333333335,1.24,9.652777777777779,m3D1v,0.23333333333333334,0.2866666666666667,0.7133333333333334,0.0,1176.640380313199,2528.5969891303594,0.19463087248322147,0.7142857142857143,38,1086,female,24,J87654
n8pe3tt7qmlgojwhhsj0,14,0.13043478260869565,0.2608695652173913,0.514018691588785,60,59,1,18,138,138,0.2318840579710145,1.0217391304347827,3.920289855072464,y9W5d,0.2391304347826087,0.3115942028985507,0.6884057971014492,0.0,1113.320194647202,2018.7938753396254,0.22627737226277372,0.5,36,166,male,21,J40192
ng2c52g74hfaudyxmm6m,12,0.25257731958762886,0.41237113402061853,0.6037735849056604,54,91,0,49,194,194,0.2268041237113402,0.8505154639175257,3.806282722513089,m3D1v,0.25257731958762886,0.3556701030927835,0.6443298969072165,0.0,786.6871329879102,1412.821207712547,0.21243523316062177,0.68,37,438,female,22,J78901
nilkp0a54b01p87udccl,14,0.11612903225806452,0.3161290322580645,0.5333333333333333,69,68,0,18,155,155,0.22580645161290322,0.8451612903225807,12.522580645161291,m3D1v,0.2709677419354839,0.2967741935483871,0.7032258064516129,0.0,1252.1935064935064,1884.0577066962746,0.17532467532467533,0.5384615384615384,36,1191,female,22,J78901
nkr2o4v6q9alvt7ju51e,11,0.1144578313253012,0.21084337349397592,0.6666666666666666,78,69,0,19,166,166,0.18674698795180722,0.6566265060240963,18.460122699386503,m3D1v,0.25301204819277107,0.3614457831325301,0.6385542168674698,0.0,805.0890909090908,1297.201432593676,0.18787878787878787,0.4444444444444444,38,551,female,18,J87654
nl4vt11ikn4we06zu0zj,12,0.2122905027932961,0.22346368715083798,0.5925925925925926,79,62,0,38,179,179,0.30726256983240224,1.0335195530726258,3.6815642458100557,r8S3g,0.24581005586592178,0.35195530726256985,0.6480446927374302,0.0,864.4302434456929,1505.6112614215112,0.21348314606741572,0.65,35,264,male,20,J78901
no0afrue2n6m8hcnuek1,14,0.22596153846153846,0.20192307692307693,0.6822429906542056,81,80,0,47,208,208,0.28846153846153844,0.9855769230769231,4.917073170731707,m3D1v,0.25961538461538464,0.30288461538461536,0.6971153846153846,0.0,735.752576489533,1227.231134117257,0.22705314009661837,0.7142857142857143,36,296,male,20,J87654
nq4jln5s1zqjk7nwbbeo,4,0.30158730158730157,0.25396825396825395,0.4603174603174603,38,50,0,38,126,126,0.31746031746031744,0.9841269841269841,4.016129032258065,r8S3g,0.2619047619047619,0.42857142857142855,0.5714285714285714,0.0,1440.7653333333333,2240.7108824680913,0.224,0.6818181818181818,33,1345,male,18,J78901
nrv5a6tr3ya2iv3p5xpo,13,0.14906832298136646,0.2670807453416149,0.7402597402597403,62,71,4,24,161,161,0.3105590062111801,1.2111801242236024,12.337579617834395,m3D1v,0.2732919254658385,0.2608695652173913,0.7391304347826086,0.0,688.7947916666667,1018.5101495356607,0.25,0.65,36,632,male,19,J40192
nx4zicy1jbulkuen41s5,12,0.17204301075268819,0.23655913978494625,0.6434782608695652,67,87,0,32,186,186,0.1774193548387097,0.6236559139784946,4.227027027027027,m3D1v,0.3118279569892473,0.3064516129032258,0.6935483870967742,0.0,883.7406306306307,1669.2386479634881,0.20540540540540542,0.5909090909090909,34,549,male,21,J23517
o3jddioub8dsv0fm22qn,12,0.12101910828025478,0.21656050955414013,0.543859649122807,69,68,1,19,157,157,0.1910828025477707,0.7707006369426752,14.673202614379084,m3D1v,0.267515923566879,0.35668789808917195,0.643312101910828,0.0,1043.5550213675212,2586.049013666896,0.21153846153846154,0.6153846153846154,36,531,female,20,J78901
o5lo8q4tb8yt0v8imkw4,11,0.25149700598802394,0.20359281437125748,0.5675675675675675,63,62,0,42,167,167,0.25149700598802394,0.9221556886227545,3.728395061728395,m3D1v,0.32335329341317365,0.23353293413173654,0.7664670658682635,0.0,955.8404618473895,2372.584208471274,0.16265060240963855,0.5384615384615384,36,73,female,19,J40192
o6kw9thwvq6csdr9taal,14,0.23958333333333334,0.25,0.5307692307692308,53,93,0,46,192,192,0.28125,1.0260416666666667,10.462765957446809,m3D1v,0.23958333333333334,0.3125,0.6875,0.0,967.293717277487,1875.9469886511517,0.20418848167539266,0.6666666666666666,36,1330,male,24,J40192
o6tn58jvkqobrz2qmf5i,11,0.2541436464088398,0.40331491712707185,0.5575221238938053,64,71,0,46,181,181,0.3149171270718232,1.143646408839779,11.226519337016574,y9W5d,0.30939226519337015,0.22099447513812154,0.7790055248618785,0.0,895.7132407407407,1787.3218630954173,0.2611111111111111,0.5263157894736842,38,1274,male,22,J23517
obyl72l5qy37to65i5ml,11,0.18579234972677597,0.2677595628415301,0.5185185185185185,87,62,0,34,183,183,0.2568306010928962,0.8633879781420765,10.736263736263735,m3D1v,0.2786885245901639,0.32786885245901637,0.6721311475409836,0.0,1060.226465201465,2293.294882598936,0.15934065934065933,0.6296296296296297,37,997,female,20,J87654
oc0ww31yssff9rktgowo,12,0.19889502762430938,0.23204419889502761,0.7058823529411765,75,70,0,36,181,181,0.19889502762430938,0.8397790055248618,21.793296089385475,m3D1v,0.2154696132596685,0.3701657458563536,0.6298342541436464,0.0,805.9795370370371,1187.7905845045193,0.19444444444444445,0.6296296296296297,34,535,female,23,J23517
oi7j42phxrp4mc1n9h4b,13,0.2054794520547945,0.2465753424657534,0.6176470588235294,59,57,0,30,146,146,0.2671232876712329,0.952054794520548,4.118055555555555,m3D1v,0.22602739726027396,0.3356164383561644,0.6643835616438356,0.0,1000.9488505747127,1406.2081298178996,0.2,0.4090909090909091,36,354,male,19,J78901
oit2xadfbpuveswzx4pf,11,0.19393939393939394,0.2787878787878788,0.5779816513761468,77,56,0,32,165,165,0.24848484848484848,0.7818181818181819,3.459627329192547,m3D1v,0.2545454545454545,0.26666666666666666,0.7333333333333333,0.0,950.7751016260162,1963.640190875402,0.25609756097560976,0.6,36,94,female,21,J40192
omzalmrzys0ymf4cgt03,12,0.15625,0.23958333333333334,0.5746268656716418,73,88,1,30,192,192,0.28125,1.0,12.389473684210527,y9W5d,0.2916666666666667,0.2708333333333333,0.7291666666666666,0.0,1001.1451134380454,1505.1593712345468,0.225130890052356,0.8461538461538461,36,1190,male,19,J57489
oppl3ojvw61dvd5yw1wl,14,0.28431372549019607,0.16176470588235295,0.6486486486486487,72,74,0,58,204,204,0.24019607843137256,0.8235294117647058,4.099009900990099,m3D1v,0.23039215686274508,0.28921568627450983,0.7107843137254902,0.0,780.8365353037767,1729.3188309332145,0.1921182266009852,0.7083333333333334,33,83,female,24,J40192
orgvbr9mbmfo4z8tbsa3,12,0.1744186046511628,0.26744186046511625,0.65,63,75,4,30,172,172,0.23255813953488372,0.7965116279069767,6.464705882352941,y9W5d,0.27906976744186046,0.3546511627906977,0.6453488372093024,0.0,670.4941520467836,1145.54455796615,0.21637426900584794,0.6,35,644,female,24,J40192
oriig6s6fmvi4f7mxamy,11,0.24870466321243523,0.24870466321243523,0.5784313725490197,76,65,4,48,193,193,0.23316062176165803,0.844559585492228,5.921875,y9W5d,0.2694300518134715,0.25906735751295334,0.7409326424870466,0.0,758.2239583333334,1586.2911682965228,0.21354166666666666,0.6666666666666666,36,811,male,24,J87654
orubxhpr5e1heat93ue4,11,0.10062893081761007,0.2138364779874214,0.6666666666666666,67,76,0,16,159,159,0.18238993710691823,0.779874213836478,19.095541401273884,y9W5d,0.2641509433962264,0.3081761006289308,0.6918238993710691,0.0,890.2345991561182,1291.0119846802017,0.17721518987341772,0.3333333333333333,37,537,female,19,J57489
otznu9tyqq50x0xij3br,13,0.15527950310559005,0.2732919254658385,0.5107913669064749,72,64,0,25,161,161,0.11801242236024845,0.6335403726708074,16.50943396226415,y9W5d,0.2236024844720497,0.37267080745341613,0.6273291925465838,0.0,1242.6121875,1984.5201557127596,0.15625,0.3870967741935484,37,1198,male,19,J87654
ov1tvylbnny48ojayssl,14,0.27710843373493976,0.3253012048192771,0.5109489051094891,53,67,0,46,166,166,0.2710843373493976,1.0120481927710843,11.343373493975903,y9W5d,0.21686746987951808,0.30120481927710846,0.6987951807228916,0.0,1188.1724242424243,2067.228793442201,0.2,0.68,35,985,male,22,J23517
owzdfs89mm4ci0382a3b,14,0.22807017543859648,0.24561403508771928,0.5813953488372093,49,83,0,39,171,171,0.21637426900584794,0.8011695906432749,17.857988165680474,m3D1v,0.25146198830409355,0.32748538011695905,0.672514619883041,0.0,1082.480882352941,1703.5087902388345,0.21176470588235294,0.5238095238095238,36,1331,female,24,J40192
p10d5vx8mpn0v82i51gp,14,0.21052631578947367,0.20526315789473684,0.775,69,79,2,40,190,190,0.2736842105263158,1.0210526315789474,17.78918918918919,y9W5d,0.26842105263157895,0.29473684210526313,0.7052631578947368,0.0,606.7805114638448,987.2985293615433,0.23809523809523808,0.47619047619047616,38,653,female,20,J87654
p3cs5x8cxrwubesmagvl,11,0.2620320855614973,0.3689839572192513,0.5909090909090909,59,79,0,49,187,187,0.21390374331550802,0.8074866310160428,4.833333333333333,m3D1v,0.28342245989304815,0.32620320855614976,0.6737967914438503,0.0,840.4659498207885,1514.815649658378,0.1881720430107527,0.6086956521739131,37,455,female,19,J87654
p58nsuk0hj5uh2xk2k9p,14,0.21875,0.175,0.6336633663366337,65,59,1,35,160,160,0.275,0.88125,14.127388535031848,m3D1v,0.2625,0.33125,0.66875,0.0,910.3985324947589,1570.12212652023,0.1949685534591195,0.4444444444444444,37,805,male,21,J57489
p611flt77czmqgut14jl,11,0.27564102564102566,0.14102564102564102,0.5,60,53,0,43,156,156,0.15384615384615385,0.5833333333333334,14.156862745098039,m3D1v,0.2948717948717949,0.34615384615384615,0.6538461538461539,0.0,1016.9529032258065,2387.127677311276,0.13548387096774195,0.38461538461538464,34,563,male,19,J87654
p6cp3ogj6xy2riczfupv,15,0.1807909604519774,0.288135593220339,0.6078431372549019,69,75,1,32,177,177,0.288135593220339,1.0,3.8448275862068964,y9W5d,0.24293785310734464,0.2994350282485876,0.7005649717514124,0.0,830.2428977272726,2015.7712695448076,0.2784090909090909,0.7916666666666666,34,167,female,23,J23517
p8bk6cdfntr0humt6q45,14,0.25675675675675674,0.19594594594594594,0.46511627906976744,42,68,0,38,148,148,0.3310810810810811,1.1689189189189189,7.805555555555555,y9W5d,0.23648648648648649,0.30405405405405406,0.6959459459459459,0.0,1259.7231292517006,2055.8064203163035,0.1564625850340136,0.5217391304347826,37,1346,female,23,J78901
p9a57kwg5xdwjzm8eql9,10,0.23353293413173654,0.281437125748503,0.5,74,54,0,39,167,167,0.2934131736526946,0.9520958083832335,8.512048192771084,y9W5d,0.23952095808383234,0.2874251497005988,0.7125748502994012,0.0,1173.6628514056224,2456.9532630277126,0.2469879518072289,0.5652173913043478,36,1000,female,18,J23517
p9enp5lzhiufas1xpd8p,13,0.20625,0.19375,0.6625,55,68,4,33,160,160,0.25,0.88125,9.335443037974683,y9W5d,0.2375,0.3375,0.6625,0.0,721.0977987421383,1276.0123468655868,0.22641509433962265,0.5185185185185185,36,640,male,22,J78901
pammg9gw4enjosw3z60e,14,0.28662420382165604,0.28662420382165604,0.5271317829457365,52,60,0,45,157,157,0.2356687898089172,0.8853503184713376,8.824675324675324,r8S3g,0.19745222929936307,0.35668789808917195,0.643312101910828,0.0,1186.6563034188034,1859.3824699691213,0.1794871794871795,0.6956521739130435,36,1351,female,24,J78901
pg8ucem69ixbqhznx0x2,12,0.18439716312056736,0.3971631205673759,0.47706422018348627,50,65,0,26,141,141,0.24113475177304963,0.9078014184397163,3.892857142857143,r8S3g,0.23404255319148937,0.3475177304964539,0.6524822695035462,0.0,1114.2119047619049,2055.83034265936,0.24285714285714285,0.5,36,433,female,18,J23517
pgknalznufvmvwgc1ca8,13,0.16374269005847952,0.2046783625730994,0.71875,68,73,2,28,171,171,0.19298245614035087,0.7426900584795322,16.095808383233532,m3D1v,0.25146198830409355,0.28654970760233917,0.7134502923976608,0.0,806.010294117647,1196.3860743941264,0.1588235294117647,0.48148148148148145,38,534,female,21,J78901
pgrig4vo54owe59j2j5f,12,0.16279069767441862,0.26744186046511625,0.559322033898305,72,72,0,28,172,172,0.22674418604651161,0.9476744186046512,6.21301775147929,m3D1v,0.22674418604651161,0.313953488372093,0.686046511627907,0.0,984.9335282651072,1642.018642204274,0.19298245614035087,0.5,37,1106,male,19,J40192
pkjom9yr5m9690fg6wsi,14,0.12080536912751678,0.37583892617449666,0.6122448979591837,73,57,1,18,149,149,0.26174496644295303,1.0201342281879195,4.221476510067114,y9W5d,0.2751677852348993,0.3087248322147651,0.6912751677852349,0.0,944.5666666666667,1486.228412228227,0.19594594594594594,0.6666666666666666,34,175,female,21,J40192
pr6b1twg5sgsrzek6adi,14,0.21164021164021163,0.1746031746031746,0.5871559633027523,85,64,0,40,189,189,0.17989417989417988,0.6984126984126984,3.9135135135135135,m3D1v,0.2328042328042328,0.328042328042328,0.671957671957672,0.0,826.7284574468085,1892.9171486068167,0.2127659574468085,0.48148148148148145,37,74,male,22,J40192
putb7ja6dwpdag4bwvnj,14,0.125,0.22826086956521738,0.7021276595744681,80,80,1,23,184,184,0.2826086956521739,1.0543478260869565,3.8351648351648353,y9W5d,0.2608695652173913,0.2717391304347826,0.7282608695652174,0.0,731.3037340619308,1131.6718750330697,0.23497267759562843,0.6956521739130435,36,162,male,22,J57489
pv0c4za1m616k25gfwfb,13,0.16071428571428573,0.25,0.6732673267326733,57,84,0,27,168,168,0.27380952380952384,0.8869047619047619,3.856287425149701,m3D1v,0.25,0.34523809523809523,0.6547619047619048,0.0,863.5275449101796,1389.5229949640625,0.2275449101796407,0.6521739130434783,35,378,female,19,J40192
pxnnkthuxasggux3hyae,14,0.27011494252873564,0.20114942528735633,0.5116279069767442,51,76,0,47,174,174,0.26436781609195403,0.896551724137931,10.9,r8S3g,0.2413793103448276,0.39655172413793105,0.603448275862069,0.0,1066.8721579961464,2205.5004877122124,0.1791907514450867,0.46153846153846156,36,1344,female,19,J78901
q1movls9kc4kglv6sb5g,12,0.16184971098265896,0.3583815028901734,0.6,71,74,0,28,173,173,0.3699421965317919,1.323699421965318,10.783625730994151,y9W5d,0.27167630057803466,0.24277456647398843,0.7572254335260116,0.0,1037.9968023255815,1840.326914052468,0.18604651162790697,0.6875,35,1093,female,22,J40192
qaubz3kt65qtoit8g4vi,10,0.20555555555555555,0.3333333333333333,0.5625,87,56,0,37,180,180,0.22777777777777777,0.9,15.668539325842696,y9W5d,0.2388888888888889,0.29444444444444445,0.7055555555555556,0.0,893.6057728119181,1915.8586351240067,0.2569832402234637,0.3888888888888889,36,1258,male,23,J57489
qd5cqu3du8n28xxtkftw,11,0.22959183673469388,0.27040816326530615,0.6571428571428571,65,86,0,45,196,196,0.2857142857142857,0.9693877551020408,3.760204081632653,r8S3g,0.23469387755102042,0.39285714285714285,0.6071428571428571,0.0,769.4729914529914,1817.684727001734,0.2153846153846154,0.6521739130434783,37,276,male,18,J87654
qkc2f9omqulfmn3j0m9p,14,0.24528301886792453,0.18867924528301888,0.4806201550387597,49,71,0,39,159,159,0.3081761006289308,0.8930817610062893,11.037735849056604,r8S3g,0.29559748427672955,0.4528301886792453,0.5471698113207547,0.0,1167.1289029535865,2064.296799752366,0.21518987341772153,0.6363636363636364,35,1340,male,18,J57489
qol4cum3ewnz45dzpijx,13,0.27647058823529413,0.20588235294117646,0.6116504854368932,60,59,4,47,170,170,0.25882352941176473,0.8117647058823529,13.31547619047619,m3D1v,0.27058823529411763,0.3411764705882353,0.6588235294117647,0.0,868.1307692307693,1582.1136012839677,0.16568047337278108,0.7083333333333334,37,835,male,23,J23517
qrrck1nnty89cmohw40b,14,0.18705035971223022,0.2733812949640288,0.5267857142857143,50,63,0,26,139,139,0.33093525179856115,1.0575539568345325,10.470588235294118,m3D1v,0.2589928057553957,0.33093525179856115,0.6690647482014388,0.0,1159.9584541062802,1990.0677092882258,0.17391304347826086,0.5909090909090909,38,1276,male,21,J78901
qu1rl2d6teeyti106rgx,11,0.16875,0.2125,0.43478260869565216,68,63,2,27,160,160,0.2625,0.85,6.7594936708860756,m3D1v,0.21875,0.3625,0.6375,0.0,1239.5937106918238,3172.778067428225,0.1949685534591195,0.45,36,1004,female,23,J40192
qw19zri3d9vkqjhcn3xk,12,0.23846153846153847,0.3230769230769231,0.43795620437956206,48,51,0,31,130,130,0.3153846153846154,0.9230769230769231,10.03125,m3D1v,0.26153846153846155,0.2923076923076923,0.7076923076923077,0.0,1516.7842377260981,3072.890100660101,0.18604651162790697,0.5833333333333334,36,986,male,18,J78901
qw1seyo5nrhlm8vby58w,11,0.28651685393258425,0.1797752808988764,0.5855855855855856,66,61,0,51,178,178,0.17415730337078653,0.7640449438202247,3.6494252873563218,y9W5d,0.24719101123595505,0.3146067415730337,0.6853932584269663,0.0,895.9387947269303,2172.288720110194,0.2033898305084746,0.4444444444444444,37,66,female,23,J23517
qxnna0of95m3oebjc84f,13,0.13636363636363635,0.2857142857142857,0.5454545454545454,63,70,0,21,154,154,0.19480519480519481,0.8571428571428571,19.856209150326798,m3D1v,0.2662337662337662,0.24675324675324675,0.7532467532467533,0.0,1230.69477124183,2159.677201280272,0.17647058823529413,0.5416666666666666,37,1194,male,19,J78901
qz6jjynwbd3szlp0rj04,14,0.2073170731707317,0.2073170731707317,0.5945945945945946,74,55,1,34,164,164,0.22560975609756098,0.75,4.285714285714286,y9W5d,0.27439024390243905,0.3170731707317073,0.6829268292682927,0.0,967.4847648261759,2153.561998519925,0.1901840490797546,0.5217391304347826,36,68,female,22,J23517
r28s9kyo7knrvytyvmt8,14,0.14457831325301204,0.26506024096385544,0.5338345864661654,70,71,1,24,166,166,0.2289156626506024,0.7650602409638554,9.427710843373495,y9W5d,0.27710843373493976,0.3253012048192771,0.6746987951807228,0.0,1149.8065656565657,1938.6426436597446,0.21212121212121213,0.48,37,1182,male,20,J87654
r3uk44zat2tcyj5wmojt,12,0.18681318681318682,0.1978021978021978,0.7125,59,84,5,34,182,182,0.21428571428571427,0.8901098901098901,10.96045197740113,y9W5d,0.23626373626373626,0.2967032967032967,0.7032967032967034,0.0,632.7433701657459,1124.0022815795014,0.19889502762430938,0.4583333333333333,36,650,female,22,J78901
r4oklg89q3yx9o2dfq3q,14,0.10344827586206896,0.2689655172413793,0.43703703703703706,63,66,1,15,145,145,0.23448275862068965,0.8137931034482758,7.075862068965518,m3D1v,0.23448275862068965,0.30344827586206896,0.696551724137931,0.0,1338.8108796296297,2796.1461763755055,0.1875,0.4,37,1184,male,24,J40192
r7embk7pqzg5g5p245x4,12,0.20121951219512196,0.27439024390243905,0.75,67,64,0,33,164,164,0.2621951219512195,0.9512195121951219,17.549382716049383,y9W5d,0.2804878048780488,0.29878048780487804,0.7012195121951219,0.0,703.3164621676892,1025.4438941893768,0.12269938650306748,0.5909090909090909,36,634,male,24,J23517
r9m46ndmmmzeeehft96z,14,0.24390243902439024,0.23170731707317074,0.6,48,76,0,40,164,164,0.24390243902439024,0.8170731707317073,16.898089171974522,m3D1v,0.24390243902439024,0.32926829268292684,0.6707317073170732,0.0,1096.8951942740287,1756.6882412600196,0.17177914110429449,0.3333333333333333,34,1352,female,22,J40192
rb8z9vpc5uyhbcaa71v5,11,0.19895287958115182,0.27225130890052357,0.5182481751824818,77,75,1,38,191,191,0.28272251308900526,0.9267015706806283,20.612565445026178,y9W5d,0.24083769633507854,0.28272251308900526,0.7172774869109948,0.0,1029.969649122807,2353.0402419260354,0.2,0.7142857142857143,37,992,female,18,J40192
rd32gyblqsfn03xatnmt,14,0.1588785046728972,0.2850467289719626,0.719626168224299,82,98,0,34,214,214,0.2570093457943925,1.0841121495327102,3.5943396226415096,y9W5d,0.2336448598130841,0.2803738317757009,0.719626168224299,0.0,715.8046165884193,1315.972995446354,0.2347417840375587,0.6666666666666666,37,165,female,19,J40192
rdf3wmujcm1k56ftf8uc,11,0.20930232558139536,0.31976744186046513,0.5036496350364964,70,66,0,36,172,172,0.2441860465116279,0.8372093023255814,8.470588235294118,m3D1v,0.29069767441860467,0.3546511627906977,0.6453488372093024,0.0,1144.1766081871347,3077.2923070317715,0.2046783625730994,0.6,37,995,male,24,J40192
reo07h0d5zehmotdlz2w,13,0.18248175182481752,0.24817518248175183,0.5882352941176471,57,55,0,25,137,137,0.2773722627737226,0.9708029197080292,3.605839416058394,r8S3g,0.2116788321167883,0.40145985401459855,0.5985401459854015,0.0,1066.1680147058823,1662.6431862879328,0.18382352941176472,0.5909090909090909,37,383,female,24,J40192
rgl39qjfatpnh3v4o28m,15,0.15873015873015872,0.31216931216931215,0.6071428571428571,83,76,0,30,189,189,0.2328042328042328,0.9206349206349206,17.703703703703702,m3D1v,0.23809523809523808,0.25925925925925924,0.7407407407407407,0.0,849.8691489361702,1684.7871406470633,0.19680851063829788,0.7419354838709677,38,1255,male,23,J40192
rq44ojyrvdtad0tzsm32,13,0.15816326530612246,0.2755102040816326,0.66,72,93,0,31,196,196,0.24489795918367346,0.8010204081632653,3.4615384615384617,r8S3g,0.22959183673469388,0.3622448979591837,0.6377551020408163,0.0,732.5388034188035,1220.697776692982,0.2,0.6842105263157895,37,350,female,18,J23517
rsclhbtmbxt0xrye64ax,13,0.25,0.23780487804878048,0.6274509803921569,56,66,1,41,164,164,0.18902439024390244,0.774390243902439,23.834355828220858,y9W5d,0.2073170731707317,0.32926829268292684,0.6707317073170732,0.0,892.0511247443762,1444.3284706399945,0.17177914110429449,0.4444444444444444,33,536,female,21,J57489
rufanlg0slv70u876a05,14,0.23333333333333334,0.26666666666666666,0.5929203539823009,67,71,0,42,180,180,0.25,0.8722222222222222,7.067039106145251,y9W5d,0.2833333333333333,0.20555555555555555,0.7944444444444444,0.0,901.0433891992551,1586.9377112831396,0.16201117318435754,0.56,36,1273,male,18,J40192
s0vfgmhobw9jq6al8iww,11,0.2236024844720497,0.17391304347826086,0.5523809523809524,70,55,0,36,161,161,0.2111801242236025,0.8260869565217391,4.1572327044025155,m3D1v,0.2422360248447205,0.2981366459627329,0.7018633540372671,0.0,936.0258333333334,2436.606938101924,0.18125,0.48,36,84,female,20,J57489
s8uk59p9w5ck47wlw3ea,15,0.16129032258064516,0.21505376344086022,0.5961538461538461,73,79,4,30,186,186,0.24193548387096775,0.7741935483870968,10.317204301075268,m3D1v,0.2956989247311828,0.25806451612903225,0.7419354838709677,0.0,799.2471171171171,1362.377511654156,0.2702702702702703,0.5454545454545454,36,822,female,23,J40192
s97masc6nt48h4ly8s1w,14,0.21910112359550563,0.23595505617977527,0.65,55,84,0,39,178,178,0.2247191011235955,0.7865168539325843,14.131428571428572,y9W5d,0.2752808988764045,0.29775280898876405,0.702247191011236,0.0,647.9183615819209,1197.0824238756645,0.24293785310734464,0.3333333333333333,36,663,male,24,J87654
sbb3va36jvpkdpj257ek,12,0.14204545454545456,0.2840909090909091,0.5508474576271186,75,76,0,25,176,176,0.3181818181818182,1.0852272727272727,8.954285714285714,m3D1v,0.30113636363636365,0.30113636363636365,0.6988636363636364,0.0,960.7895238095239,1798.5972875970763,0.22285714285714286,0.7619047619047619,36,1103,male,19,J78901
scl0uh5ig9ehluvs46h2,13,0.16091954022988506,0.26436781609195403,0.56,63,83,0,28,174,174,0.27011494252873564,1.0977011494252873,11.063583815028903,m3D1v,0.28160919540229884,0.20114942528735633,0.7988505747126436,0.0,1031.5432562620424,2442.4326179050636,0.19653179190751446,0.6190476190476191,37,1097,female,22,J40192
sdun9fmcol7sud39mllw,15,0.2923076923076923,0.38461538461538464,0.6203703703703703,57,80,1,57,195,195,0.23076923076923078,0.7282051282051282,4.641025641025641,y9W5d,0.22564102564102564,0.3641025641025641,0.6358974358974359,0.0,794.7313573883162,1490.0887588319301,0.2268041237113402,0.625,36,444,female,18,J23517
sf30f3p1koevnfztc2pd,12,0.2549019607843137,0.2549019607843137,0.6666666666666666,46,65,3,39,153,153,0.2222222222222222,0.9673202614379085,7.359477124183006,m3D1v,0.2679738562091503,0.26143790849673204,0.738562091503268,0.0,730.0777412280702,1162.2202488874489,0.21052631578947367,0.5454545454545454,35,659,male,19,J40192
sfmngecoi3b7ahvhi2k6,8,0.0,0.5272727272727272,0.1935483870967742,105,5,0,0,110,110,0.39090909090909093,1.2454545454545454,4.6,y9W5d,0.2636363636363636,0.2818181818181818,0.7181818181818181,0.0,395.4896024464832,2146.9531686433406,0.7064220183486238,0.9333333333333333,38,982,female,18,J57489
shtnl1wh1mconb8od5ko,14,0.12804878048780488,0.2804878048780488,0.625,75,67,1,21,164,164,0.2621951219512195,1.2317073170731707,4.048780487804878,y9W5d,0.2926829268292683,0.24390243902439024,0.7560975609756098,0.0,836.0341513292434,1349.474270319546,0.20245398773006135,0.6666666666666666,36,176,male,24,J78901
si6ymh6w7xbo2f40o0p8,10,0.12650602409638553,0.2469879518072289,0.6063829787234043,74,71,0,21,166,166,0.2710843373493976,1.0481927710843373,3.7177914110429446,y9W5d,0.3433734939759036,0.3072289156626506,0.6927710843373494,0.0,809.6388888888889,1440.7318547028804,0.1696969696969697,0.3,38,168,male,19,J40192
sie4alrjjjvlk0w9ye5l,12,0.17391304347826086,0.28804347826086957,0.5833333333333334,67,85,0,32,184,184,0.2391304347826087,0.9293478260869565,12.901639344262295,y9W5d,0.2826086956521739,0.27717391304347827,0.7228260869565217,0.0,1030.6094717668489,1576.626706257237,0.20765027322404372,0.6071428571428571,38,1171,female,18,J40192
siv6gzi7una85o8fzrwi,15,0.22485207100591717,0.2781065088757396,0.5865384615384616,54,77,0,38,169,169,0.24260355029585798,0.8816568047337278,18.28994082840237,y9W5d,0.2958579881656805,0.24260355029585798,0.757396449704142,0.0,883.7898809523809,1723.6669794128686,0.2619047619047619,0.76,34,817,male,24,J87654
skyax9iocbd5gzronpru,10,0.22459893048128343,0.1711229946524064,0.75,67,76,2,42,187,187,0.3315508021390374,1.1925133689839573,8.843243243243244,y9W5d,0.3155080213903743,0.2192513368983957,0.7807486631016043,0.0,616.6346774193548,1016.1007040251502,0.1989247311827957,0.8461538461538461,36,662,female,20,J40192
slmfpw1fyabrtys8ufg9,14,0.2605633802816901,0.18309859154929578,0.5116279069767442,44,61,0,37,142,142,0.2746478873239437,0.9295774647887324,3.9357142857142855,m3D1v,0.2676056338028169,0.30985915492957744,0.6901408450704225,0.0,1309.57304964539,2040.0844258018935,0.14893617021276595,0.7083333333333334,35,1363,female,20,J87654
spyu1at0d9k1wxtenlhe,13,0.13953488372093023,0.23255813953488372,0.5736434108527132,76,72,0,24,172,172,0.22093023255813954,0.8488372093023255,14.347058823529412,m3D1v,0.29069767441860467,0.2558139534883721,0.7441860465116279,0.0,1079.7872319688108,1624.895575313765,0.17543859649122806,0.4074074074074074,37,1177,male,20,J78901
styld7k1gge5cvjria5b,12,0.1830065359477124,0.1895424836601307,0.6041666666666666,57,68,0,28,153,153,0.27450980392156865,0.9019607843137255,4.622516556291391,y9W5d,0.2679738562091503,0.2875816993464052,0.7124183006535948,0.0,900.5353070175439,1440.08996060124,0.2236842105263158,0.6363636363636364,34,85,male,22,J23517
sushd67p0jy6f04a3h0m,10,0.1686746987951807,0.18674698795180722,0.6623376623376623,72,62,4,28,166,166,0.20481927710843373,0.8855421686746988,9.865853658536585,y9W5d,0.2710843373493976,0.2469879518072289,0.7530120481927711,0.0,668.4185858585859,1198.272133720567,0.20606060606060606,0.5,37,654,male,24,J87654
svxexhg20hs3bbqd4fm7,13,0.18285714285714286,0.19428571428571428,0.6237623762376238,74,69,0,32,175,175,0.25142857142857145,0.8457142857142858,3.6954022988505746,r8S3g,0.26857142857142857,0.37714285714285717,0.6228571428571429,0.0,825.9026819923371,1405.9691505375065,0.2413793103448276,0.5769230769230769,35,362,male,23,J78901
sx57v4y3hp52f9selxdo,13,0.1437125748502994,0.23952095808383234,0.5,85,58,0,24,167,167,0.2874251497005988,1.0479041916167664,11.710843373493976,y9W5d,0.23353293413173654,0.33532934131736525,0.6646706586826348,0.0,1066.3226907630522,1852.0661367282062,0.18072289156626506,0.45454545454545453,36,1083,male,19,J57489
sx8c4g672zgcw7w2lflp,10,0.1875,0.2916666666666667,0.5851851851851851,83,73,0,36,192,192,0.2708333333333333,0.9010416666666666,9.916230366492147,y9W5d,0.23958333333333334,0.2864583333333333,0.7135416666666666,0.0,1009.1452006980802,2525.392553848003,0.19895287958115182,0.6206896551724138,38,998,male,23,J23517
t23e5lcdy5k50uvg5k0v,11,0.14375,0.23125,0.45985401459854014,71,65,1,23,160,160,0.3125,1.0375,8.6875,m3D1v,0.2125,0.30625,0.69375,0.0,1227.0743186582808,2704.5157371233577,0.23270440251572327,0.6666666666666666,37,990,female,24,J87654
t3wo8xb4rq94n3fpfk35,2,0.29651162790697677,0.19186046511627908,0.6274509803921569,68,52,1,51,172,172,0.22093023255813954,0.8081395348837209,3.9069767441860463,y9W5d,0.27325581395348836,0.28488372093023256,0.7151162790697675,0.0,851.0679337231969,1660.270274748193,0.2046783625730994,0.48,37,62,male,20,J78901
t5uf4x6hffga8in2ua6l,14,0.21468926553672316,0.23163841807909605,0.549618320610687,71,68,0,38,177,177,0.2033898305084746,0.6779661016949152,10.728813559322035,y9W5d,0.2937853107344633,0.3333333333333333,0.6666666666666666,0.0,1062.7905303030302,2053.4728973075057,0.18181818181818182,0.4782608695652174,35,1201,female,21,J23517
t7x7ydt3u1cd2svfvk4q,13,0.17197452229299362,0.24203821656050956,0.6372549019607843,57,73,0,27,157,157,0.3503184713375796,1.0382165605095541,4.057324840764331,m3D1v,0.2356687898089172,0.3630573248407643,0.6369426751592356,0.0,930.2667735042736,1377.884899615928,0.1794871794871795,0.6842105263157895,36,358,female,22,J57489
t8a5fgt3wo8w18amulu3,13,0.2578125,0.3515625,0.6363636363636364,43,52,0,33,128,128,0.25,0.921875,3.984375,r8S3g,0.25,0.40625,0.59375,0.0,987.3998687664042,1347.532590373453,0.1889763779527559,0.6,35,294,female,24,J87654
t8zrwu8iwkcdnwf3ruse,13,0.1712707182320442,0.26519337016574585,0.584,81,69,0,31,181,181,0.18232044198895028,0.6906077348066298,10.70949720670391,y9W5d,0.281767955801105,0.2983425414364641,0.7016574585635359,0.0,992.4927777777777,1721.484508131967,0.18888888888888888,0.4,37,1203,male,21,J78901
t9a891e0764br5ujna1a,11,0.17415730337078653,0.25280898876404495,0.6796116504854369,85,62,0,31,178,178,0.25280898876404495,0.898876404494382,3.6666666666666665,m3D1v,0.25280898876404495,0.3089887640449438,0.6910112359550562,0.0,830.9814500941619,1165.9519882405816,0.2033898305084746,0.5652173913043478,38,364,male,19,J40192
tbypawuj167ycyvg8sc2,12,0.13725490196078433,0.19607843137254902,0.5882352941176471,59,69,4,21,153,153,0.2679738562091503,0.9477124183006536,9.186666666666667,m3D1v,0.2679738562091503,0.2679738562091503,0.7320261437908496,0.0,957.8472587719298,1813.8682066912127,0.16447368421052633,0.5833333333333334,37,820,male,24,J40192
tezxtgugzffgu5fxr0cz,15,0.22826086956521738,0.2717391304347826,0.5535714285714286,65,77,0,42,184,184,0.27717391304347827,1.0054347826086956,4.7228260869565215,m3D1v,0.29891304347826086,0.29891304347826086,0.7010869565217391,0.0,870.4371584699454,1782.718601506031,0.273224043715847,0.6818181818181818,35,1264,male,19,J57489
th28zykgzvfex40v22hz,14,0.1878453038674033,0.26519337016574585,0.6055045871559633,61,86,0,34,181,181,0.2154696132596685,0.8066298342541437,9.261111111111111,m3D1v,0.26519337016574585,0.3149171270718232,0.6850828729281768,0.0,864.3559259259259,1705.3837688030897,0.2222222222222222,0.6,36,1252,male,24,J57489
ti44fbogdeqbfflbizj7,12,0.2348993288590604,0.20134228187919462,0.5728155339805825,62,50,2,35,149,149,0.3288590604026846,1.0939597315436242,6.614864864864865,m3D1v,0.2550335570469799,0.2684563758389262,0.7315436241610739,0.0,994.3351351351351,1799.2311397748083,0.17567567567567569,0.75,37,818,female,18,J87654
tndsnutlm99ld8f4uya0,14,0.1656441717791411,0.26380368098159507,0.4883720930232558,47,88,1,27,163,163,0.294478527607362,0.9202453987730062,12.025316455696203,m3D1v,0.25766871165644173,0.3006134969325153,0.6993865030674846,0.0,1138.8366255144033,2093.250405975871,0.2222222222222222,0.5909090909090909,35,1337,female,19,J78901
tp8x8dgd7d6dhpth8xni,11,0.13013698630136986,0.2534246575342466,0.648936170212766,59,68,0,19,146,146,0.19863013698630136,0.7465753424657534,16.433566433566433,y9W5d,0.23972602739726026,0.273972602739726,0.726027397260274,0.0,925.9065517241379,1550.9974868099077,0.18620689655172415,0.4,38,553,female,21,J57489
ttsjumez81r1ot6tfe7n,11,0.22297297297297297,0.31756756756756754,0.5471698113207547,49,66,0,33,148,148,0.21621621621621623,0.918918918918919,4.055172413793104,m3D1v,0.28378378378378377,0.24324324324324326,0.7567567567567568,0.0,1030.6690476190477,1822.4418190484407,0.21768707482993196,0.5454545454545454,35,439,male,19,J78901
tuidsy7wcktf3jppecp5,13,0.25125628140703515,0.2613065326633166,0.7088607594936709,67,81,1,50,199,199,0.24120603015075376,0.9849246231155779,10.126903553299492,y9W5d,0.2914572864321608,0.2562814070351759,0.7437185929648241,0.0,571.154797979798,1053.8894775961382,0.26262626262626265,0.5238095238095238,37,648,female,18,J87654
tv0sptqq56ri3dpcd9nl,12,0.203125,0.20833333333333334,0.6907216494845361,69,84,0,39,192,192,0.171875,0.640625,10.44502617801047,y9W5d,0.234375,0.3645833333333333,0.6354166666666666,0.0,724.407329842932,1087.2674422008447,0.17801047120418848,0.4074074074074074,37,546,male,20,J40192
tvsgkf4oqh769h40lj43,14,0.20786516853932585,0.28651685393258425,0.6831683168316832,71,70,0,37,178,178,0.24157303370786518,0.9269662921348315,3.640449438202247,m3D1v,0.24719101123595505,0.34269662921348315,0.6573033707865169,0.0,815.345197740113,1141.4517421039966,0.15819209039548024,0.5185185185185185,36,367,male,24,J87654
twa56vh9h75mwaqdma1y,14,0.22085889570552147,0.20245398773006135,0.5116279069767442,45,82,0,36,163,163,0.3067484662576687,0.950920245398773,7.1075949367088604,y9W5d,0.2392638036809816,0.3374233128834356,0.6625766871165644,0.0,1140.6586419753087,1929.355306746143,0.18518518518518517,0.782608695652174,38,1338,female,24,J57489
u2rchqp6tof1bkr07izf,11,0.18421052631578946,0.25,0.6875,64,59,1,28,152,152,0.25,0.9078947368421053,7.266666666666667,y9W5d,0.26973684210526316,0.3223684210526316,0.6776315789473685,0.0,758.8997792494481,1179.252623951394,0.2119205298013245,0.45,35,631,male,23,J78901
u968v341lom8drwdzqqj,11,0.23780487804878048,0.3597560975609756,0.5094339622641509,64,61,0,39,164,164,0.17073170731707318,0.676829268292683,4.031055900621118,m3D1v,0.2682926829268293,0.34146341463414637,0.6585365853658537,0.0,930.3966257668711,1888.6885938704822,0.17791411042944785,0.4444444444444444,36,456,male,21,J40192
u9owl1eky0jf8t3nc50o,8,0.14444444444444443,0.29444444444444445,0.6767676767676768,83,71,0,26,180,180,0.14444444444444443,0.6333333333333333,19.322222222222223,m3D1v,0.25,0.3611111111111111,0.6388888888888888,0.0,788.6309124767225,1128.1563143081978,0.18994413407821228,0.4444444444444444,37,544,male,22,J40192
ubi6gd21j9e9rw46hoz6,11,0.17261904761904762,0.26785714285714285,0.5877192982456141,78,61,0,29,168,168,0.16666666666666666,0.6130952380952381,11.234939759036145,m3D1v,0.2857142857142857,0.3333333333333333,0.6666666666666666,0.0,978.6432135728543,2261.7756919960334,0.19161676646706588,0.4666666666666667,37,545,female,23,J40192
ucxxvfcovdwuokyswife,14,0.14792899408284024,0.35502958579881655,0.5454545454545454,47,97,0,25,169,169,0.1952662721893491,0.8047337278106509,3.7261904761904763,m3D1v,0.2485207100591716,0.3076923076923077,0.6923076923076923,0.0,935.4768849206349,1756.2012635042377,0.24404761904761904,0.5,37,435,female,20,J57489
udbo68xozj9btqumivk2,11,0.21935483870967742,0.33548387096774196,0.48905109489051096,61,60,0,34,155,155,0.32903225806451614,0.9354838709677419,14.305194805194805,r8S3g,0.2709677419354839,0.3935483870967742,0.6064516129032258,0.0,1270.5294372294372,2452.019575350922,0.16233766233766234,0.5,35,1003,male,24,J78901
ugaiak78ggmnku4yndlt,14,0.1282051282051282,0.2948717948717949,0.6226415094339622,66,70,0,20,156,156,0.27564102564102566,0.9615384615384616,4.0,y9W5d,0.2692307692307692,0.28205128205128205,0.717948717948718,0.0,977.3713978494624,1694.8419235241515,0.16774193548387098,0.6666666666666666,31,177,female,22,J40192
uhky1uwx18u1e4nixzzf,14,0.16,0.38285714285714284,0.5754716981132075,43,104,0,28,175,175,0.21142857142857144,0.8742857142857143,3.7209302325581395,y9W5d,0.2742857142857143,0.30857142857142855,0.6914285714285714,0.0,872.150766283525,2100.012496182516,0.25287356321839083,0.6363636363636364,33,452,male,23,J23517
uhthvh60xp911d47x7xm,11,0.20710059171597633,0.1952662721893491,0.6173913043478261,70,64,0,35,169,169,0.1834319526627219,0.7218934911242604,10.964285714285714,m3D1v,0.22485207100591717,0.3727810650887574,0.6272189349112426,0.0,973.2649801587302,2399.678498243519,0.19047619047619047,0.5666666666666667,36,554,male,21,J57489
uk8sadmdmw8p7e22l2yr,14,0.18090452261306533,0.2914572864321608,0.7669902912621359,62,101,0,36,199,199,0.3165829145728643,1.015075376884422,3.9289340101522843,m3D1v,0.2814070351758794,0.38190954773869346,0.6180904522613065,0.0,743.2236531986532,1000.1920055208368,0.19696969696969696,0.75,38,361,male,22,J57489
ulowmljtsh72z64haltq,14,0.2411764705882353,0.4764705882352941,0.5688073394495413,53,76,0,41,170,170,0.18235294117647058,0.7294117647058823,3.63855421686747,m3D1v,0.24705882352941178,0.3176470588235294,0.6823529411764706,0.0,919.9755424063117,1781.909376305055,0.23668639053254437,0.3333333333333333,36,448,female,18,J23517
uon3zzl9a1zr5zmeodmr,14,0.15,0.36875,0.56,47,89,0,24,160,160,0.3125,1.08125,9.081761006289309,r8S3g,0.2125,0.325,0.675,0.0,1123.377777777778,1951.5783864662042,0.20754716981132076,0.65,34,1104,female,20,J57489
uvh2zil455wi0dcdan51,6,0.2011173184357542,0.24022346368715083,0.5963302752293578,78,64,1,36,179,179,0.2011173184357542,0.8044692737430168,4.00561797752809,m3D1v,0.24581005586592178,0.24022346368715083,0.7597765363128491,0.0,873.626404494382,1798.086404701275,0.20786516853932585,0.5333333333333333,37,71,female,24,J78901
uy29im7a6hnc34lfp8ae,13,0.1497005988023952,0.2155688622754491,0.6534653465346535,71,71,0,25,167,167,0.2694610778443114,0.7964071856287425,3.6167664670658684,r8S3g,0.2874251497005988,0.4491017964071856,0.5508982035928144,0.0,869.1772088353414,1255.2464317274992,0.1686746987951807,0.76,37,371,male,24,J23517
uzk23hynw87co5ru0tr8,14,0.14646464646464646,0.2727272727272727,0.552,81,87,1,29,198,198,0.25757575757575757,1.0404040404040404,18.385786802030456,y9W5d,0.23737373737373738,0.26262626262626265,0.7373737373737373,0.0,906.6109137055838,1655.6216802300582,0.18781725888324874,0.7142857142857143,37,1098,female,22,J87654
v4k20n9xryqdpe6fx42x,14,0.12179487179487179,0.30128205128205127,0.5365853658536586,65,72,0,19,156,156,0.30128205128205127,1.1538461538461537,9.253246753246753,m3D1v,0.25,0.26282051282051283,0.7371794871794872,0.0,1130.9913978494624,2014.9948347270645,0.12903225806451613,0.64,35,1087,male,24,J57489
vbgs2hp7aiiw880dpm1s,13,0.17058823529411765,0.35294117647058826,0.5967741935483871,67,74,0,29,170,170,0.3352941176470588,1.1823529411764706,16.550295857988164,m3D1v,0.2411764705882353,0.29411764705882354,0.7058823529411765,0.0,1050.0409270216962,1736.5141792782802,0.1952662721893491,0.75,38,1095,female,19,J87654
vcw0s2e0akak8rqunatk,10,0.20118343195266272,0.28994082840236685,0.5575221238938053,60,75,0,34,169,169,0.23076923076923078,0.8579881656804734,20.803571428571427,m3D1v,0.21893491124260356,0.31952662721893493,0.6804733727810651,0.0,959.7524801587301,1947.6722622052046,0.2261904761904762,0.5384615384615384,36,1268,male,20,J57489
vd2j77wynysztt2wbv2v,7,0.2052980132450331,0.2582781456953642,0.5533980582524272,73,47,0,31,151,151,0.271523178807947,0.8609271523178808,11.866666666666667,y9W5d,0.2847682119205298,0.304635761589404,0.695364238410596,0.0,979.2535555555555,1887.3716317348194,0.20666666666666667,0.4444444444444444,36,837,male,24,J57489
vhlntoniujqiclub2juy,14,0.17088607594936708,0.25316455696202533,0.5765765765765766,62,68,1,27,158,158,0.23417721518987342,0.8860759493670886,3.694267515923567,y9W5d,0.26582278481012656,0.25316455696202533,0.7468354430379747,0.0,1009.6644373673037,1923.6076673566906,0.1910828025477707,0.47619047619047616,34,92,male,20,J87654
vqz1prz6hwnqepxsieip,12,0.2549019607843137,0.1503267973856209,0.6111111111111112,51,63,0,39,153,153,0.2679738562091503,0.9281045751633987,3.633986928104575,m3D1v,0.27450980392156865,0.35947712418300654,0.6405228758169934,0.0,1013.6095394736842,1920.2581957657283,0.17763157894736842,0.5454545454545454,35,292,female,24,J87654
vrdxefyyyx3tkticfqnv,15,0.15254237288135594,0.2598870056497175,0.6153846153846154,83,66,1,27,177,177,0.23728813559322035,0.9943502824858758,3.801169590643275,y9W5d,0.2542372881355932,0.2542372881355932,0.7457627118644068,0.0,842.0021780303031,1463.1459579742898,0.20454545454545456,0.68,36,180,male,21,J23517
vzdurh8f0rfus5h4bde2,13,0.21875,0.40625,0.5648148148148148,56,69,0,35,160,160,0.225,0.86875,3.892405063291139,m3D1v,0.2875,0.25,0.75,0.0,968.5818658280922,1709.3586666576791,0.16981132075471697,0.38095238095238093,37,434,male,20,J78901
w1uwjc89gv68yxkutpoe,10,0.18823529411764706,0.27058823529411763,0.6504854368932039,74,64,0,32,170,170,0.17647058823529413,0.6764705882352942,3.9823529411764707,m3D1v,0.25882352941176473,0.38823529411764707,0.611764705882353,0.0,867.5627218934911,1449.7060939994199,0.1952662721893491,0.4583333333333333,37,369,female,21,J87654
w9r5wihhl33fmutbq5qd,8,0.2596685082872928,0.3149171270718232,0.5620437956204379,72,61,1,47,181,181,0.2983425414364641,0.9171270718232044,5.983240223463687,m3D1v,0.23756906077348067,0.32044198895027626,0.6795580110497238,0.0,1086.962962962963,1826.6542531975977,0.20555555555555555,0.4117647058823529,36,1001,female,24,J57489
wbdvbdebq64ujpi9u7mn,14,0.21951219512195122,0.31097560975609756,0.5648148148148148,61,67,0,36,164,164,0.27439024390243905,0.926829268292683,4.012269938650307,y9W5d,0.2621951219512195,0.2926829268292683,0.7073170731707317,0.0,943.8644171779141,1595.0400297163437,0.24539877300613497,0.625,38,281,female,18,J87654
wf7yq9n2spgto3w5ad9r,14,0.20710059171597633,0.23668639053254437,0.7375,69,64,1,35,169,169,0.21893491124260356,0.9053254437869822,11.239520958083832,y9W5d,0.22485207100591717,0.3136094674556213,0.6863905325443787,0.0,682.1364087301588,970.4252640959742,0.20833333333333334,0.6071428571428571,37,639,female,20,J57489
wfsgbko6rfmajn85khu4,14,0.17880794701986755,0.33774834437086093,0.448,60,62,2,27,151,151,0.271523178807947,0.9536423841059603,4.993377483443709,m3D1v,0.2847682119205298,0.2980132450331126,0.7019867549668874,0.0,1190.584888888889,3190.2838401088866,0.24,0.3333333333333333,36,1109,male,21,J78901
whzjoeh34i7o86p37u99,12,0.26380368098159507,0.25766871165644173,0.5793650793650794,36,83,1,43,163,163,0.36809815950920244,1.116564417177914,8.858024691358025,y9W5d,0.2147239263803681,0.32515337423312884,0.6748466257668712,0.0,1114.0895061728395,1833.5831430481371,0.17901234567901234,0.8181818181818182,37,1354,female,21,J40192
wi36b9plgjc82atx6z7h,14,0.22695035460992907,0.28368794326241137,0.4806201550387597,44,65,0,32,141,141,0.23404255319148937,0.8439716312056738,14.914893617021276,m3D1v,0.28368794326241137,0.3120567375886525,0.6879432624113475,0.0,1322.427738095238,2632.721533228538,0.14285714285714285,0.56,32,1342,male,20,J87654
wj1gt5zvzfnjf7xcf1c8,11,0.15483870967741936,0.23225806451612904,0.5182481751824818,61,70,0,24,155,155,0.2903225806451613,0.9354838709677419,4.283870967741936,r8S3g,0.2,0.36129032258064514,0.6387096774193548,0.0,1270.4666666666667,1989.9997070711001,0.18831168831168832,0.5555555555555556,38,999,female,21,J40192
wmep7eexur6wwrlrz9sv,14,0.1962025316455696,0.2974683544303797,0.4690265486725664,62,65,0,31,158,158,0.22784810126582278,0.9683544303797469,9.493589743589743,m3D1v,0.27848101265822783,0.310126582278481,0.689873417721519,0.0,1028.0031847133757,2051.9393029780117,0.2611464968152866,0.6190476190476191,35,1271,male,20,J78901
wmes720kojsggeq71m5y,12,0.31351351351351353,0.2756756756756757,0.625,73,51,3,58,185,185,0.23783783783783785,0.8216216216216217,17.0,y9W5d,0.2594594594594595,0.3081081081081081,0.6918918918918919,0.0,804.923731884058,1442.274133930783,0.20652173913043478,0.4583333333333333,36,830,male,20,J23517
woxwsoo99kl7vq4mk0rr,11,0.18633540372670807,0.32919254658385094,0.48905109489051096,64,67,0,30,161,161,0.2795031055900621,0.8074534161490683,16.35,r8S3g,0.2919254658385093,0.39751552795031053,0.6024844720496895,0.0,1225.3866666666665,3005.384750186821,0.2,0.4444444444444444,34,1014,female,18,J87654
wty9xgte39cr5rp39e50,14,0.14814814814814814,0.26455026455026454,0.6201550387596899,71,90,0,28,189,189,0.17989417989417988,0.7248677248677249,13.529100529100528,y9W5d,0.25396825396825395,0.2804232804232804,0.7195767195767195,0.0,981.9423758865248,1365.356466799046,0.2074468085106383,0.43478260869565216,38,1199,male,18,J23517
wu3cwt7cavxrllp6s123,12,0.2,0.24242424242424243,0.6753246753246753,65,66,1,33,165,165,0.22424242424242424,0.9212121212121213,16.60122699386503,m3D1v,0.2545454545454545,0.2727272727272727,0.7272727272727273,0.0,672.0492886178861,1035.6747985829031,0.15853658536585366,0.4782608695652174,34,658,male,22,J87654
wwh529n48kyjq1xe9h46,14,0.2631578947368421,0.24812030075187969,0.5405405405405406,46,51,1,35,133,133,0.2781954887218045,0.9699248120300752,4.128787878787879,m3D1v,0.2857142857142857,0.2932330827067669,0.706766917293233,0.0,1200.4203282828282,2399.5310469376336,0.1590909090909091,0.5652173913043478,35,72,male,24,J78901
wxgj9kdmdrmullrthnso,11,0.21637426900584794,0.28654970760233917,0.6391752577319587,68,66,0,37,171,171,0.2631578947368421,0.8187134502923976,3.8988095238095237,r8S3g,0.3333333333333333,0.4853801169590643,0.5146198830409356,0.0,810.496862745098,1259.226133154053,0.17058823529411765,0.5833333333333334,35,268,female,19,J78901
wzfry2domlqnblox9w1b,14,0.1746987951807229,0.3132530120481928,0.5263157894736842,69,68,0,29,166,166,0.21084337349397592,0.8313253012048193,16.26060606060606,m3D1v,0.26506024096385544,0.23493975903614459,0.7650602409638554,0.0,1150.1959595959595,2052.7569976380887,0.21818181818181817,0.4,37,1197,male,19,J40192
x8hldszj3z40bgxl4mci,14,0.1407035175879397,0.24623115577889448,0.580952380952381,89,81,1,28,199,199,0.2914572864321608,1.0100502512562815,4.388888888888889,y9W5d,0.23115577889447236,0.35175879396984927,0.6482412060301508,0.0,755.6322390572391,1890.088222518513,0.26262626262626265,0.9166666666666666,35,161,male,22,J57489
x8hocidvl3emcmrhw2f8,14,0.23121387283236994,0.4161849710982659,0.5370370370370371,63,70,0,40,173,173,0.23699421965317918,0.8208092485549133,4.162790697674419,m3D1v,0.24277456647398843,0.3815028901734104,0.6184971098265896,0.0,892.1010658914729,1734.4123919757599,0.20930232558139536,0.4782608695652174,37,457,female,23,J87654
x9xz7kb08kmf1tytnc1f,14,0.19047619047619047,0.36904761904761907,0.5945945945945946,53,83,0,32,168,168,0.20833333333333334,0.8869047619047619,7.065476190476191,m3D1v,0.27380952380952384,0.2619047619047619,0.7380952380952381,0.0,945.7198602794411,1793.9720885382426,0.25149700598802394,0.46153846153846156,38,1263,female,24,J87654
xf5q0ixkpbxl3w7k16qo,14,0.2064516129032258,0.3161290322580645,0.496,51,72,0,32,155,155,0.2645161290322581,0.9419354838709677,9.197368421052632,r8S3g,0.23870967741935484,0.3935483870967742,0.6064516129032258,0.0,1158.5098484848486,2498.3635681666187,0.18831168831168832,0.6666666666666666,36,1362,female,22,J57489
xgvqpyg5mro3wihwngur,11,0.19680851063829788,0.26063829787234044,0.6403508771929824,70,81,0,37,188,188,0.19680851063829788,0.8191489361702128,21.897849462365592,y9W5d,0.2393617021276596,0.28191489361702127,0.7180851063829787,0.0,870.3864527629233,1697.8335171057615,0.18716577540106952,0.5483870967741935,38,542,female,20,J87654
xh8a7nmtz192pknhec33,14,0.2421875,0.1953125,0.5135135135135135,48,49,0,31,128,128,0.2265625,0.765625,3.5826771653543306,y9W5d,0.25,0.3125,0.6875,0.0,1248.2206036745406,2809.6518915092424,0.2204724409448819,0.391304347826087,36,91,female,24,J78901
xnvmb8uox3576k142awg,11,0.16025641025641027,0.17307692307692307,0.6836734693877551,74,57,0,25,156,156,0.12179487179487179,0.532051282051282,9.193548387096774,r8S3g,0.23076923076923078,0.391025641025641,0.6089743589743589,0.0,897.8730107526882,1363.5221826162372,0.14838709677419354,0.37037037037037035,34,550,female,22,J57489
xsxczvs8iluovs3pt5q7,14,0.17088607594936708,0.22151898734177214,0.6504854368932039,68,63,0,27,158,158,0.20253164556962025,0.7468354430379747,3.7974683544303796,r8S3g,0.2911392405063291,0.3860759493670886,0.6139240506329114,0.0,937.0851380042462,1472.4659401804104,0.20382165605095542,0.5454545454545454,37,382,female,23,J87654
xvfa4ysm4deeobu8wkym,12,0.13513513513513514,0.24324324324324326,0.5590551181102362,72,87,1,25,185,185,0.25405405405405407,0.9513513513513514,17.464864864864865,y9W5d,0.25405405405405407,0.2756756756756757,0.7243243243243244,0.0,985.9638586956521,1706.1985499135335,0.21195652173913043,0.4782608695652174,38,1174,female,24,J57489
xy7cro773yqyoblucwkp,15,0.10828025477707007,0.20382165605095542,0.6153846153846154,68,71,1,17,157,157,0.2611464968152866,0.9363057324840764,4.127388535031847,y9W5d,0.25477707006369427,0.3057324840764331,0.6942675159235668,0.0,953.1240384615384,1632.066642219619,0.1794871794871795,0.5652173913043478,37,154,female,20,J40192
y0bdtutppfdzzttzq8dy,13,0.2848101265822785,0.1962025316455696,0.5865384615384616,47,64,2,45,158,158,0.2911392405063291,0.9177215189873418,3.9038461538461537,y9W5d,0.22784810126582278,0.34177215189873417,0.6582278481012658,0.0,944.6994692144374,2335.7478757434337,0.20382165605095542,0.5652173913043478,37,823,female,24,J57489
yb4sqfrwu788fa6y4zeb,11,0.21019108280254778,0.27388535031847133,0.6095238095238096,64,60,0,33,157,157,0.18471337579617833,0.6496815286624203,3.8205128205128207,r8S3g,0.25477707006369427,0.4267515923566879,0.5732484076433121,0.0,956.8435897435897,1587.2240393389386,0.20512820512820512,0.5652173913043478,33,266,male,22,J78901
yesnbayr80dvsb8ajp9v,8,0.15,0.3333333333333333,0.5474452554744526,79,74,0,27,180,180,0.3,0.9888888888888889,17.426966292134832,m3D1v,0.29444444444444445,0.2722222222222222,0.7277777777777777,0.0,1094.7027932960893,2190.9443447737367,0.16201117318435754,0.7727272727272727,36,987,male,18,J78901
ygc6nfsry40yon3nicac,12,0.1242603550295858,0.2603550295857988,0.5663716814159292,67,81,0,21,169,169,0.24260355029585798,0.8579881656804734,8.952095808383234,m3D1v,0.23668639053254437,0.35502958579881655,0.6449704142011834,0.0,959.8254960317461,1806.0889406072033,0.23214285714285715,0.6,37,1251,female,22,J87654
yj708ceb2o5gueez45or,11,0.20348837209302326,0.3081395348837209,0.5428571428571428,84,53,0,35,172,172,0.28488372093023256,1.058139534883721,11.284883720930232,m3D1v,0.29069767441860467,0.2616279069767442,0.7383720930232558,0.0,1168.7018518518519,1991.5710550095314,0.15789473684210525,0.75,37,1180,female,23,J57489
ymb5gxf0fi27kpj2f101,12,0.16666666666666666,0.30128205128205127,0.5566037735849056,56,73,1,26,156,156,0.28205128205128205,0.8782051282051282,3.703225806451613,r8S3g,0.28846153846153844,0.38461538461538464,0.6153846153846154,0.0,980.6589247311828,1699.3507481174295,0.21935483870967742,0.7368421052631579,34,297,male,19,J57489
yums89f0epz009xrrwrf,14,0.2602739726027397,0.4315068493150685,0.5181818181818182,36,72,0,38,146,146,0.2328767123287671,0.8493150684931506,4.096551724137931,m3D1v,0.2945205479452055,0.3150684931506849,0.684931506849315,0.0,1081.9558620689654,1977.9232228321496,0.19310344827586207,0.5,36,436,male,19,J78901
yyz9rmyzzdp52h0glddp,8,0.14835164835164835,0.19230769230769232,0.6739130434782609,76,79,0,27,182,182,0.24725274725274726,1.0934065934065933,4.2154696132596685,y9W5d,0.27472527472527475,0.24175824175824176,0.7582417582417582,0.0,727.3606813996317,1221.7179059764255,0.20994475138121546,0.5,36,173,female,24,J23517
z0mde15metn3m79ek96y,10,0.22727272727272727,0.2727272727272727,0.45652173913043476,60,59,0,35,154,154,0.2792207792207792,0.9155844155844156,6.372549019607843,m3D1v,0.24025974025974026,0.35064935064935066,0.6493506493506493,0.0,1282.378431372549,2598.9215360991584,0.19607843137254902,0.5714285714285714,35,1002,male,18,J40192
z0ti2nr5nh9fpad7wntt,15,0.15,0.225,0.5151515151515151,77,59,0,24,160,160,0.3125,1.01875,3.779874213836478,m3D1v,0.2875,0.28125,0.71875,0.0,889.0492662473794,1736.7935786002838,0.22012578616352202,0.7727272727272727,35,287,male,23,J23517
z23fh1v40p3hmxxspbo9,12,0.1464968152866242,0.19745222929936307,0.5275590551181102,62,72,0,23,157,157,0.267515923566879,0.8853503184713376,7.0,y9W5d,0.2802547770700637,0.2802547770700637,0.7197452229299363,0.0,1159.9647435897434,2099.690141530583,0.21153846153846154,0.43478260869565216,35,1178,male,22,J78901
z9q10sbk27qpuvatlkuw,14,0.17575757575757575,0.3575757575757576,0.5370370370370371,57,79,0,29,165,165,0.12727272727272726,0.5575757575757576,4.085889570552148,m3D1v,0.3333333333333333,0.2545454545454545,0.7454545454545455,0.0,940.5446138211381,1710.912652107714,0.21341463414634146,0.32142857142857145,35,442,male,19,J87654
zc7xkcpo969z98kh6bg8,14,0.18018018018018017,0.2702702702702703,0.6310679611650486,88,94,0,40,222,222,0.25225225225225223,0.8423423423423423,3.891891891891892,r8S3g,0.22972972972972974,0.36486486486486486,0.6351351351351351,0.0,665.7500754147812,1366.6155725209678,0.2398190045248869,0.6896551724137931,38,376,male,20,J23517
zeuj2ypen39p38d4m3oj,12,0.23204419889502761,0.23756906077348067,0.5514018691588785,61,78,0,42,181,181,0.143646408839779,0.585635359116022,3.840909090909091,m3D1v,0.24861878453038674,0.26519337016574585,0.7348066298342542,0.0,849.8768518518518,1956.8795446120355,0.2,0.38461538461538464,37,75,male,24,J40192
zeuj820acn6zhcbx617v,11,0.21739130434782608,0.25,0.6274509803921569,81,63,0,40,184,184,0.2554347826086957,0.8804347826086957,3.722826086956522,r8S3g,0.24456521739130435,0.375,0.625,0.0,793.4806921675774,1211.4892195924208,0.22404371584699453,0.5217391304347826,35,365,female,21,J78901
zhx5rxgopln1p5hd10ql,11,0.23270440251572327,0.23270440251572327,0.49230769230769234,61,60,1,37,159,159,0.2578616352201258,0.9433962264150944,14.955414012738853,r8S3g,0.2389937106918239,0.3522012578616352,0.6477987421383647,0.0,1171.174683544304,2050.7517697324033,0.17088607594936708,0.4583333333333333,37,1350,female,18,J40192
zlaig56ve06t7jruk2mr,11,0.2634730538922156,0.17365269461077845,0.5963302752293578,64,59,0,44,167,167,0.25149700598802394,0.9041916167664671,4.418181818181818,y9W5d,0.23952095808383234,0.32934131736526945,0.6706586826347305,0.0,936.5465863453815,1764.8572836917222,0.1927710843373494,0.625,36,89,female,18,J57489
zon2ut7eqwqd7i86etaw,12,0.17177914110429449,0.3006134969325153,0.5555555555555556,53,80,2,28,163,163,0.25153374233128833,0.8466257668711656,3.537037037037037,m3D1v,0.294478527607362,0.3374233128834356,0.6625766871165644,0.0,951.0138888888889,1808.9660452435792,0.20987654320987653,0.72,34,284,female,20,J57489
zoo8a9uj8a0dplifqzdp,14,0.24571428571428572,0.17714285714285713,0.5658914728682171,45,87,0,43,175,175,0.34285714285714286,1.0285714285714285,8.248554913294798,r8S3g,0.21142857142857144,0.3657142857142857,0.6342857142857142,0.0,1060.897796934866,1645.0734602311152,0.20114942528735633,0.6521739130434783,37,1360,female,19,J87654
zprxec1qxs8nqsmc5830,12,0.14736842105263157,0.3526315789473684,0.552,68,93,1,28,190,190,0.30526315789473685,1.1263157894736842,6.7712765957446805,y9W5d,0.26842105263157895,0.2631578947368421,0.7368421052631579,0.0,944.2746913580247,1772.89513836684,0.19576719576719576,0.8518518518518519,36,1080,male,18,J40192
zq3xohaut5o9dbd9064z,12,0.2556818181818182,0.1875,0.6052631578947368,73,58,0,45,176,176,0.17613636363636365,0.6420454545454546,6.457142857142857,m3D1v,0.23295454545454544,0.39204545454545453,0.6079545454545454,0.0,933.8711428571428,2293.96290597413,0.21142857142857144,0.4827586206896552,36,561,male,19,J57489
zuw35j06tzftt6oon4c5,12,0.1783783783783784,0.21621621621621623,0.6052631578947368,66,86,0,33,185,185,0.23783783783783785,0.8162162162162162,15.27027027027027,m3D1v,0.3081081081081081,0.2810810810810811,0.7189189189189189,0.0,884.4455615942029,2066.2949319519926,0.16847826086956522,0.5769230769230769,37,564,female,19,J40192
zyfp520tbnq5p2pvrkin,8,0.12650602409638553,0.2469879518072289,0.6330275229357798,78,66,1,21,166,166,0.3192771084337349,1.1927710843373494,3.9125,m3D1v,0.2710843373493976,0.27710843373493976,0.7228915662650602,0.0,943.3481818181818,1585.0787618646666,0.1696969696969697,0.6363636363636364,37,172,female,18,J23517
zylvq01zq0hxavbvsd2f,14,0.2698412698412698,0.164021164021164,0.594059405940594,74,62,2,51,189,189,0.23809523809523808,0.8465608465608465,7.736559139784946,m3D1v,0.2857142857142857,0.30158730158730157,0.6984126984126984,0.0,767.0061170212765,1693.1495039115919,0.20212765957446807,0.68,38,807,male,21,J23517
