student_ID,Total_Submissions,Average_Score,Unique_Titles_Attempted,Avg_Attempts_Per_Title,Avg_Time_Duration,Overall_First_Pass_Count,Overall_Time_to_Pass_Avg,Learning_Days,Night_Owl_Rate,sex,age,major
0088dc183f73c83f763e,247,0.7935222672064778,38,8.076923076923077,3.75,38,59.318141025641026,21,0.1902834008097166,female,20.0,J40192
00cbf05221bb479e66c3,279,0.6057347670250897,38,10.78494623655914,11.372759856630825,38,31.456028474711268,20,0.2974910394265233,female,19.0,J23517
00df647ee4bf7173642f,531,0.5856873822975518,38,13.293785310734464,19.393474088291747,38,148.15241106926135,22,0.1694915254237288,male,23.0,J57489
0107f72b66cbd1a0926d,139,1.2446043165467626,38,3.0575539568345325,3.449275362318841,38,17.42105315747402,17,0.2517985611510791,female,20.0,J87654
011d454f199c123d44ad,220,0.6363636363636364,38,8.74090909090909,3.423076923076923,38,24.0041148989899,13,0.18636363636363637,male,22.0,J78901
01558eef77a8d39b7103,184,0.9347826086956522,38,6.804347826086956,12.977142857142857,38,65.02303442028985,31,0.2391304347826087,female,18.0,J57489
016226278e6a69e10aa4,314,0.5222929936305732,38,18.171974522292995,3.713375796178344,38,75.20156935598018,33,0.3057324840764331,female,22.0,J78901
01a691413dc5897db83f,601,0.47587354409317806,38,15.760399334442596,6.346869712351946,38,32.53926927343317,18,0.11980033277870217,male,18.0,J57489
01d8aa21ef476b66c573,210,0.9857142857142858,38,8.385714285714286,3.789473684210526,38,13.472239417989417,14,0.09523809523809523,male,18.0,J87654
01qkq6w2v62cimidb3b7,158,0.8037974683544303,35,2.888888888888889,17.206451612903226,25,425.34597578347575,66,0.189873417721519,female,19.0,J57489
02068067a434adb6556a,4,0.0,1,,2.75,0,,1,1.0,female,18.0,J23517
0258f681a9e1756dfc76,575,0.44173913043478263,38,19.321739130434782,10.1508078994614,38,44.997850724637686,36,0.1443478260869565,female,22.0,J78901
03754dce5ec7731fb3e2,270,1.6111111111111112,38,1.8962962962962964,6.514925373134329,38,0.03639609053497943,28,0.3333333333333333,female,20.0,J23517
037a76bc8e6bf5fe1fc0,47,2.4680851063829787,38,1.1702127659574468,3.382978723404255,38,0.0033037825059101657,2,0.10638297872340426,male,18.0,J78901
03aa0b20dd4af1888eef,285,0.8140350877192982,38,9.221052631578948,3.425,38,34.97730019493177,37,0.14385964912280702,male,22.0,J23517
03b463f52c0fff35433b,81,1.6790123456790123,38,2.0123456790123457,10.5375,38,9.40939986282579,13,0.2716049382716049,female,21.0,J57489
03e0c9bff3a9557480d9,158,0.9810126582278481,36,9.183544303797468,3.9177215189873418,36,61.79209915611814,16,0.27848101265822783,male,24.0,J23517
04f2689b4ea16d8d7d9a,743,0.5693135935397039,38,35.56772334293948,8.510094212651413,35,118.32044588536664,38,0.30955585464333785,male,23.0,J78901
0557b1363a5092b5811f,584,0.4726027397260274,38,10.476027397260275,12.492254733218589,38,3.924913432267884,17,0.2808219178082192,female,20.0,J40192
0559e9cf806dab4cc20d,346,0.6416184971098265,38,11.401734104046243,12.529239766081872,38,100.59473827874118,28,0.3208092485549133,male,22.0,J78901
056ab41140f68c15db14,301,1.026578073089701,38,5.647840531561462,25.00343642611684,38,2.3184283868586197,16,0.29900332225913623,male,20.0,J57489
058c03d945c4ae0978a0,105,1.6095238095238096,38,2.638095238095238,3.5142857142857142,38,38.333222222222226,17,0.009523809523809525,female,18.0,J87654
05e1c3ce1728da7e37e0,177,0.4124293785310734,24,13.105590062111801,3.3448275862068964,22,3.9874137336093862,8,0.0,female,20.0,J87654
05e6d9723ab3cde0841d,713,0.3814866760168303,38,21.697054698457222,16.25178826895565,38,46.619236403303724,16,0.2805049088359046,male,24.0,J57489
061db2c91f94c612f2d4,75,2.026666666666667,38,1.72,4.506666666666667,38,0.12355185185185186,12,0.16,male,22.0,J57489
06309f4c8785254f4c13,86,1.3488372093023255,38,3.7209302325581395,3.8255813953488373,38,0.09503552971576226,5,0.5232558139534884,female,24.0,J78901
06aff3e28c5db152f506,169,1.2840236686390532,38,4.029585798816568,4.568047337278107,38,1.2552975016436554,24,0.1952662721893491,male,18.0,J40192
071685b292483b04e836,99,1.4747474747474747,38,4.121212121212121,3.595959595959596,38,80.04422558922559,21,0.30303030303030304,female,19.0,J23517
074d7f43de7264306775,253,0.5098814229249012,38,24.029535864978904,3.286290322580645,35,25.609109235818096,10,0.08300395256916997,male,21.0,J57489
077d5c82c9ee5019220f,175,1.1714285714285715,38,8.628571428571428,4.36,38,9.868704761904763,15,0.2057142857142857,female,20.0,J23517
07e3362d20ff4337671b,136,1.3823529411764706,38,3.963235294117647,4.014705882352941,38,0.48011233660130714,13,0.47794117647058826,female,21.0,J57489
091554ffa26fc9b17c36,96,1.78125,38,2.4375,13.189473684210526,38,56.16596064814814,14,0.17708333333333334,female,21.0,J23517
09400a9b50b6c96c5510,196,1.183673469387755,38,4.688775510204081,24.056410256410256,38,2.49297193877551,19,0.16326530612244897,female,19.0,J78901
098b2c66cbc1ed736e14,154,1.3181818181818181,38,3.207792207792208,3.366013071895425,38,30.08727994227994,16,0.16883116883116883,female,23.0,J78901
0999173c045ee29a0b44,162,1.0185185185185186,38,5.450617283950617,7.408805031446541,38,11.35738511659808,18,0.3888888888888889,female,22.0,J78901
09dfa3f18e48917f0242,382,0.4162303664921466,38,23.895287958115183,3.7263157894736842,38,49.374045229784755,17,0.15706806282722513,male,20.0,J23517
09e4bfadd7e012c37c7c,164,1.1097560975609757,38,2.5060975609756095,13.987577639751553,38,11.348263888888889,13,0.21341463414634146,female,20.0,J57489
0a7f1a73361654329281,144,0.9236111111111112,38,6.229166666666667,19.133802816901408,38,17.96723572530864,18,0.19444444444444445,male,20.0,J23517
0a8736f6520cea837d94,358,0.5446927374301676,38,22.988826815642458,3.7793296089385473,38,540.4790758845437,20,0.3268156424581006,male,24.0,J78901
0b02f701b1179f9f74f9,183,0.8142076502732241,38,9.087431693989071,7.252747252747253,38,7.546425318761385,17,0.20218579234972678,male,22.0,J87654
0b16d35f1f39a063708a,472,0.5233050847457628,38,11.529661016949152,24.99782135076253,38,3.4690071798493407,32,0.2033898305084746,female,22.0,J78901
0b28c0a454678b75eefb,94,2.021276595744681,38,2.1808510638297873,4.180851063829787,38,0.02864952718676123,3,0.26595744680851063,female,21.0,J87654
0b307ee95b41e222f204,205,1.0878048780487806,38,12.209756097560975,14.257425742574258,38,78.63792547425474,20,0.004878048780487805,female,20.0,J78901
0b828e1ae026c57b34dd,100,1.63,38,2.24,24.65,38,1.6622194444444442,21,0.14,male,19.0,J23517
0b8bea274b24847526b7,135,0.8888888888888888,38,21.042735042735043,3.925925925925926,36,0.2578656220322887,7,0.2222222222222222,female,19.0,J23517
0bb8692f43a372e8d967,142,1.1830985915492958,38,5.535211267605634,10.673758865248226,38,33.80735524256651,24,0.21830985915492956,male,24.0,J78901
0c57caf5358d30408034,206,0.7669902912621359,38,7.354368932038835,3.4876847290640396,38,0.23558252427184467,6,0.0,male,20.0,J23517
0c670262b3941d307600,187,0.8074866310160428,38,10.689839572192513,3.7096774193548385,38,63.08585858585858,24,0.0855614973262032,male,22.0,J78901
0c81ca27b7d931b6ff6e,243,0.5967078189300411,38,10.851851851851851,3.485355648535565,38,17.10276634659351,13,0.22633744855967078,female,21.0,J40192
0d260d8fac2289c8ed9e,260,0.7576923076923077,38,8.196153846153846,8.930232558139535,38,62.98438354700854,27,0.12307692307692308,male,24.0,J78901
0d4a3518a188f6888380,63,2.1587301587301586,38,1.5873015873015872,5.26984126984127,38,0.048589065255731916,1,1.0,female,18.0,J23517
0dapvs3h4h3h1ahmt2o8,166,0.9156626506024096,37,2.097902097902098,13.768292682926829,30,207.55169386169388,63,0.18072289156626506,female,20.0,J23517
0df40593e76a840fd64b,487,0.39835728952772076,38,34.18480492813142,3.9233954451345756,38,160.45481177275838,18,0.18480492813141683,female,20.0,J40192
0e062d9fa22dc8e3bca2,140,1.8571428571428572,38,2.107142857142857,4.3,38,0.16767063492063494,23,0.12857142857142856,female,23.0,J57489
0e804947f4cdc2721046,163,1.1042944785276074,38,4.699386503067485,6.914110429447852,38,11.00712338104976,27,0.3067484662576687,female,23.0,J87654
0eb6eec8b4bee8ab6a44,179,0.7932960893854749,38,8.1731843575419,4.335195530726257,38,36.18047951582868,15,0.1005586592178771,male,18.0,J87654
0ef8b2c9e039eaace596,220,1.1681818181818182,38,4.222727272727273,14.279816513761467,38,20.785290404040403,26,0.06818181818181818,male,21.0,J23517
0f160cd19890b97092b9,133,1.300751879699248,38,4.466165413533835,3.75,38,1.534563492063492,16,0.09774436090225563,female,21.0,J40192
0f8bd9e33125347965a1,249,0.5742971887550201,38,22.895582329317268,3.2931726907630523,38,5.182805667112896,8,0.2289156626506024,female,21.0,J40192
0fc996fff93c00ca5ced,704,0.3053977272727273,38,136.2684659090909,3.8238636363636362,38,340.8926128472222,33,0.4659090909090909,male,21.0,J87654
0gfiioqi5g8djhh1wzol,172,0.872093023255814,36,2.5526315789473686,3.687116564417178,29,373.3931432748538,63,0.19186046511627908,female,23.0,J57489
0i1e50rz4mkhee97xvpo,157,0.8407643312101911,37,2.0161290322580645,14.666666666666666,26,244.34864247311828,65,0.22929936305732485,female,21.0,J40192
0lgtv09uoh3ova8sjbze,188,0.7287234042553191,37,2.0738255033557045,6.526595744680851,24,346.7491722595078,74,0.21808510638297873,female,20.0,J40192
0m2kzubx9r60wyrsjj7j,169,0.7514792899408284,37,2.8456375838926173,11.403614457831326,29,373.19140753169273,76,0.14201183431952663,male,24.0,J78901
0m8o7nuv982vnv3328qw,143,1.1048951048951048,38,1.6434782608695653,9.956204379562044,29,135.71021256038648,65,0.1888111888111888,female,20.0,J87654
0maggb1hf886m5u6p2vr,187,0.7807486631016043,38,2.3905325443786984,3.616216216216216,31,184.74776134122288,72,0.22994652406417113,male,21.0,J87654
0qamadarf6xhm9pm2jta,154,0.8506493506493507,36,2.1555555555555554,7.590909090909091,28,195.1409074074074,62,0.22727272727272727,male,24.0,J40192
0sgnvj4zfg3xjjb9fl6h,154,0.8766233766233766,36,1.547008547008547,5.046052631578948,27,100.73060303893638,58,0.24675324675324675,male,18.0,J40192
0txd5enpfmbrth46w74b,152,0.7171052631578947,37,3.0163934426229506,4.573333333333333,23,330.46918488160287,63,0.20394736842105263,male,18.0,J40192
0z4mockl76xn8mhdaehw,183,0.7431693989071039,36,2.456,4.359116022099448,25,406.43743555555557,67,0.17486338797814208,male,18.0,J87654
1096bd470d3ddff1ec1c,236,0.7330508474576272,38,26.088983050847457,3.3728813559322033,38,124.08147716572505,17,0.2754237288135593,male,19.0,J87654
10de703c06bf9d873d68,224,0.8839285714285714,38,9.339285714285714,4.316964285714286,38,171.85318948412697,16,0.22321428571428573,female,19.0,J23517
10qi28ikwz4c4v22b06i,170,1.076470588235294,35,2.475177304964539,11.574850299401197,26,255.1953053585501,65,0.1588235294117647,male,20.0,J78901
10xnkvdetxarrkdhx4i9,155,0.9612903225806452,37,2.3617021276595747,11.69032258064516,30,326.1050197005516,64,0.25161290322580643,female,23.0,J57489
117ee98c7f916c88ddbb,271,0.8782287822878229,38,6.059040590405904,16.509225092250922,38,26.64382636326363,18,0.09225092250922509,male,19.0,J40192
119b36a5797d5ce69625,220,0.8636363636363636,38,8.513636363636364,7.8954545454545455,38,45.15391414141414,27,0.1,male,18.0,J87654
11dae4659d30031a10dd,234,0.8632478632478633,38,7.632478632478633,3.461206896551724,38,11.546323599240267,23,0.042735042735042736,male,18.0,J87654
1202c731c612353ceef0,364,0.5054945054945055,38,14.23076923076923,3.6392961876832843,38,246.16748168498168,22,0.33516483516483514,female,22.0,J23517
1224ceafb61456a033d0,189,0.8412698412698413,38,7.375661375661376,5.608465608465608,38,29.926815108759556,9,0.6666666666666666,female,23.0,J78901
12s3yomv0kltozc1qxc4,184,1.0217391304347827,38,2.0952380952380953,15.846994535519126,32,274.0235615079365,67,0.1956521739130435,female,22.0,J40192
1329b6cf41debecda787,117,1.9743589743589745,38,2.1880341880341883,3.2564102564102564,38,5.904142924976258,29,0.08547008547008547,male,20.0,J78901
132c90d4a027a4477ad0,155,0.7870967741935484,38,8.761290322580646,6.225806451612903,38,28.478492831541217,9,0.04516129032258064,male,23.0,J57489
1367d35cf39783effa7a,74,0.6891891891891891,13,3.608108108108108,3.635135135135135,13,2.501734234234234,5,0.13513513513513514,female,22.0,J40192
139429592a9c23c08b71,133,0.9473684210526315,38,9.323308270676693,3.6466165413533833,38,80.819283625731,10,0.2932330827067669,male,21.0,J87654
1397545fbe9882e5cd42,261,0.9578544061302682,38,5.444444444444445,3.731225296442688,38,1.4190506598552575,21,0.05363984674329502,female,24.0,J23517
13de1d3a55477a0c0329,147,0.891156462585034,38,9.931972789115646,3.5,38,185.61702947845805,11,0.16326530612244897,male,21.0,J78901
13f8b8305f6c25c21921,580,0.4586206896551724,38,26.374137931034483,16.275280898876403,38,8.268797413793104,26,0.24655172413793103,male,18.0,J57489
13nq2h723zixyhir01lf,191,0.8848167539267016,38,3.5857988165680474,16.68586387434555,31,255.63029585798816,64,0.2356020942408377,male,19.0,J57489
148o63s7q5aitfxmmtrg,204,1.1764705882352942,38,1.5055555555555555,11.737623762376238,32,153.56541203703702,71,0.20098039215686275,male,23.0,J78901
151cd83784ab9007e8d8,411,0.6739659367396593,38,22.817518248175183,70.41809290953545,38,35.58924844552582,33,0.0340632603406326,male,18.0,J78901
152a0c17daaaa4e65e14,214,1.1261682242990654,38,4.336448598130841,3.822429906542056,38,26.7872520768432,22,0.16822429906542055,female,22.0,J40192
1552f58e2818ce7fa863,245,0.6653061224489796,38,10.63265306122449,14.077551020408164,38,189.21488548752833,19,0.08571428571428572,female,20.0,J57489
15ab118362ecbbd03b52,145,1.3724137931034484,38,3.206896551724138,3.8620689655172415,38,35.08495019157088,24,0.06896551724137931,male,18.0,J57489
1629f353a742f6a73251,146,1.3013698630136987,38,3.4315068493150687,3.1164383561643834,38,0.2261643835616438,16,0.136986301369863,female,19.0,J57489
166cb02ac436c9d3662f,555,0.2918918918918919,38,65.02390438247012,2.9225225225225224,37,245.54379758742806,9,0.12252252252252252,female,21.0,J87654
16c505069c1e5c2bece5,67,2.1641791044776117,38,1.0895522388059702,28.223880597014926,38,0.0009701492537313433,2,0.16417910447761194,male,20.0,J57489
16d68f70cf5e52d0b34a,243,0.7654320987654321,38,7.5473251028806585,7.723140495867769,38,19.90838477366255,26,0.0411522633744856,male,20.0,J23517
170a695a2717bcd9b74b,327,0.5474006116207951,38,16.3302752293578,4.269113149847095,38,65.18326367652055,24,0.3730886850152905,female,19.0,J57489
17656005bd4086137ab7,195,0.8307692307692308,38,20.487179487179485,3.476923076923077,38,12.291562678062677,21,0.4,female,24.0,J87654
17dda5f588bed077c742,318,1.2044025157232705,38,6.320754716981132,10.371069182389936,38,1.0962395178197066,15,0.3081761006289308,female,18.0,J87654
17e429460d5fda251953,478,0.45188284518828453,38,14.95397489539749,3.606315789473684,38,56.6880660158066,20,0.08158995815899582,male,21.0,J23517
17f2d0e73044110cdea5,162,1.0246913580246915,38,6.666666666666667,6.654320987654321,38,27.778271604938272,11,0.20987654320987653,female,18.0,J87654
18654732ca312afc173f,288,1.21875,38,5.364583333333333,4.390845070422535,38,12.196871141975308,25,0.3368055555555556,male,21.0,J87654
1883af270e36a7580332,172,0.8604651162790697,38,5.3313953488372094,6.288235294117647,38,59.07657622739018,14,0.20348837209302326,female,21.0,J78901
18cdd44af62c6935e7a0,279,1.1218637992831542,38,5.903225806451613,3.7562724014336917,38,2.9610792512943047,20,0.08960573476702509,female,19.0,J78901
1974349ec27d7d67bf08,291,0.7525773195876289,38,10.237113402061855,6.836956521739131,38,31.10250286368843,26,0.31958762886597936,female,23.0,J23517
19793e7e55b68c8dd776,134,1.171641791044776,38,5.048,5.360902255639098,36,134.76683111111112,15,0.43283582089552236,female,22.0,J87654
19buea1jycypffshcw38,166,0.8855421686746988,36,2.4676258992805757,14.621951219512194,27,511.9195863309352,64,0.1927710843373494,female,20.0,J57489
19fb3075dd2798538c9d,96,1.40625,38,4.0625,4.709677419354839,38,15.296747685185187,17,0.2708333333333333,female,22.0,J87654
19rc4zj7sw4ms0996992,172,0.8546511627906976,36,4.045751633986928,3.8128654970760234,30,171.6919008714597,60,0.3081395348837209,male,18.0,J87654
1afepx549ssnar1m9acp,175,0.5942857142857143,36,3.013793103448276,9.086705202312139,28,430.8453390804598,70,0.2057142857142857,male,19.0,J23517
1b0baf552d2cd47ee10b,70,1.7142857142857142,38,3.2,4.385714285714286,38,0.07733730158730158,4,0.15714285714285714,female,19.0,J40192
1b25734414fcc7466153,348,0.6752873563218391,38,11.614942528735632,3.8034682080924855,38,95.14254469987229,38,0.1839080459770115,male,18.0,J57489
1b36a3223f9dd94a211f,239,0.9581589958158996,38,5.698744769874477,19.30672268907563,38,11.137756857275686,33,0.11297071129707113,female,22.0,J87654
1bd9bb053a3ac1bba507,103,1.766990291262136,38,4.135922330097087,3.712871287128713,38,0.0862891046386192,9,0.1650485436893204,male,23.0,J78901
1c2aef3af32f6323a31d,155,1.2193548387096773,38,11.845161290322581,3.270967741935484,38,15.078433691756272,11,0.07741935483870968,male,19.0,J87654
1ca19e51244cdd3f09ff,108,1.5648148148148149,38,2.5462962962962963,16.314814814814813,38,7.147860082304527,21,0.26851851851851855,female,24.0,J87654
1cfe33c5b178a0c2367f,128,1.1796875,38,4.296875,14.523809523809524,38,14.403832465277777,11,0.28125,male,23.0,J78901
1d50eac067378042684b,288,0.6875,38,9.39236111111111,4.1573426573426575,38,113.62489969135802,12,0.16666666666666666,male,21.0,J23517
1d7229e0f5f825007870,127,1.1653543307086613,38,5.31496062992126,13.070866141732283,38,76.9814391951006,19,0.4015748031496063,female,24.0,J40192
1e25b47eaef62694a236,163,1.0429447852760736,38,11.368098159509202,2.8588957055214723,38,0.13777266530334015,5,0.27607361963190186,male,19.0,J78901
1eekhswi2ckx4uw0j1c9,172,0.8837209302325582,38,2.264516129032258,9.125,31,389.8577508960574,60,0.1511627906976744,male,22.0,J40192
1f4oscu6io8xlog2157e,156,0.9807692307692307,35,3.3214285714285716,11.90967741935484,29,606.9376944444444,64,0.1346153846153846,female,20.0,J87654
1f56b6bda24efafcf3a4,259,1.0115830115830116,38,5.903474903474904,7.066147859922179,38,0.7907839982839983,16,0.0,female,22.0,J57489
1f67cb2e7affbb00b6c8,409,0.6748166259168704,38,10.93398533007335,10.960591133004925,38,32.173581227927194,19,0.28361858190709044,male,22.0,J40192
1fa4f2361b8a03040292,226,0.7876106194690266,38,11.026548672566372,5.009174311926605,38,29.710303588987216,31,0.18584070796460178,male,22.0,J87654
1fc5b87acdfc2a8b580c,146,1.2054794520547945,38,5.006849315068493,4.136986301369863,38,58.387383942161335,15,0.3767123287671233,female,18.0,J78901
1feef8b4129f5bf21e67,150,1.4333333333333333,38,3.6533333333333333,29.053691275167786,38,0.9376055555555557,24,0.02666666666666667,male,22.0,J23517
1hrtipd0awjpggdje5e2,181,0.8121546961325967,34,2.4714285714285715,3.798882681564246,26,482.9036369047619,68,0.20994475138121546,female,20.0,J87654
1hues7esy9erdsses6m0,180,0.6611111111111111,37,2.3013698630136985,17.471264367816094,27,217.1828786149163,64,0.18333333333333332,male,23.0,J40192
1kvfwfp2hr5hjxjxzjqd,168,0.9166666666666666,37,1.6666666666666667,3.8452380952380953,33,77.30290486564996,61,0.23214285714285715,female,20.0,J40192
1mp9yiw6rkrr3846047g,152,0.8486842105263158,35,2.25,3.847682119205298,26,219.99230324074077,59,0.26973684210526316,male,21.0,J23517
1n42senfkcjopw1zh39l,155,0.5806451612903226,37,2.630630630630631,12.380645161290323,24,317.50047297297294,64,0.2129032258064516,female,18.0,J78901
1nebcwra7a0fduy8c1fa,177,0.6610169491525424,37,2.330769230769231,4.097142857142857,26,257.4044935897436,59,0.23728813559322035,male,24.0,J23517
1nyzl7s790ta4c8r1l9g,167,1.029940119760479,36,1.6312056737588652,15.766467065868264,25,152.63881993695824,64,0.17365269461077845,male,18.0,J40192
1otvyki9oso9bg6ob16u,181,0.7734806629834254,37,4.422077922077922,4.51685393258427,27,548.2242135642135,64,0.2265193370165746,male,24.0,J23517
1t6e0wa99fijxi3ssnzk,151,1.2980132450331126,34,1.7222222222222223,17.68,28,162.77783950617282,66,0.19205298013245034,female,24.0,J23517
1vb2vsoy23nr0monflhx,161,0.8757763975155279,36,1.8082191780821917,14.577639751552795,30,260.6759779299848,64,0.18012422360248448,female,21.0,J40192
2007f4965d2aa6064a25,200,1.18,38,4.405,11.725,38,2.0112083333333333,31,0.13,female,20.0,J57489
204a7d6db340a3c18ca7,63,2.0793650793650795,38,1.5396825396825398,4.111111111111111,38,0.024603174603174603,11,0.8412698412698413,female,19.0,J78901
204fdbe885269686a392,177,0.8983050847457628,38,7.022598870056497,5.15819209039548,38,0.08495291902071564,9,0.0,female,19.0,J57489
20f97b68982d1b2f5c73,342,0.4415204678362573,38,33.39766081871345,3.3625730994152048,38,239.70735055230668,13,0.0,male,23.0,J78901
211ed39c57c6e6cdefbf,192,0.7552083333333334,38,14.802083333333334,3.4074074074074074,38,88.79210792824074,18,0.34375,female,24.0,J78901
2150588a5903d9a77b79,236,0.9364406779661016,38,8.169491525423728,30.266949152542374,38,76.45846516007533,20,0.19915254237288135,male,21.0,J40192
217c87d59a4372c4f3fc,265,0.660377358490566,38,12.015094339622642,3.660377358490566,38,161.73093396226415,7,0.06037735849056604,female,19.0,J87654
219jkfkejubvu4dvuv13,187,0.8877005347593583,37,1.7741935483870968,14.711229946524064,29,215.92319175627242,69,0.1925133689839572,male,23.0,J57489
21e23771e52cb5291b19,459,0.4531590413943355,38,17.320261437908496,7.96943231441048,38,104.66644880174292,35,0.3442265795206972,male,19.0,J87654
21fc5674d24be8e9da89,60,1.9833333333333334,38,1.8,3.316666666666667,38,45.490324074074074,5,0.45,male,23.0,J40192
222d5ee50487a2b8601b,174,1.0804597701149425,38,5.885057471264368,3.491228070175439,38,45.13531449553002,14,0.1896551724137931,male,24.0,J78901
22ae866c664a147f9971,112,1.4642857142857142,38,1.7589285714285714,4.261261261261262,38,28.538876488095237,15,0.09821428571428571,female,23.0,J78901
22fey6dqzcrm0jbtfnmm,182,1.1373626373626373,37,1.3988095238095237,4.430939226519337,31,127.84004133597884,57,0.17032967032967034,female,18.0,J78901
22wb5ostye8edvfar59p,184,0.875,37,1.8581560283687943,11.907103825136613,24,323.6713928289992,65,0.2391304347826087,female,24.0,J23517
23dd64a1d2e4965198bf,117,1.0341880341880343,38,15.692307692307692,5.632478632478633,38,3.210607787274454,1,0.008547008547008548,male,23.0,J40192
23f1f5d3d90e2890a423,289,0.9134948096885813,38,7.705882352941177,9.746527777777779,38,1.7362716262975777,19,0.08996539792387544,female,24.0,J40192
24524df0ca55659c384e,252,0.8452380952380952,38,26.297619047619047,6.944444444444445,38,56.50696208112875,30,0.1746031746031746,male,20.0,J40192
24ca7714d40e2fe53821,204,0.8529411764705882,37,8.165829145728644,4.259803921568627,36,46.73281267448353,11,0.0392156862745098,male,20.0,J87654
25019b8f1c3ac537894b,150,1.1866666666666668,38,6.553333333333334,4.755102040816326,38,25.228924074074076,18,0.19333333333333333,male,19.0,J78901
25c8e1ae2335e8c3e5b3,394,0.4467005076142132,38,14.403553299492385,35.065963060686016,38,19.933338268471516,21,0.2639593908629442,male,23.0,J23517
264320c6b92b92795ba0,252,0.6547619047619048,38,11.857142857142858,4.100401606425703,38,40.881149691358026,28,0.11507936507936507,female,22.0,J57489
27cc9165eef05eb1733f,113,1.2831858407079646,38,3.2831858407079646,7.283185840707965,38,0.14632005899705017,6,0.0,female,18.0,J87654
2826ec26211d83efd2c6,197,0.8426395939086294,38,7.913705583756345,3.5968586387434556,38,7.787453468697123,28,0.10152284263959391,male,19.0,J23517
2842c82981077b78b3cd,549,0.4681238615664845,38,17.863387978142075,5.146840148698884,38,96.93482695810565,25,0.0018214936247723133,male,24.0,J57489
28719a42e0cbf4991b7f,189,0.9788359788359788,38,5.301587301587301,3.582010582010582,38,13.686778365667255,18,0.25396825396825395,female,19.0,J57489
28bc8af257c48eac3bf1,119,1.0924369747899159,38,6.378151260504202,3.8403361344537816,38,13.652661064425772,15,0.16806722689075632,female,21.0,J87654
28d90a892cc66338f962,221,0.8642533936651584,38,8.199095022624434,10.339366515837105,38,12.19086224233283,14,0.31221719457013575,male,18.0,J23517
28tmrs0kyrrh1odyvf21,190,0.8157894736842105,37,3.6666666666666665,6.402116402116402,27,332.0343945868946,61,0.29473684210526313,male,21.0,J57489
29172d2e39ca0d890848,112,1.6607142857142858,38,2.169642857142857,5.348214285714286,38,13.875248015873016,22,0.044642857142857144,female,23.0,J78901
2933a3227c7ce7fe21eb,104,1.0961538461538463,35,4.291666666666667,4.903846153846154,33,6.351617476851852,15,0.17307692307692307,male,20.0,J40192
2959d8017312337a2ba6,470,0.6851063829787234,38,17.43404255319149,32.05309734513274,38,56.659817375886526,29,0.29148936170212764,male,21.0,J87654
29acddb87cfe062d73f5,212,0.6650943396226415,38,8.10377358490566,11.804761904761905,38,59.018265199161426,17,0.17452830188679244,female,21.0,J23517
2a003b122e9500e465c4,185,0.9081081081081082,38,8.94054054054054,21.82702702702703,38,18.465354354354353,22,0.10810810810810811,male,19.0,J87654
2a515047aa9d085849a2,337,1.0385756676557865,38,6.326409495548962,14.519402985074628,38,33.01256511704583,31,0.29673590504451036,male,21.0,J40192
2a6394114c31a10dc92b,455,0.9142857142857143,38,8.351648351648352,3.734065934065934,38,126.01576678876678,30,0.43956043956043955,female,21.0,J40192
2a6ap0t2rsvoogmydj3a,165,0.7212121212121212,37,2.6578947368421053,8.664634146341463,23,334.4983820662768,65,0.23030303030303031,female,23.0,J78901
2af634997fba501740c2,235,0.8553191489361702,38,22.2468085106383,3.8085106382978724,38,24.529377068557924,22,0.4978723404255319,female,21.0,J78901
2b3492096a4d12bb86cd,167,0.7005988023952096,21,6.524390243902439,5.108433734939759,20,36.24988651761518,25,0.1377245508982036,male,23.0,J57489
2b54ed4af8281eb82f58,235,0.8,38,7.578723404255319,16.025641025641026,38,67.68603427895981,11,0.11063829787234042,female,21.0,J57489
2b935bfe06ef02369807,112,1.0892857142857142,38,7.839285714285714,3.675925925925926,38,30.289154265873012,9,0.044642857142857144,female,18.0,J23517
2b9ef4e3749f713870b0,208,0.6153846153846154,38,16.78680203045685,3.072463768115942,37,193.07201071630007,10,0.40865384615384615,male,19.0,J57489
2c27d4de6ae130e7e242,594,0.7693602693602694,38,14.861952861952862,12.296875,38,26.060313318368873,29,0.16666666666666666,female,18.0,J40192
2c3b89432513b2035664,95,1.431578947368421,38,2.957894736842105,3.8105263157894735,38,0.08061695906432749,7,0.18947368421052632,female,20.0,J87654
2c6339f7c23a64d02081,132,1.0984848484848484,38,3.3333333333333335,7.325396825396825,38,70.95950126262626,15,0.25,female,20.0,J87654
2c7d02c44b47e3d24d52,98,1.3877551020408163,38,5.408163265306122,4.663265306122449,38,195.04793934240365,7,0.21428571428571427,female,18.0,J57489
2ccfa5f79c8b61e465d4,377,0.8859416445623343,38,9.827586206896552,3.4111405835543764,38,4.443941202475685,24,0.20954907161803712,female,21.0,J57489
2d526c27123e59103e29,539,0.7736549165120594,38,12.866419294990724,4.249063670411985,38,9.905798804370233,29,0.14656771799628943,female,20.0,J57489
2d9a38c93e37bc475cb6,180,0.9666666666666667,38,5.5,7.93854748603352,38,3.5613688271604933,13,0.2222222222222222,male,24.0,J23517
2db6dd71f1d07300382c,97,1.3195876288659794,38,5.391752577319588,5.546391752577319,38,53.78414089347079,16,0.061855670103092786,female,22.0,J23517
2ddkknvpbz2j9wlvybtj,163,1.0552147239263803,38,1.7,13.975,33,169.2512240740741,67,0.1901840490797546,male,20.0,J78901
2e2c00240c341a4265e3,162,1.3024691358024691,38,5.055555555555555,3.525,38,0.11745884773662552,30,0.06790123456790123,female,18.0,J23517
2e3e7cbe0e69add8d31a,70,1.6285714285714286,35,3.1449275362318843,4.485714285714286,34,0.049239130434782605,8,0.014285714285714285,male,19.0,J57489
2e40c1b07d32d3b80862,264,0.5303030303030303,38,11.378787878787879,4.106870229007634,38,447.8997148569024,19,0.125,female,24.0,J57489
2e54b1c7bff5847c82a8,554,1.1046931407942238,38,7.584837545126354,30.54014598540146,38,1.447112414761332,17,0.26895306859205775,male,20.0,J78901
2ea821273e01ec758583,224,0.6428571428571429,38,16.785714285714285,6.200892857142857,38,253.89079365079365,21,0.34375,female,22.0,J40192
2ecb7fb5ff8899614c12,286,0.5804195804195804,38,38.05944055944056,3.0035087719298246,38,54.85322261072261,12,0.12937062937062938,male,19.0,J40192
2egpenarap9h0a2k0bc5,169,0.8757396449704142,36,3.0,11.301775147928995,29,386.05160963944076,57,0.28402366863905326,male,21.0,J40192
2f3c37735e817244e646,124,1.153225806451613,38,4.92741935483871,3.806451612903226,38,45.35475582437276,16,0.11290322580645161,male,18.0,J87654
2f3ef424b925a9881b81,156,0.9166666666666666,38,8.64102564102564,3.5584415584415585,38,29.732813390313392,24,0.5256410256410257,male,21.0,J40192
2fe9648ea28753c73c2c,312,0.7532051282051282,38,14.298076923076923,20.99346405228758,38,94.36052083333334,24,0.14423076923076922,male,18.0,J57489
2h9c9tdsnoz1hyzo5frt,178,0.9943820224719101,38,1.8979591836734695,13.943181818181818,32,99.05784202569917,63,0.2247191011235955,male,19.0,J87654
2jvnsh0veb6qnn3uv6i8,182,1.043956043956044,36,2.3163841807909606,3.6373626373626373,32,99.32062617702448,65,0.15384615384615385,female,22.0,J23517
2krjeqjgjqfuumdo3ibt,166,0.8132530120481928,36,2.806201550387597,6.719512195121951,25,450.1113652024117,65,0.23493975903614459,female,20.0,J78901
2svwdpmdpjsdzafekntw,141,0.8297872340425532,34,1.8053097345132743,4.00709219858156,25,301.9168338249754,62,0.28368794326241137,male,23.0,J78901
2ui63dibc4r8oo0p9agh,180,0.8444444444444444,35,2.258992805755396,6.662921348314606,27,342.1420903277378,60,0.18888888888888888,male,22.0,J87654
2uxkhe454qk8jvk0ufvp,158,1.1582278481012658,37,3.0733333333333333,3.8766233766233764,32,252.42200185185186,64,0.15822784810126583,female,19.0,J78901
2xk6toebmkxdw8f2bypd,85,1.6705882352941177,38,4.317647058823529,4.035294117647059,38,18.3706862745098,6,0.2823529411764706,female,22.0,J23517
2xsbkm76x36qvddrl2yo,159,1.10062893081761,36,1.903448275862069,12.044585987261147,31,221.70810344827586,65,0.1320754716981132,female,20.0,J23517
2zfdinkl7qrn0o62tlp4,171,1.105263157894737,34,3.5548780487804876,3.642857142857143,30,205.89893123306234,64,0.1286549707602339,male,24.0,J57489
301f57984e5d2969c938,187,0.8663101604278075,38,8.716577540106952,11.431693989071038,38,10.602338086749851,18,0.40106951871657753,female,23.0,J23517
306627b1ecbdf4e3aa34,201,0.8855721393034826,38,9.074626865671641,10.93,38,39.58830845771144,22,0.208955223880597,male,23.0,J78901
3094825929f936abb792,246,1.1219512195121952,38,10.91869918699187,7.878048780487805,38,3.1812861336946705,17,0.13008130081300814,male,22.0,J40192
311abc37a94ae8afe41a,189,1.253968253968254,38,4.957671957671957,21.819148936170212,38,66.80575984714874,22,0.10582010582010581,male,24.0,J23517
31741464205aa8cdb4f5,178,1.252808988764045,38,3.8876404494382024,5.573863636363637,38,19.562776217228464,25,0.19662921348314608,male,20.0,J40192
3267b84814316e2fa25e,190,1.0421052631578946,38,4.71578947368421,4.159574468085107,38,15.360163742690059,22,0.2578947368421053,female,24.0,J23517
329622100fe091a4c48c,512,0.623046875,38,15.423828125,23.209072978303748,38,178.2667892795139,38,0.24609375,female,23.0,J78901
32n93dfesjggabieb85t,175,1.0742857142857143,36,2.9879518072289155,8.491228070175438,32,212.6463420348059,75,0.26857142857142857,male,18.0,J40192
3313c40ea45a87f9d2e7,129,1.4883720930232558,38,2.945736434108527,11.4031007751938,38,7.88592377260982,15,0.13953488372093023,female,18.0,J40192
33184c1cba6a37cdbda2,471,0.42250530785562634,38,33.503184713375795,4.772532188841201,38,51.62803196508611,10,0.0,male,23.0,J78901
33b73273ab8e1a11fcda,98,1.2857142857142858,38,5.928571428571429,5.1938775510204085,38,0.21212868480725622,9,0.14285714285714285,female,23.0,J57489
33c123d08dc07edb50f9,80,1.6125,38,3.575,13.5,38,157.31740625,10,0.0375,male,19.0,J78901
33ddb1517601db520cd6,173,1.1098265895953756,38,13.53757225433526,3.8106508875739644,38,1.9768657675016055,19,0.2658959537572254,male,19.0,J87654
34aaaa47df8c4aa4d926,310,0.5,38,26.629032258064516,5.332258064516129,38,163.51821953405016,29,0.2032258064516129,male,19.0,J40192
34qcy2qj5lij7g82hpvw,168,0.6785714285714286,38,2.8380281690140845,23.419161676646706,27,258.66817683881067,71,0.17261904761904762,female,24.0,J87654
3531c5f9d520759ba697,274,0.9635036496350365,38,15.321167883211679,15.843065693430656,38,15.945790754257906,16,0.6751824817518248,male,21.0,J57489
3555053023c67d592439,121,1.140495867768595,38,6.008264462809917,4.297520661157025,38,8.857089072543618,21,0.1652892561983471,male,23.0,J78901
3565d61f3efec69e611c,89,1.449438202247191,38,4.033707865168539,3.6853932584269664,38,17.79316479400749,12,0.23595505617977527,male,24.0,J57489
359f25d9131a0699405b,177,0.7796610169491526,38,7.367231638418079,4.254237288135593,38,211.36881826741995,18,0.14689265536723164,female,18.0,J78901
35e028ec34bfdb7a6d26,188,0.9627659574468085,38,12.75531914893617,23.99468085106383,38,57.10864952718676,19,0.17553191489361702,female,18.0,J87654
35wcdp4s13xmtyq5f7os,171,1.0175438596491229,36,1.5364238410596027,8.782352941176471,31,124.07497976453274,70,0.18128654970760233,male,19.0,J23517
360820d6620d17d1b48b,341,1.002932551319648,38,6.9853372434017595,4.234756097560975,38,20.002392473118277,37,0.1436950146627566,female,21.0,J87654
3672e2896ad7d8f2404e,126,1.119047619047619,38,7.873015873015873,2.880952380952381,38,68.7194708994709,5,0.1349206349206349,female,21.0,J78901
367c27a001837dabb2e9,162,0.7407407407407407,38,14.397350993377483,4.592592592592593,37,458.7906144223694,14,0.08024691358024691,female,19.0,J57489
36ebf305b7206112f676,209,1.6267942583732058,38,2.110047846889952,5.375,38,0.3177551834130781,8,0.2679425837320574,female,19.0,J57489
374ff25490a1f0aba47f,229,1.331877729257642,38,3.1004366812227073,22.611353711790393,38,0.4707447840853954,21,0.07423580786026202,male,20.0,J23517
37905cfdcd105683aaf4,163,1.0736196319018405,38,6.871165644171779,3.878980891719745,38,54.327660190865714,19,0.0,male,20.0,J57489
37ae91c472189108a737,105,1.2857142857142858,38,7.419047619047619,3.295238095238095,38,16.647457671957675,12,0.26666666666666666,female,20.0,J87654
37f3b3d773c5c073bc9a,125,1.328,38,3.08,5.536,38,0.6637733333333333,24,0.056,male,20.0,J23517
38357be0ab369a9ae942,152,1.1842105263157894,38,7.125,9.333333333333334,38,31.476617324561403,20,0.32894736842105265,male,19.0,J40192
388090578f22a3c33738,110,1.4636363636363636,38,2.8363636363636364,7.663636363636364,38,3.2312171717171716,16,0.08181818181818182,female,18.0,J23517
390d1fc3b78420815190,264,0.8636363636363636,38,8.806818181818182,9.465909090909092,38,22.24168665824916,20,0.4128787878787879,male,22.0,J40192
3919286d3d8c4f4d339c,247,0.757085020242915,38,14.882591093117409,3.8612244897959185,38,255.0591576698156,37,0.10121457489878542,female,18.0,J40192
3a9d955e2ef47191a742,235,1.1531914893617021,38,5.957446808510638,9.235042735042734,38,72.53854609929078,16,0.251063829787234,female,21.0,J23517
3ab864e1e692786fefd2,166,0.7530120481927711,38,13.44578313253012,4.108433734939759,38,56.97480589022758,14,0.06626506024096386,female,24.0,J23517
3ac65fbc295f5fbd2ff7,126,0.9365079365079365,38,7.158730158730159,3.007936507936508,38,0.9408575837742504,1,0.0,female,19.0,J78901
3b3b2319b0995f149ecc,307,0.7231270358306189,38,9.68729641693811,14.32899022801303,38,56.0174891422367,10,0.23452768729641693,male,21.0,J78901
3b6f3bb370f3107e257d,58,2.0,38,2.310344827586207,3.8275862068965516,38,122.04812739463601,6,0.3620689655172414,female,24.0,J87654
3ba42ec5350aacb0750a,473,0.7293868921775899,38,10.16490486257928,4.010615711252654,38,27.597734319943626,18,0.03805496828752643,male,22.0,J40192
3bf7b3c9aa7d93ecb603,310,0.896774193548387,38,8.187096774193549,7.214285714285714,38,1.6441648745519712,14,0.11290322580645161,male,23.0,J40192
3c1b9222136b752563f6,79,1.6582278481012658,38,2.7468354430379747,5.397435897435898,38,103.89975738396625,8,0.012658227848101266,female,19.0,J57489
3c37e3ad275dcdd39e2c,240,0.7875,38,8.008333333333333,8.20253164556962,38,22.170390046296294,15,0.058333333333333334,male,23.0,J23517
3c71b62d597098c4cd18,119,1.2857142857142858,38,3.53781512605042,5.65546218487395,38,1.5757492997198879,16,0.21008403361344538,male,19.0,J57489
3c89c7f1db26ae691db8,419,0.6229116945107399,38,14.644391408114558,3.714987714987715,38,101.2221764783877,30,0.1909307875894988,male,21.0,J40192
3cic5ziycjx4ik4ll0v1,182,1.1483516483516483,36,1.9447852760736197,3.893258426966292,29,100.9143950238582,65,0.09340659340659341,female,20.0,J40192
3d63ba961a5f3a60616a,144,1.0486111111111112,38,19.305555555555557,4.363636363636363,38,17.840497685185184,15,0.0625,male,23.0,J78901
3dba043eb6065ad3a343,65,0.18461538461538463,8,38.292307692307695,3.7384615384615385,8,17.347025641025642,5,0.12307692307692308,male,19.0,J23517
3dglsy7ee3ytfq1lpwlv,198,0.8383838383838383,37,2.9562841530054644,12.153061224489797,32,392.0091575591985,73,0.22727272727272727,female,20.0,J87654
3e4e608ace87fe97bdb5,188,1.0,38,16.79787234042553,40.505434782608695,38,25.11074172576832,18,0.010638297872340425,female,21.0,J23517
3f34e3108d1108dab0fd,93,2.021505376344086,38,1.3548387096774193,4.956989247311828,38,6.966370967741936,17,0.20430107526881722,male,18.0,J78901
3f55d44d7572d52b2987,113,1.6017699115044248,38,2.1327433628318584,4.185840707964601,38,22.51047197640118,23,0.13274336283185842,female,23.0,J40192
3f81bf9625e47ca1963f,157,0.9617834394904459,38,7.547770700636943,3.6601307189542482,38,8.274821302193914,15,0.17197452229299362,male,22.0,J57489
3fee5c27236cbb682727,126,0.9682539682539683,38,10.365079365079366,2.761904761904762,38,24.97638447971781,7,0.023809523809523808,male,20.0,J78901
3ff069e95a9047dbfa8b,306,0.9509803921568627,38,18.705882352941178,3.4411764705882355,38,16.090047204066813,23,0.2777777777777778,male,24.0,J40192
3iz4t53ooerb6sruxf3n,157,1.0573248407643312,34,1.5486111111111112,3.6233766233766236,29,95.50513117283951,65,0.20382165605095542,female,20.0,J78901
3lbe8ny12qw7qwcyihpn,145,1.0,36,2.2,9.82638888888889,30,224.97324666666668,66,0.2689655172413793,male,19.0,J78901
3m4gx52iq3mwqdycm8mm,194,1.0721649484536082,36,2.864130434782609,3.9375,34,173.32404740338166,69,0.15979381443298968,female,23.0,J40192
3p34idi1traz2k8j0ulk,178,0.8651685393258427,38,2.2848484848484847,4.0397727272727275,32,228.91695286195286,65,0.12921348314606743,female,20.0,J23517
3qvqfnzdg358mord1cku,151,1.0794701986754967,38,1.837037037037037,4.141891891891892,31,134.2069938271605,62,0.1390728476821192,male,22.0,J78901
3w0b2b1gz9i1nhmtab7s,161,0.9006211180124224,37,2.421768707482993,11.941935483870967,30,172.99016061980348,53,0.18633540372670807,male,22.0,J40192
3ywgcurp27qp1fydp27z,183,0.9726775956284153,36,1.8291139240506329,3.879120879120879,29,140.8350123066104,65,0.2677595628415301,female,20.0,J23517
40eb36011ced9a882ea9,282,1.7872340425531914,38,3.6914893617021276,26.00709219858156,38,64.3594464144996,28,0.2765957446808511,male,18.0,J40192
40rkj6cwy12hdupgq4w2,170,1.0529411764705883,37,1.713375796178344,15.724550898203592,32,313.032508846426,67,0.1411764705882353,female,23.0,J23517
41126caf1874c098d357,152,1.1578947368421053,38,5.171052631578948,4.6644736842105265,38,37.34022478070175,16,0.013157894736842105,male,23.0,J78901
4130weedl0x9hc7qe5a4,182,0.6978021978021978,37,2.585714285714286,11.455555555555556,26,212.97723412698411,67,0.15384615384615385,male,20.0,J40192
413cbf664ac3ba8307ea,288,1.0451388888888888,38,7.256944444444445,23.98936170212766,38,4.665479359567901,25,0.16319444444444445,male,22.0,J40192
4156dc6090d72c95c23b,110,1.1181818181818182,38,9.545454545454545,4.818181818181818,38,13.118573232323232,6,0.0,female,23.0,J23517
418f4730434eaced55a2,78,1.7307692307692308,38,2.4358974358974357,4.846153846153846,38,0.21688746438746437,15,0.3076923076923077,female,22.0,J78901
41abb1b9df74d29b7732,114,1.1491228070175439,38,6.701754385964913,4.394736842105263,38,3.881388888888889,7,0.0,male,21.0,J87654
41e9ff991a4a21f423a8,192,1.3489583333333333,38,5.265625,4.621052631578947,38,15.760703125,28,0.03125,female,19.0,J23517
41f718ae2aed1d6c2573,134,1.0149253731343284,38,5.34375,3.3507462686567164,37,0.13978298611111112,20,0.13432835820895522,male,20.0,J57489
424de2c5e2c1f5652cdc,252,0.7896825396825397,38,21.186507936507937,7.23015873015873,38,155.8872343474427,29,0.20238095238095238,female,18.0,J40192
42dd5f9cd9e2c3ac9ed7,193,0.6787564766839378,38,9.336787564766839,4.932642487046632,38,175.30127230857804,16,0.21243523316062177,male,18.0,J78901
42e83553ca9d77ab4aee,188,1.2234042553191489,38,2.5691489361702127,3.8882978723404253,38,46.616619385342794,18,0.19680851063829788,female,24.0,J23517
430420fb41fe0a889868,300,1.2133333333333334,38,3.816666666666667,3.3780068728522337,38,55.479332407407405,18,0.18,female,23.0,J23517
432fd26823e230070734,358,0.6787709497206704,38,12.022346368715084,3.7752808988764044,38,57.51476567349473,20,0.2569832402234637,male,20.0,J57489
4388d48ebff4cf866ecd,112,0.9196428571428571,36,5.570093457943925,8.098214285714286,32,166.81333073727933,13,0.0,male,24.0,J57489
43d34a076620e32fedfa,269,0.7955390334572491,38,8.386617100371748,7.929411764705883,38,2.6999266831887647,19,0.08178438661710037,male,18.0,J78901
43d98a750c726bb39d11,164,1.329268292682927,38,3.8292682926829267,9.390243902439025,38,7.325433604336043,18,0.036585365853658534,male,21.0,J40192
43vri1lqbgiiwbkaskqd,160,0.96875,37,3.3461538461538463,9.05625,34,698.9809188034188,66,0.225,female,20.0,J87654
446d2ad0ca2908ffa4f9,72,1.7361111111111112,38,2.75,4.25,38,43.50020833333333,8,0.19444444444444445,female,18.0,J87654
4474f24ef69e01e2c001,86,0.4186046511627907,14,8.49367088607595,3.3488372093023258,13,1.234708157524613,8,0.046511627906976744,male,22.0,J87654
4478eae73fb84cedb102,322,0.5372670807453416,38,11.167701863354038,10.365771812080537,38,79.72901570048309,23,0.2111801242236025,male,18.0,J78901
44c7cf3881ae07f7fb3e,180,0.8944444444444445,38,8.822222222222223,19.92222222222222,38,3.2017808641975307,10,0.044444444444444446,female,24.0,J23517
44c7cf3881ae07f7fb3eD,1,1.0,1,1.0,6.0,1,0.0,1,1.0,,,
44x159fl0pw2uucriuga,174,1.1091954022988506,38,2.9444444444444446,3.9069767441860463,34,342.3894067215364,65,0.16666666666666666,male,18.0,J78901
451b0095938a3c54efc4,167,0.9880239520958084,38,24.832335329341316,15.120481927710843,38,0.3697155688622754,11,0.017964071856287425,male,24.0,J78901
453d43b3f6bdf467e672,309,1.3786407766990292,38,6.889967637540453,3.8990228013029316,38,3.594971233369291,35,0.11650485436893204,female,20.0,J40192
454c91e8f96c1dc4e994,344,0.6715116279069767,38,17.058139534883722,4.618768328445748,38,39.50247819767442,21,0.21511627906976744,male,21.0,J78901
45b6cc87a7e957f83027,175,1.782857142857143,38,2.76,19.685714285714287,38,15.068439682539683,14,0.2,female,21.0,J57489
460fa4961434cf281423,195,1.0564102564102564,38,4.861538461538461,5.248648648648649,38,17.334425925925927,31,0.2,female,21.0,J23517
46a60ed041c8ebf98061,97,1.3814432989690721,38,4.237113402061856,6.515463917525773,38,0.39880870561282933,11,0.010309278350515464,female,23.0,J23517
46a7a18ca160c829a15f,354,0.6384180790960452,38,16.231638418079097,3.545722713864307,38,11.501253923414941,25,0.2457627118644068,female,20.0,J40192
46e2d5243b6eef040f97,127,1.4015748031496063,38,3.456692913385827,5.393700787401575,38,4.2669728783902015,21,0.23622047244094488,female,20.0,J78901
4738a118c8b8fa271fd6,155,1.064516129032258,38,5.025806451612903,3.810457516339869,38,57.606360215053755,18,0.4258064516129032,male,21.0,J57489
47b08a7751ab609be9e5,118,1.0423728813559323,38,6.254237288135593,3.8869565217391306,38,113.39459274952918,7,0.16101694915254236,male,19.0,J23517
47eeab842793b09300c3,188,0.8723404255319149,38,9.521505376344086,3.752688172043011,36,419.03642771804067,20,0.44148936170212766,female,21.0,J78901
47vclaej1xmb0rc8kgka,178,0.7303370786516854,38,2.8461538461538463,3.796511627906977,30,269.3674145299145,67,0.25280898876404495,female,18.0,J23517
4884f3bdc068ef01e042,453,0.6975717439293598,38,13.525386313465784,20.58876404494382,38,0.6577501839587931,12,0.3995584988962472,male,24.0,J23517
488934d01a504bc212b4,160,1.00625,38,6.65625,3.43125,38,17.683552083333332,21,0.30625,female,23.0,J23517
488fc49e8fccd665c3e2,492,0.42073170731707316,38,17.054878048780488,3.455852156057495,38,128.65831357271907,27,0.32723577235772355,male,20.0,J57489
48a71a6a5a15e31084e3,144,1.0486111111111112,38,4.520833333333333,4.612676056338028,38,0.1004591049382716,16,0.11805555555555555,male,21.0,J87654
48a96425072cefa0dc69,183,1.0710382513661203,38,5.33879781420765,28.244444444444444,38,17.952123557984216,16,0.22404371584699453,female,22.0,J40192
48ad93c227abfa9542aa,213,0.9389671361502347,38,7.863849765258216,7.896713615023474,38,0.12614632237871673,7,0.06572769953051644,female,24.0,J40192
498121d2486259ef1b3a,264,0.6818181818181818,38,8.534090909090908,4.423529411764706,38,63.82344381313132,14,0.007575757575757576,male,24.0,J57489
49a91a4dce6838ffcbcd,220,0.8909090909090909,38,8.254545454545454,18.368181818181817,38,20.22108207070707,24,0.22272727272727272,male,19.0,J87654
49b95110a8c59f6b6c58,405,0.562962962962963,38,13.37283950617284,12.50257731958763,38,72.63911934156378,22,0.12098765432098765,female,23.0,J57489
49ef48443e09f8be12f6,146,1.273972602739726,38,3.7260273972602738,34.94444444444444,38,0.5541533485540335,12,0.19863013698630136,female,23.0,J23517
4a0890c15c26984c191f,254,0.7913385826771654,38,10.224409448818898,4.480314960629921,38,130.08305446194225,21,0.16535433070866143,female,22.0,J87654
4a6e1cf1e4e9d8f54717,70,1.9714285714285715,38,1.7714285714285714,4.557142857142857,38,0.007444444444444444,4,0.0,male,18.0,J40192
4a7f53c0a376edadf38a,289,0.5086505190311419,38,9.86159169550173,3.6920415224913494,38,33.73489042675894,12,0.15916955017301038,male,23.0,J87654
4aa8ff74dc576b7adbcd,362,1.4585635359116023,38,3.9171270718232045,4.685236768802229,38,0.3290108962553714,18,0.2596685082872928,male,21.0,J87654
4acutl013itvh9va99p7,149,1.087248322147651,34,1.5877862595419847,4.027027027027027,31,126.52825487701443,56,0.18791946308724833,female,20.0,J78901
4atjmlccken75lck9ffp,141,0.8226950354609929,34,2.543103448275862,10.070921985815604,27,350.84224377394634,51,0.23404255319148937,female,21.0,J87654
4bceaffe5e429ed3333b,99,1.2222222222222223,38,5.101010101010101,3.5670103092783507,38,17.228254769921435,16,0.45454545454545453,male,20.0,J40192
4bq1kdgygbtif8w80s5y,163,0.6871165644171779,37,2.0806451612903225,3.9559748427672954,26,393.74608198924733,67,0.2331288343558282,female,23.0,J40192
4c26df96293b4a52bc03,185,0.8648648648648649,38,14.47027027027027,3.427027027027027,38,15.217313813813815,21,0.4810810810810811,female,20.0,J40192
4c79be630ae9d3db6aaf,327,0.5351681957186545,38,10.871559633027523,13.1651376146789,38,70.4901121304791,14,0.2874617737003058,male,23.0,J57489
4c90f16c0fcd85d3de25,478,0.5209205020920502,38,12.05020920502092,3.6901709401709404,38,77.97639121338914,16,0.36610878661087864,male,18.0,J57489
4ca5c8ea55be09213d14,155,0.9806451612903225,38,3.8967741935483873,6.7935483870967746,38,0.11972043010752689,12,0.0,male,21.0,J40192
4cb96f0d9108066442a8,131,1.0916030534351144,38,5.984732824427481,4.093023255813954,38,66.2833439355386,9,0.0,male,19.0,J23517
4cc0dc56eecea1d928d1,178,1.0224719101123596,38,7.01123595505618,3.730337078651685,38,62.48275749063671,15,0.21348314606741572,male,21.0,J87654
4dfdfa5e1a04c832b9b4,436,1.139908256880734,38,8.190366972477063,6.448275862068965,38,0.5775560652395515,23,0.24770642201834864,male,24.0,J23517
4e4bb1f26e34ca0a13dc,156,1.0192307692307692,38,5.397435897435898,3.980769230769231,38,0.5788069800569801,8,0.3333333333333333,male,23.0,J23517
4e508744a9816cc4586a,99,1.2222222222222223,38,6.888888888888889,3.4444444444444446,38,0.2112766554433221,5,0.0,female,19.0,J57489
4e693829528e3e7de62a,951,1.1503680336487907,38,7.171398527865405,8.46774193548387,38,1.6109025587101296,41,0.24921135646687698,male,22.0,J87654
4e768251c78b687fa993,285,0.7964912280701755,38,6.192982456140351,3.6,38,58.928461013645226,32,0.3333333333333333,female,18.0,J57489
4edfd2e1b7c5c5d1d384,89,1.1910112359550562,36,5.162790697674419,4.168539325842697,34,15.509250645994832,16,0.21348314606741572,female,19.0,J87654
4erna0vkk9gu5umle1se,155,0.9290322580645162,34,1.9640287769784173,9.458064516129033,28,294.61702637889687,66,0.27741935483870966,male,22.0,J57489
4ewf46mylf75olvvihqj,164,0.9329268292682927,36,2.2325581395348837,13.877300613496933,27,188.02059646856156,55,0.21341463414634146,male,18.0,J87654
4fl8e5s0nf65bm2m34f0,164,0.9024390243902439,37,5.072463768115942,3.7791411042944785,28,548.0009138486312,61,0.2073170731707317,male,20.0,J57489
4glo109mkgy7azntyttp,156,1.0384615384615385,36,1.53125,3.529032258064516,30,130.3771050347222,54,0.17307692307692307,male,24.0,J87654
4i0t5tq7o78lvc1zglgr,145,0.8137931034482758,35,3.4198473282442747,7.636363636363637,29,571.5345589482613,62,0.15172413793103448,male,19.0,J78901
4nun1ah7qw10q705a2aq,160,1.0125,36,2.1020408163265305,13.975,29,173.03399470899473,71,0.25625,male,22.0,J87654
4oqxw56hzk4fk8aqh3e0,167,0.8323353293413174,37,1.8666666666666667,11.421686746987952,30,238.39582098765433,56,0.19760479041916168,female,24.0,J40192
4v5xbvn3yhmvs97477pc,165,0.8787878787878788,37,1.3776223776223777,4.280487804878049,27,28.416647241647244,56,0.14545454545454545,female,18.0,J78901
4vnvytgnlmv4jbfw9h3t,151,1.119205298013245,37,2.7709923664122136,3.9,30,477.4553816793893,66,0.17218543046357615,female,22.0,J23517
4x441h9y6wzknmtdw7q4,170,0.9705882352941176,35,2.089041095890411,7.57396449704142,27,243.8772089041096,64,0.17058823529411765,female,23.0,J40192
4xh67ezjc331pg9q3kfv,180,0.8277777777777777,35,2.3138686131386863,3.9329608938547485,24,372.82422952149227,62,0.16666666666666666,female,21.0,J87654
4y1vvkscejq34042oag4,153,0.9673202614379085,35,2.8389830508474576,3.6133333333333333,24,170.13183851224105,58,0.20261437908496732,female,24.0,J57489
4ycyhj8tyx2b17fcx29j,187,0.8449197860962567,38,2.331288343558282,7.983695652173913,29,286.3416905248807,53,0.26737967914438504,male,18.0,J57489
504278569f7c6dff25e3,90,2.1666666666666665,37,1.4111111111111112,23.10112359550562,37,35.08195679012345,23,0.03333333333333333,female,20.0,J78901
50673b01fd2b0c765572,243,0.6584362139917695,38,15.020576131687243,8.331914893617022,38,41.50687014174669,24,0.03292181069958848,male,24.0,J40192
50fec4ca4283ad18c000,183,1.53551912568306,38,3.2240437158469946,4.355191256830601,38,43.1345218579235,24,0.14207650273224043,female,23.0,J23517
510a90cd169e2eb042ab,543,0.4198895027624309,38,16.624309392265193,8.62689393939394,38,17.754644464906896,25,0.17495395948434622,male,24.0,J78901
522837ace4fd8dd743f2,723,0.4287690179806362,38,16.80774550484094,24.865248226950353,38,88.90726102658675,35,0.18118948824343015,male,24.0,J23517
52a24e35d5356ab34a2e,234,0.7521367521367521,38,9.294871794871796,15.247863247863247,38,33.68570750237417,17,0.5213675213675214,male,23.0,J23517
52d965ebf3ec0518bc0f,110,1.0818181818181818,38,11.063636363636364,3.7181818181818183,38,12.335492424242425,3,0.19090909090909092,male,24.0,J23517
52f1bca9ac9c792e4457,162,0.7530864197530864,38,12.697530864197532,4.11875,38,161.89266117969822,8,0.2345679012345679,female,23.0,J23517
52f4899e918b57df28da,111,1.3423423423423424,38,4.468468468468468,6.63063063063063,38,0.20853353353353354,15,0.4774774774774775,female,23.0,J78901
533bc4c6716035e694ac,231,0.683982683982684,38,9.558441558441558,12.20524017467249,38,1.5969660894660893,8,0.2727272727272727,male,24.0,J87654
539911ee11c1b2aaeb88,203,0.812807881773399,38,6.270935960591133,9.959183673469388,38,47.57580322933771,22,0.16748768472906403,female,18.0,J78901
53d51965c40a54cff1a0,127,1.5433070866141732,38,1.858267716535433,3.688,38,1.5116688538932634,14,0.14960629921259844,male,23.0,J57489
54342435561e775ce97f,293,0.9726962457337884,38,6.433447098976109,4.1194539249146755,38,27.960113765642777,28,0.24914675767918087,female,23.0,J40192
545eb6c8154273344669,236,0.7711864406779662,38,3.8771186440677967,3.5021459227467813,38,23.210534369114878,26,0.2838983050847458,male,19.0,J57489
5479f88afb95288d6392,127,1.4566929133858268,38,2.3307086614173227,4.425196850393701,38,3.8714632545931753,23,0.14960629921259844,male,23.0,J87654
54826f4abf592713d585,177,1.2598870056497176,38,3.8926553672316384,5.943502824858757,38,34.340174199623355,20,0.1864406779661017,female,19.0,J57489
54f91ccb08cbece520da,180,1.0888888888888888,38,5.9222222222222225,33.44444444444444,38,30.274759259259262,22,0.3055555555555556,male,24.0,J57489
552365f82674884bcaaa,87,1.5402298850574712,38,2.8505747126436782,9.19767441860465,38,4.1327171136653895,12,0.12643678160919541,female,23.0,J40192
553l2g7kpifbvn82knxk,172,1.1627906976744187,36,2.0892857142857144,4.047904191616767,33,93.47642526455027,67,0.18604651162790697,male,21.0,J57489
55a47a152d359522e38d,251,0.9920318725099602,38,7.199203187250996,21.9800796812749,38,18.539966799468793,26,0.22310756972111553,male,19.0,J87654
57709f904b1cc9ec60b1,234,0.8717948717948718,38,7.735042735042735,3.064935064935065,38,68.10192901234568,35,0.27350427350427353,female,20.0,J40192
57c33a6126c456c5ada8,163,0.6012269938650306,38,17.548148148148147,4.15527950310559,32,1.827298353909465,7,0.12269938650306748,female,24.0,J78901
57f84519c468df122d69,144,1.0833333333333333,38,7.201388888888889,25.006993006993007,38,63.49602816358025,29,0.3055555555555556,male,22.0,J78901
580e98185da72b5f34cd,459,0.8823529411764706,38,9.296296296296296,5.151111111111111,38,109.36748426531105,22,0.27450980392156865,male,20.0,J23517
58n0dsxyyqnriomw67id,172,1.0348837209302326,36,1.8525641025641026,4.029411764705882,31,113.68650462962964,64,0.1511627906976744,female,22.0,J87654
58widcj6smafuwyqxw2m,171,1.2456140350877194,35,2.3037974683544302,8.976470588235294,30,216.87875351617438,65,0.11695906432748537,female,18.0,J40192
5914db0d4427b322e8af,149,0.47651006711409394,21,15.606896551724137,4.677852348993288,20,173.8307471264368,13,0.0,female,24.0,J57489
5963ba5cd9d242a00e22,174,0.735632183908046,38,10.666666666666666,3.69364161849711,38,17.578435504469986,19,0.1724137931034483,male,21.0,J87654
59bybxqvhton27u0jtfm,159,0.6792452830188679,36,3.3140495867768593,9.089171974522293,24,392.79384067952253,68,0.22012578616352202,female,19.0,J23517
5a44a7c59729d41d596a,52,0.6346153846153846,10,4.230769230769231,3.36,10,0.6185576923076923,3,0.057692307692307696,female,22.0,J57489
5a8cce5abee961fc77f3,142,1.1971830985915493,38,2.9014084507042255,3.5422535211267605,38,6.60966744913928,23,0.04929577464788732,male,20.0,J40192
5abcc9d4fb5e764b2f6f,307,0.7785016286644951,38,12.903333333333334,7.678688524590164,35,37.262473148148146,19,0.20846905537459284,female,22.0,J23517
5ada57d72f07c3803d33,173,0.9075144508670521,38,9.653179190751445,4.618497109826589,38,16.610425497752086,6,0.09248554913294797,female,22.0,J57489
5b5ef66e547d63806a56,377,0.6790450928381963,38,9.673740053050398,3.845528455284553,38,79.09824123194812,18,0.3129973474801061,female,21.0,J78901
5bdad002590327215ae0,103,1.8737864077669903,38,2.2718446601941746,5.388349514563107,38,3.734126213592233,19,0.2815533980582524,male,20.0,J78901
5be7405ad4ae9d9a2853,194,0.9484536082474226,38,4.827956989247312,6.026041666666667,37,51.977401433691746,9,0.030927835051546393,female,21.0,J87654
5c33bb784bb99763ed74,184,1.233695652173913,38,8.0,3.5869565217391304,38,17.002466787439612,18,0.125,male,22.0,J40192
5c83f4ed6601ddf1a6fa,132,0.9848484848484849,38,6.833333333333333,3.5833333333333335,38,83.69306397306397,8,0.07575757575757576,female,23.0,J87654
5cda8273b348fbda9f29,302,1.0529801324503312,38,7.281456953642384,33.056478405315616,38,18.33327906548933,15,0.3675496688741722,female,20.0,J40192
5d16326e4577a67d94c6,175,0.9142857142857143,38,6.217142857142857,4.085714285714285,38,14.747652380952381,20,0.06857142857142857,female,21.0,J40192
5d2379fb72082166dee3,168,0.8273809523809523,38,11.928571428571429,4.113095238095238,38,7.440896164021164,14,0.22023809523809523,male,19.0,J40192
5d580a610c7f8114eb5c,102,1.5098039215686274,38,2.6862745098039214,3.823529411764706,38,17.135789760348587,24,0.10784313725490197,female,24.0,J23517
5d89810b20079366fcc2,81,1.4814814814814814,36,8.098765432098766,3.185185185185185,36,654.8692421124829,6,0.35802469135802467,female,23.0,J87654
5dmn9cwdf4l1snqfjw1p,144,0.7222222222222222,35,2.0082644628099175,10.489208633093526,28,192.23129706152434,60,0.1597222222222222,male,24.0,J57489
5e12a0421c20717035cb,451,0.3991130820399113,38,24.485587583148558,4.603104212860311,38,80.3229908844543,20,0.31042128603104213,female,23.0,J40192
5e29473eb1e80fde79a0,310,0.4870967741935484,38,19.151612903225807,7.49,38,38.639411290322585,30,0.4096774193548387,female,19.0,J40192
5e89fad73b2ada2a30bf,210,0.7380952380952381,38,24.723809523809525,4.419047619047619,38,35.121506613756615,17,0.03333333333333333,female,21.0,J57489
5ez4c53h3kdamnlvkpna,165,0.9090909090909091,37,1.7664233576642336,9.158536585365853,27,156.23237631792375,52,0.16363636363636364,male,23.0,J40192
5f55600069b483f999f5,323,0.4148606811145511,38,23.513931888544892,3.2569659442724457,38,132.59398692810456,11,0.030959752321981424,female,21.0,J23517
5f7b406b2bbf9789735f,134,0.917910447761194,38,14.283582089552239,3.5223880597014925,38,182.78064469320066,19,0.014925373134328358,female,18.0,J57489
5f8d87412f69e3d9fb13,77,1.7662337662337662,38,1.8051948051948052,5.233766233766234,38,43.51646464646464,12,0.38961038961038963,male,24.0,J57489
5faa3d19e595ab735fda,215,0.9627906976744186,38,7.348837209302325,10.158878504672897,38,30.59710852713178,18,0.30697674418604654,male,20.0,J40192
5fbaf8a0f524358778bb,186,1.2473118279569892,38,3.7795698924731185,3.2580645161290325,38,24.38397102747909,18,0.13440860215053763,male,19.0,J57489
5gs9643ghg39gpkgi3e5,154,0.8116883116883117,36,2.1953125,3.5364238410596025,24,280.6336393229167,57,0.2597402597402597,female,18.0,J57489
5jxldd3plo4x6oq140l5,189,1.0582010582010581,35,2.447513812154696,6.352941176470588,32,128.3898050951504,59,0.21693121693121692,male,24.0,J40192
5kqtdcvyt7rgqdoextw8,166,1.0662650602409638,36,1.7692307692307692,18.579268292682926,32,280.7035024928775,66,0.1927710843373494,female,21.0,J57489
5l1b1ma70rilf7mojch5,181,0.9447513812154696,36,2.895705521472393,14.737430167597765,30,287.0210224948875,70,0.23756906077348067,female,19.0,J78901
5m6lgwi0mkqs8ilg3qqs,110,1.0818181818181818,38,7.163636363636364,3.4909090909090907,38,241.38562121212124,15,0.44545454545454544,female,22.0,J78901
5mrih4nj5agvu67vao4m,158,1.259493670886076,38,2.6533333333333333,4.076433121019108,33,166.71000555555554,62,0.13291139240506328,female,19.0,J40192
5qfsd40k8fv54hc102p2,158,0.9936708860759493,37,2.864864864864865,12.211538461538462,31,386.242378003003,65,0.0759493670886076,female,21.0,J78901
5rxl72n8rmnxwrxcss0q,144,1.1319444444444444,34,2.3065693430656933,10.107913669064748,32,592.4852230332523,62,0.22916666666666666,male,18.0,J23517
5slhcx7pnjhcmlbfffu6,165,0.9272727272727272,37,2.689922480620155,11.854545454545455,26,314.0782213608958,74,0.15757575757575756,female,20.0,J78901
5zczdtyecu2w495j80xv,164,0.9512195121951219,37,2.0205479452054793,3.7177914110429446,30,203.5171423135464,59,0.23170731707317074,male,21.0,J23517
6002b9ec0f4ad0b281cf,171,1.2339181286549707,38,3.5555555555555554,4.059523809523809,38,26.640817089018842,26,0.14619883040935672,male,18.0,J78901
60c3549c706fe13322ce,189,0.798941798941799,38,7.941798941798941,3.328042328042328,38,0.6574397413286303,17,0.41798941798941797,male,24.0,J87654
6106e5232ac32bc22d1d,231,0.8398268398268398,38,8.67965367965368,21.685589519650655,38,55.450715488215494,15,0.09523809523809523,female,18.0,J87654
61de1e21015e07aacbe8,508,0.9960629921259843,38,9.933070866141732,4.19723865877712,38,25.443029855643044,20,0.14173228346456693,female,21.0,J23517
62156eada978f707f5d2,122,1.401639344262295,38,3.5327868852459017,4.383333333333334,38,23.939446721311473,18,0.27049180327868855,male,22.0,J57489
6273f50d9a0b4e6d971c,131,1.3358778625954197,38,3.7251908396946565,4.178294573643411,38,7.360610687022901,10,0.007633587786259542,female,22.0,J78901
628bztd9ybuth5efk7nw,202,1.1435643564356435,36,1.9787234042553192,11.960199004975124,32,228.20585106382978,73,0.20297029702970298,female,22.0,J78901
62a877b83219f7974fd0,61,2.278688524590164,38,1.3934426229508197,4.327868852459017,38,0.028715846994535516,12,0.26229508196721313,male,24.0,J78901
62olkigg7ntlaf6fzytl,183,1.355191256830601,37,1.834319526627219,3.6123595505617976,33,110.77608481262327,61,0.17486338797814208,female,20.0,J87654
6314d7cbc465e29f357c,147,0.9387755102040817,38,5.503401360544218,3.5918367346938775,38,31.200500755857895,15,0.3741496598639456,female,23.0,J78901
63aded37545ab92d41d4,303,0.45544554455445546,38,71.84488448844884,2.8052805280528053,38,229.6085047671434,5,0.0,male,24.0,J78901
63c38a00d97e62c31e08,265,0.7622641509433963,38,11.415094339622641,13.135849056603774,38,9.561125786163522,20,0.42641509433962266,female,19.0,J23517
63eef37311aaac915a45,424,0.419811320754717,38,23.38679245283019,2.9858156028368796,38,46.155655136268344,9,0.33254716981132076,female,21.0,J87654
63ff3dff3eb31d62ab3e,237,0.6497890295358649,38,14.459915611814345,12.47787610619469,38,10.736834270979841,13,0.0,male,23.0,J78901
6486c0664d217470d126,97,1.824742268041237,38,1.5670103092783505,4.463157894736842,38,29.659169530355094,20,0.422680412371134,female,22.0,J78901
6496d6268092ef8e7e9d,258,0.689922480620155,38,12.236434108527131,6.40625,38,18.755731050818262,22,0.10852713178294573,male,19.0,J40192
64d1d58d40bca568347c,149,1.1140939597315436,38,4.23489932885906,3.597315436241611,38,6.315920954511559,15,0.20134228187919462,female,23.0,J78901
64d65eddd629b80922f1,44,2.3863636363636362,38,1.0,3.340909090909091,34,0.0,2,0.9772727272727273,male,21.0,J57489
6569uz69or21mbcejw25,149,0.8053691275167785,34,2.672,17.655405405405407,24,439.69898000000006,64,0.21476510067114093,female,22.0,J57489
6604efc6fd93e070f40a,139,1.1870503597122302,38,8.136690647482014,12.117647058823529,38,135.8899980015987,13,0.4244604316546763,male,21.0,J23517
663aff87732c52f0e342,729,0.4101508916323731,38,28.362139917695472,3.8929068150208623,38,26.799035589087026,18,0.24005486968449932,female,18.0,J78901
66d7c0bdb21b7d5bd83d,759,0.391304347826087,38,21.420289855072465,13.604806408544727,38,38.21631276533451,20,0.0461133069828722,female,22.0,J87654
66f99grd556eyxjqk7pz,184,1.076086956521739,37,1.6708860759493671,4.044198895027624,28,88.04138009845289,65,0.11413043478260869,male,20.0,J57489
67456512891f96cc0fc3,112,1.3214285714285714,38,3.4910714285714284,28.794642857142858,38,96.12128968253968,18,0.16071428571428573,female,23.0,J57489
67f8d47cfb7b7b3d2095,326,0.5460122699386503,38,11.650306748466258,4.196875,38,99.45294308111794,19,0.36503067484662577,female,20.0,J23517
6837091518a3524730fb,461,1.0195227765726682,38,7.6941431670282,27.162689804772235,38,63.36848035671246,17,0.11496746203904555,female,19.0,J23517
687ndz7mxhpv3gg91ie2,163,1.049079754601227,37,2.2847682119205297,16.9,32,298.1065710080942,62,0.2085889570552147,male,22.0,J78901
68c45e933c2dc939e7c9,253,1.2450592885375493,38,3.391304347826087,4.081967213114754,38,2.1437670180061486,21,0.16600790513833993,female,18.0,J57489
6923e581d76689cb57a1,185,0.772972972972973,38,12.962162162162162,4.174863387978142,38,32.106498498498496,21,0.03783783783783784,female,19.0,J78901
6964a3d507ac1ecf9e52,522,0.5325670498084292,38,11.908045977011493,3.812015503875969,38,51.426818859088975,36,0.3773946360153257,female,18.0,J23517
69a4b3d15a5bf0d0e43e,225,0.5911111111111111,38,16.456410256410255,3.4910714285714284,32,48.78989173789174,7,0.0,female,20.0,J40192
69ae85efb03510241445,161,1.279503105590062,38,3.5838509316770186,20.204968944099377,38,64.30682022084196,21,0.35403726708074534,male,20.0,J57489
6a62f52203bda35656be,449,0.45434298440979953,38,20.238307349665924,18.676470588235293,38,67.02369153674833,32,0.22271714922049,female,21.0,J40192
6ab4994b59925a6d1bba,584,0.4606164383561644,38,16.08219178082192,10.082024432809773,38,79.39578909817351,25,0.12157534246575342,female,21.0,J23517
6abeead45fd57abadaff,178,0.9044943820224719,38,7.134831460674158,5.101123595505618,38,0.18320692883895132,10,0.14606741573033707,female,22.0,J57489
6ae7d356ba998218af82,86,1.6627906976744187,38,2.244186046511628,3.8433734939759034,38,3.060704134366925,14,0.03488372093023256,female,24.0,J78901
6b0cc09c9daf2966d1a7,393,0.7430025445292621,38,6.8320610687022905,14.211195928753181,38,163.40636344359626,35,0.089058524173028,female,23.0,J78901
6b22922bfe081d68c7a6,340,0.9235294117647059,38,6.1,10.622754491017965,38,12.110669934640523,26,0.28823529411764703,female,23.0,J87654
6b9ee688551136da2eb9,134,0.9253731343283582,38,7.2164179104477615,3.4029850746268657,38,92.95233830845773,17,0.05970149253731343,male,24.0,J78901
6c14ce386a9cda72549c,285,1.4947368421052631,38,2.4842105263157896,10.070921985815604,38,5.330221247563353,33,0.1649122807017544,male,23.0,J87654
6cbcdec2dffbcf09a91a,68,1.838235294117647,38,3.0294117647058822,3.2058823529411766,38,0.04686274509803921,7,0.20588235294117646,female,24.0,J23517
6cxj0lsinp9d7215gtpe,187,1.0,38,3.676829268292683,4.6310160427807485,30,456.4968529810298,72,0.16042780748663102,female,22.0,J57489
6d22912e7e93a96a8690,61,2.0163934426229506,38,1.8032786885245902,3.2950819672131146,38,0.2010974499089253,10,0.0,female,18.0,J87654
6d35a9a33338a84dd077,265,0.7396226415094339,38,7.943396226415095,5.132530120481928,38,65.73345597484277,28,0.007547169811320755,male,18.0,J23517
6d90c2fd38f2ea52ffd8,189,1.2751322751322751,38,5.132275132275132,30.994652406417114,38,4.191938565549677,10,0.4074074074074074,female,24.0,J57489
6dx4zt62b8m37krb5l3n,190,0.8947368421052632,37,1.8128654970760234,3.794736842105263,32,267.3552988953866,68,0.1631578947368421,female,23.0,J87654
6e7d56f652020f046204,172,1.0,38,5.5523255813953485,3.558139534883721,38,22.385681524547802,26,0.20930232558139536,male,24.0,J40192
6e8118d5ad3c7093b869,215,1.1023255813953488,38,10.804651162790698,3.663265306122449,38,25.70057751937985,20,0.22325581395348837,male,21.0,J78901
6efd2d79656d1b056f72,285,0.6877192982456141,38,8.017543859649123,9.133574007220217,38,65.95685867446393,17,0.14035087719298245,female,22.0,J23517
6efd353d32bd3d908b23,176,1.1875,38,2.5511363636363638,80.9034090909091,38,52.77715751262626,11,0.022727272727272728,female,19.0,J57489
6fa0b38bfd05105503a1,249,0.7951807228915663,38,7.108433734939759,5.129032258064516,38,25.485609103078986,17,0.028112449799196786,male,18.0,J57489
6fc66606e74242398444,345,0.7043478260869566,38,14.504347826086956,7.017391304347826,38,29.167247181964573,17,0.0782608695652174,female,24.0,J23517
6fe309a58b787e7010eb,326,0.598159509202454,38,18.834355828220858,3.812883435582822,38,163.09614434219495,31,0.0736196319018405,female,19.0,J87654
6fefd33cf297f69bcae3,488,0.7377049180327869,38,17.37909836065574,24.512448132780083,38,30.184787682149363,34,0.26639344262295084,male,23.0,J57489
6g7c63m95z8acd3vx5ct,151,0.8013245033112583,37,2.6538461538461537,17.44,28,248.76047435897434,54,0.25165562913907286,male,21.0,J78901
6iag08nt7se7f2hkgzx4,169,0.9585798816568047,35,2.5416666666666665,3.7065868263473054,29,227.38065586419754,63,0.15384615384615385,female,18.0,J23517
6ixkthdoadcwip3r1sy2,180,0.9055555555555556,36,2.5853658536585367,15.196629213483146,31,167.26012872628726,54,0.17777777777777778,female,22.0,J23517
6o68qswzkvrrtbiz6bzr,197,0.7868020304568528,38,2.92,3.7025641025641027,31,254.22915714285716,73,0.2233502538071066,female,18.0,J40192
6qp85ufr2o1zg8k0cvtb,150,1.02,35,3.255813953488372,6.4391891891891895,29,326.4576851851852,53,0.26,female,18.0,J78901
6tq9irjllweqmqe4u7sf,142,0.9366197183098591,37,2.0081967213114753,3.927007299270073,27,191.801545992714,59,0.19014084507042253,male,21.0,J23517
700915d303cc358e662a,159,1.3522012578616351,38,1.830188679245283,8.937106918238994,38,0.06508036338225016,18,0.06918238993710692,male,24.0,J87654
701a989d65a59c18845b,167,1.0479041916167664,37,3.940119760479042,4.4939024390243905,37,5.963170326014637,11,0.30538922155688625,male,21.0,J23517
7086b49d3d6c2cf79c1a,151,1.0,38,17.026490066225165,4.423841059602649,38,23.49098969830758,20,0.23178807947019867,male,21.0,J57489
70exfe4k4e5vvm5sqspq,167,0.9700598802395209,36,3.019867549668874,13.844311377245509,31,453.95162251655626,77,0.19760479041916168,female,19.0,J57489
70ym0xeqaqmx14dv6myx,172,0.9127906976744186,37,2.4160583941605838,6.91764705882353,27,212.59014395782643,51,0.18023255813953487,female,23.0,J57489
71ca74e191e71b0219b5,115,1.1565217391304348,36,4.583333333333333,11.780701754385966,34,29.223798868312755,9,0.43478260869565216,male,18.0,J40192
71d0a8156e59c4dcedfd,77,1.5844155844155845,38,1.6779661016949152,3.8181818181818183,34,17.078559322033897,2,0.0,male,19.0,J78901
71f6622e7caa6ed92506,139,1.3381294964028776,38,6.093525179856115,8.654676258992806,38,9.824338529176659,20,0.04316546762589928,male,20.0,J57489
7207088b2ef28ff6b669,128,1.140625,36,4.732283464566929,7.203125,35,4.524083552055993,18,0.203125,male,23.0,J87654
728a4a393899c37a5429,81,1.8518518518518519,38,2.6049382716049383,4.1875,38,0.13228395061728396,11,0.24691358024691357,male,23.0,J87654
72b4334deffff31dea8b,191,0.8691099476439791,38,6.958115183246074,3.425531914893617,38,20.399709133216987,15,0.0,male,18.0,J87654
72d383f55803c5a81bd6,234,1.4743589743589745,38,3.5598290598290596,24.887931034482758,38,6.936816239316239,25,0.3247863247863248,male,20.0,J87654
72fbfd24cdff0454a0e2,198,0.7272727272727273,38,13.454545454545455,8.973958333333334,38,95.32526374859708,10,0.09595959595959595,male,23.0,J23517
7380885aaba482170588,132,1.1590909090909092,38,5.045454545454546,3.893939393939394,38,139.319515993266,9,0.36363636363636365,male,23.0,J87654
73ae359d8e93d41ae4ff,117,1.5213675213675213,38,5.52991452991453,12.085470085470085,38,137.08889126305792,18,0.05982905982905983,female,21.0,J57489
74137c4db75be61c10fa,430,0.672093023255814,38,17.04186046511628,8.064593301435407,38,124.7849354005168,34,0.2744186046511628,male,22.0,J87654
744e7141564ed216b812,76,1.8157894736842106,38,4.921052631578948,31.460526315789473,38,0.2705116959064327,17,0.3157894736842105,female,24.0,J78901
749fec50db4020e9bfcc,150,0.8533333333333334,37,17.13605442176871,4.073333333333333,36,123.71957482993197,11,0.2733333333333333,female,19.0,J87654
74e22a3421e605061ef1,299,0.7090301003344481,38,7.665551839464883,7.320689655172414,38,90.23316518023039,29,0.020066889632107024,male,18.0,J40192
74g1r714u01v7nb4vn8w,180,0.8888888888888888,37,3.102409638554217,3.8944444444444444,28,131.70698962516732,60,0.24444444444444444,female,24.0,J23517
75097aa30e9373a612c7,229,0.8602620087336245,38,7.323144104803493,3.725663716814159,38,126.29094007763221,29,0.18777292576419213,female,22.0,J57489
7509bbe0d23fe15928ba,160,0.725,38,8.95138888888889,3.1962025316455698,35,40.42957175925926,7,0.15625,female,21.0,J78901
7535fe5ae754da62a534,138,1.0579710144927537,38,19.17391304347826,7.920289855072464,38,0.24995370370370368,13,0.08695652173913043,female,18.0,J23517
758a52e21fd5c23cd7ed,195,0.9128205128205128,38,3.7180851063829787,25.3031914893617,37,6.450107860520094,18,0.2358974358974359,female,19.0,J78901
75a72c46b8271a57fba6,97,1.5154639175257731,38,3.979381443298969,8.284210526315789,38,17.19631443298969,20,0.31958762886597936,female,23.0,J87654
75c2677c8d156032e303,552,0.4673913043478261,38,16.972826086956523,3.3214285714285716,38,36.57317783816425,31,0.4601449275362319,female,18.0,J87654
75dcc10ba89fd0c25d50,256,0.9296875,38,7.69140625,19.755905511811022,38,23.875356987847223,20,0.234375,male,21.0,J23517
75e30b71e38030454877,210,0.8904761904761904,38,7.014285714285714,24.876190476190477,38,14.46689417989418,24,0.3238095238095238,female,19.0,J57489
76366e9c264169b2bae1,221,1.0226244343891402,38,6.841628959276018,8.452488687782806,38,0.19039718451483156,12,0.15384615384615385,female,21.0,J57489
766836b5f30556e81da4,125,1.0,38,15.112,4.387096774193548,38,108.48234444444445,10,0.128,female,22.0,J78901
767e222eeb367b2b010f,457,0.5076586433260394,38,19.91247264770241,9.072210065645514,38,86.64810539752006,27,0.05032822757111598,female,22.0,J57489
768c216e172762b85899,254,0.8740157480314961,35,9.776,10.114624505928854,33,110.12849222222222,12,0.21653543307086615,female,19.0,J87654
7694d71417c2f5202940,202,0.7326732673267327,38,9.466321243523316,2.9603960396039604,36,11.274137881404723,9,0.20297029702970298,male,22.0,J23517
76a2f2705490042bb8cb,106,1.5188679245283019,38,2.669811320754717,3.8207547169811322,38,12.626255241090146,15,0.3018867924528302,male,22.0,J87654
76fe2c19fa84d58b584b,264,0.5833333333333334,38,11.045454545454545,3.4732824427480917,38,10.892691498316498,21,0.08712121212121213,male,23.0,J57489
7742559d8e833fbcd326,297,0.7003367003367004,38,15.178451178451178,7.696969696969697,38,2.1055041152263376,10,0.16498316498316498,female,24.0,J87654
781f69b185122bfaddca,126,1.6111111111111112,33,2.1825396825396823,13.888,33,7.624177689594357,9,0.2698412698412698,male,22.0,J78901
78e6c80ea8dc73ec747d,69,1.710144927536232,38,2.710144927536232,5.63768115942029,38,0.06912640901771336,9,0.2463768115942029,female,19.0,J40192
78uyv6k6u49krocgtkzu,164,0.8658536585365854,36,2.1908396946564888,6.374233128834356,26,283.23295377438507,75,0.17073170731707318,male,20.0,J87654
792e3326f0d9f68389d9,350,0.6142857142857143,38,12.662857142857144,4.371428571428571,38,30.252907936507935,16,0.14285714285714285,female,23.0,J57489
798ff22d126a0f8034ff,125,1.328,38,2.48,11.48,38,0.9590599999999999,13,0.224,female,23.0,J87654
79cvflltnemb9zpg6pgl,165,0.8,38,1.8503937007874016,3.5962732919254656,26,190.19976596675414,66,0.2545454545454545,male,18.0,J78901
79ea7a2f63285f2fe26b,207,1.5748792270531402,38,2.347826086956522,5.193236714975845,38,26.525772946859902,15,0.09178743961352658,male,19.0,J57489
79fdbcf16db75f75383a,199,1.1256281407035176,38,5.778894472361809,2.9246231155778895,38,0.5195435510887773,15,0.04020100502512563,male,22.0,J23517
7a600fb7e3750998e7ae,125,1.344,38,2.992,4.632,38,19.626588888888886,17,0.464,female,23.0,J78901
7ab9a2516b2dba99c36c,80,1.4,36,3.6933333333333334,3.55,33,0.046314814814814816,5,0.2125,male,20.0,J87654
7ae6jy1vw15ppmnq6sba,152,0.7039473684210527,37,1.4848484848484849,8.979865771812081,22,239.63732323232324,72,0.2565789473684211,female,24.0,J78901
7b1d65c8c7637c14d9f2,152,0.8421052631578947,38,18.38157894736842,4.1118421052631575,38,1.3893951023391813,7,0.17763157894736842,male,18.0,J57489
7bb37669654dedc7e397,163,1.0061349693251533,38,6.619631901840491,3.3190184049079754,38,13.968779822767553,14,0.0736196319018405,female,21.0,J57489
7bfbef4127aeec4b344e,321,0.6510903426791277,38,12.190031152647975,3.8369905956112853,38,1.9022706818968502,30,0.29283489096573206,male,19.0,J23517
7c039dde693a18f3a834,150,0.96,38,7.693333333333333,4.613333333333333,38,177.72871481481482,9,0.06666666666666667,female,22.0,J40192
7c1d8516e6c2ab2d3030,102,1.4901960784313726,38,5.176470588235294,3.392156862745098,38,202.5127723311547,8,0.0,female,22.0,J23517
7c27b1482db039a6eee9,96,1.5729166666666667,38,4.291666666666667,16.1875,38,8.126021412037037,19,0.2604166666666667,female,22.0,J57489
7c2qxvccum7f93e8ohgt,179,0.9664804469273743,37,1.7245508982035929,3.8146067415730336,32,246.0357368596141,70,0.1564245810055866,female,21.0,J78901
7c30aec52f13bebe07a6,116,1.1810344827586208,38,4.991379310344827,6.931034482758621,38,89.22747844827585,13,0.1896551724137931,male,23.0,J87654
7c3fa9ed66d940d49692,308,0.7792207792207793,38,18.022727272727273,4.052980132450331,38,42.382224927849926,25,0.35714285714285715,female,21.0,J23517
7d882daa0b4d418d1d0c,169,1.680473372781065,38,1.8047337278106508,4.3017751479289945,38,0.07203648915187376,18,0.023668639053254437,female,19.0,J23517
7ddzwidmh4uwbopvlast,161,0.8633540372670807,37,1.9426229508196722,3.8734177215189876,27,292.98693533697633,68,0.19875776397515527,male,18.0,J87654
7ec5fc60b1ce755e0e17,374,1.2647058823529411,38,5.804812834224599,4.486559139784946,38,8.986856803327392,28,0.28342245989304815,male,20.0,J87654
7eeq2weegodhsqj7bxc2,191,1.057591623036649,38,2.154255319148936,8.615789473684211,36,237.1968040780142,67,0.11518324607329843,female,23.0,J87654
7f1c076b22be73eef99b,371,0.8301886792452831,38,19.994609164420485,10.226415094339623,38,1.2077156334231807,23,0.0431266846361186,male,18.0,J57489
7f58862bfed16feedfd6,100,1.76,38,2.0,28.03,38,3.5840750000000003,8,0.22,female,19.0,J40192
7f91b4ad141d21887b79,259,0.7451737451737451,38,7.436293436293436,13.98031496062992,38,6.457797082797082,14,0.16988416988416988,male,24.0,J23517
7ffc1d4e5026fc5195ea,104,1.6538461538461537,38,3.855769230769231,16.596153846153847,38,38.229636752136756,24,0.27884615384615385,male,18.0,J57489
7iulsxm22wz4v82hgb2g,169,0.9112426035502958,38,2.4829931972789114,6.619047619047619,30,380.9696636432351,75,0.15976331360946747,male,22.0,J23517
7kqvekz6iho08947fhk9,148,1.0067567567567568,38,1.358974358974359,6.145833333333333,29,115.66958452041784,62,0.22297297297297297,female,24.0,J57489
7n0vh1m7hm3g0v8ggv7v,172,0.8255813953488372,36,2.9051094890510947,10.888235294117647,24,62.47208434712084,64,0.20930232558139536,male,20.0,J40192
7r0ywonplo8up7m35eav,149,0.9328859060402684,35,1.8688524590163935,4.655405405405405,24,196.58003187613843,64,0.2080536912751678,male,23.0,J87654
7rzwry01x1n79a7rw5va,177,0.8587570621468926,35,1.608695652173913,10.744318181818182,25,71.11257850241546,62,0.2768361581920904,female,23.0,J40192
7ssihtyt72rzukfci0o1,160,0.825,38,2.7832167832167833,6.90566037735849,32,318.0308294483294,68,0.2,male,19.0,J23517
800d0095388d11344b78,135,0.9925925925925926,38,6.479674796747967,5.17910447761194,33,1.767206413730804,10,0.007407407407407408,female,22.0,J23517
80423084979315c20dbf,228,0.5394736842105263,38,10.31140350877193,8.777777777777779,38,174.0159003411306,11,0.0,male,21.0,J40192
8068144149e4ba65ef38,332,0.5783132530120482,38,10.099397590361447,9.727272727272727,38,45.800449297188756,20,0.15060240963855423,female,23.0,J78901
80xvovy2zizaj5kr0va5,182,0.8131868131868132,38,2.721311475409836,6.967032967032967,26,482.54901639344257,64,0.24175824175824176,female,23.0,J78901
81931021ce711e124d0b,436,1.018348623853211,38,10.041284403669724,19.267898383371826,38,13.096087538226298,24,0.2018348623853211,male,20.0,J78901
81c441973fd4e024d60a,362,0.7237569060773481,38,8.453038674033149,13.014005602240896,38,52.22935159607121,41,0.43370165745856354,male,20.0,J87654
81c4c46f19cb21d54bbb,132,1.0984848484848484,38,6.083333333333333,3.840909090909091,38,134.62001893939396,22,0.30303030303030304,male,19.0,J57489
81e59e96ce9bd6a76bdb,160,1.15625,38,4.9375,29.29375,38,2.4686666666666666,9,0.275,female,23.0,J40192
81kmylu471y1njt1pin3,174,0.867816091954023,38,2.0923076923076924,7.803468208092486,29,306.02103846153847,66,0.21264367816091953,female,20.0,J87654
8242b99ad9d6609fd19c,81,1.4197530864197532,38,4.0886075949367084,2.728395061728395,37,74.81150140646977,4,0.25925925925925924,female,20.0,J78901
82da6d26645f8f71bd61,86,1.5465116279069768,37,2.7093023255813953,4.059523809523809,37,136.5171737726098,17,0.046511627906976744,male,20.0,J87654
83b54209fa2b1055369b,225,1.1422222222222222,38,5.671111111111111,6.182222222222222,38,18.955293827160496,27,0.21333333333333335,female,19.0,J23517
83bf9b0424c17c9e13e7,98,1.4795918367346939,38,3.2653061224489797,4.257731958762887,38,7.259909297052154,20,0.11224489795918367,female,22.0,J40192
84146496b8d6256d6982,61,1.9508196721311475,38,1.8360655737704918,4.377049180327869,38,1.0003096539162113,7,0.14754098360655737,male,21.0,J78901
84e8300978b600b5f0ba,196,1.346938775510204,38,3.4846938775510203,3.2653061224489797,38,86.9318537414966,16,0.25510204081632654,female,21.0,J57489
84f116e542feb4ff69c0,168,0.8273809523809523,37,12.647798742138365,13.053571428571429,34,141.7954542278127,6,0.8095238095238095,female,18.0,J40192
852687af72e9ee38fb42,60,2.15,38,1.2333333333333334,39.68333333333333,38,2.219453703703704,5,0.2,male,18.0,J23517
854ce9f7f4d7b6115854,91,1.4945054945054945,34,2.5274725274725274,3.6263736263736264,34,36.5843894993895,13,0.37362637362637363,male,19.0,J40192
855b21869c4fdbed8047,82,1.548780487804878,38,3.073170731707317,13.060975609756097,38,169.92981368563684,3,0.7073170731707317,female,24.0,J40192
8596e232b0d863cd3130,127,1.4409448818897639,38,3.204724409448819,4.284552845528455,38,51.25949256342957,24,0.48031496062992124,male,22.0,J87654
86215294b080f19af22f,283,0.657243816254417,38,12.96113074204947,3.7224199288256226,38,69.46618963486455,19,0.17314487632508835,female,21.0,J78901
86366c9920186cc4d1a3,219,0.817351598173516,38,7.9771689497716896,24.643192488262912,38,5.383853373921867,12,0.1552511415525114,male,20.0,J40192
869eacc999a52155ed53,219,1.0319634703196348,38,8.182648401826484,27.898617511520737,38,14.657195585996956,15,0.1963470319634703,male,20.0,J40192
8711049a2e0ef13bb10c,88,1.5113636363636365,38,4.5,4.6022727272727275,38,0.3973737373737374,20,0.32954545454545453,male,24.0,J57489
875704a45c0214c68eae,220,0.9863636363636363,38,5.845454545454546,18.086363636363636,38,57.891083333333334,17,0.04090909090909091,male,22.0,J57489
876aca2b8ce1958ea773,612,0.43790849673202614,38,22.954248366013072,3.4034482758620688,38,92.7997698801743,35,0.37745098039215685,female,19.0,J40192
8777bd09f180d330b147,240,0.6125,38,11.770833333333334,4.357142857142857,38,161.16697337962964,27,0.15833333333333333,female,20.0,J78901
87aa4503451b6a77b2b7,152,1.131578947368421,38,5.480263157894737,3.9078947368421053,38,6.979621710526315,20,0.013157894736842105,female,23.0,J40192
882ccee198e25b49b30d,915,0.44153005464480877,38,26.303825136612023,14.10461192350956,38,102.46106071645417,21,0.3639344262295082,male,19.0,J57489
8975db410fd78d462688,128,1.84375,38,1.625,9.703125,38,0.006764322916666667,9,0.265625,female,23.0,J78901
8979427badebb9e2bd10,143,1.167832167832168,38,8.314685314685315,3.23943661971831,38,62.907474747474744,17,0.46153846153846156,female,18.0,J23517
897f6d3de550ebf68384,190,1.0894736842105264,38,16.48421052631579,8.205263157894738,38,107.81590935672516,24,0.49473684210526314,male,22.0,J40192
89af2669cc93dc97f545,224,0.625,38,12.866071428571429,7.792792792792793,38,113.84071676587303,9,0.06696428571428571,male,19.0,J87654
8a45d6748ec853f7694c,206,0.7912621359223301,38,6.237864077669903,12.788177339901479,38,15.26152238403452,14,0.20388349514563106,male,22.0,J57489
8a9f3822aaa08e579e4f,144,1.125,38,4.409722222222222,12.556338028169014,38,5.26766975308642,4,0.7430555555555556,female,18.0,J57489
8ajv97zyciosc57q0cng,189,0.8835978835978836,37,3.272727272727273,3.814814814814815,31,432.89201073232323,64,0.2222222222222222,female,24.0,J57489
8b1fbc97391699e46cef,527,0.5445920303605313,38,12.59392789373814,3.727626459143969,38,54.735375289900915,34,0.0872865275142315,female,23.0,J57489
8b586d8b9c06414b2487,411,0.5425790754257908,38,14.304136253041362,3.826302729528536,38,64.39471613949716,17,0.6131386861313869,female,22.0,J57489
8b6d1125760bd3939b6e,89,1.3595505617977528,38,4.932584269662922,3.191011235955056,38,0.18935081148564292,4,0.07865168539325842,female,24.0,J23517
8bece93f0b270602e64f,161,0.8819875776397516,38,7.645962732919255,6.1572327044025155,38,26.707097998619737,15,0.049689440993788817,male,24.0,J23517
8bf3625652581859dcd1,310,0.9225806451612903,38,9.829032258064515,8.170967741935485,38,34.6166335125448,17,0.0032258064516129032,male,20.0,J40192
8bj43lrpbsn3smxxn3xn,145,0.896551724137931,36,1.233009708737864,8.277777777777779,24,67.03665857605178,64,0.20689655172413793,female,22.0,J87654
8ca890875272aede0af5,154,1.4025974025974026,38,2.3896103896103895,9.766233766233766,38,6.005566378066377,19,0.18831168831168832,male,23.0,J40192
8cdbc02c05d6ebafa9eb,101,1.6732673267326732,38,2.881188118811881,9.544554455445544,38,1.9906655665566557,23,0.0594059405940594,male,21.0,J23517
8cvzwcc62ql4rqj0pyzl,161,0.9130434782608695,36,2.1468531468531467,3.900621118012422,30,253.6949184149184,62,0.2857142857142857,male,19.0,J57489
8d422b817027d7721870,114,1.5263157894736843,38,3.692982456140351,3.9911504424778763,38,5.2188718323586745,22,0.19298245614035087,male,22.0,J23517
8d93485dc6a4b2a9f03f,99,1.2323232323232323,38,6.104166666666667,2.711340206185567,36,15.284088541666668,3,0.2828282828282828,male,21.0,J40192
8e1012c9f4775ba6a451,588,0.3877551020408163,37,16.401023890784984,4.949275362318841,36,102.02303754266211,21,0.030612244897959183,female,22.0,J57489
8e25bcfa51d165f162f6,94,1.4361702127659575,38,3.0319148936170213,5.0212765957446805,38,46.17522754137115,9,0.14893617021276595,female,22.0,J87654
8ee4fdce37fceab5620a,87,1.4367816091954022,38,6.862068965517241,4.275862068965517,38,123.9480938697318,13,0.06896551724137931,female,23.0,J23517
8f1ddd99ac8c59bbd788,147,1.4965986394557824,38,2.5850340136054424,38.36054421768708,38,56.26328231292516,14,0.11564625850340136,male,19.0,J87654
8f477d2c60ec76ce22b7,182,0.8406593406593407,38,9.291208791208792,4.5,38,4.715937118437118,12,0.005494505494505495,male,23.0,J57489
8f81bd9cbc5471ebfc60,440,0.675,38,9.75,28.750577367205544,38,61.17500694444445,21,0.2727272727272727,male,22.0,J23517
8f98bfcea1b9f0dba97e,148,1.7027027027027026,38,2.1013513513513513,4.328671328671328,38,0.023108108108108108,15,0.04054054054054054,female,23.0,J78901
8f9ecba976a15fa5d900,203,0.8029556650246306,38,9.532019704433498,23.567164179104477,38,224.46934455391352,13,0.270935960591133,male,24.0,J23517
8fb30cb5c7ad360c995f,454,0.920704845814978,38,8.603524229074889,5.766519823788546,38,0.7665528634361233,23,0.1960352422907489,male,19.0,J57489
8fe25991951e1f37568b,160,0.98125,38,14.56875,13.61875,38,3.515373263888889,22,0.475,female,21.0,J57489
8hn55e1bxuyegxa76l3r,157,0.9299363057324841,36,1.9432624113475176,14.0,31,577.8493794326241,67,0.17197452229299362,male,21.0,J57489
8ivuhc6n7pr63b39dupt,172,0.9534883720930233,36,3.2222222222222223,18.18235294117647,29,298.68946623093683,64,0.20930232558139536,male,20.0,J40192
8jo5o2abn697lg482k0e,147,0.8095238095238095,36,1.7567567567567568,7.324137931034483,26,127.52450950950951,56,0.24489795918367346,female,18.0,J23517
8kvpozl8kjupzd4yvwbv,153,0.5686274509803921,38,2.1136363636363638,12.105960264900663,24,356.4409816919192,63,0.23529411764705882,male,22.0,J78901
8l0qqik09gqh0e5anus0,163,0.9447852760736196,35,2.2972972972972974,23.876543209876544,29,412.78460022522523,65,0.22085889570552147,female,19.0,J87654
8nqoz5k93j7it8w0muhl,182,1.0714285714285714,36,1.69375,4.3,27,184.7957152777778,66,0.17032967032967034,female,23.0,J78901
8rsw4xhmff15occogf32,199,0.8140703517587939,37,1.9107142857142858,15.796954314720812,29,215.4167609126984,61,0.20100502512562815,female,18.0,J57489
8urc1lsyw615q5prnxwh,197,0.7258883248730964,38,6.297142857142857,3.5714285714285716,30,476.17726190476185,68,0.19289340101522842,male,22.0,J87654
8wkyo305dh8esq6eop37,166,1.0903614457831325,38,1.7692307692307692,14.727272727272727,30,117.05146076146076,64,0.1686746987951807,male,23.0,J40192
906ffe092972df38360a,139,1.0575539568345325,38,24.827338129496404,3.920289855072464,38,0.7567286171063149,16,0.23741007194244604,male,24.0,J78901
90f3fbedfce50f644011,575,0.38608695652173913,38,23.608695652173914,3.3181818181818183,38,21.33426231884058,13,0.25565217391304346,male,22.0,J87654
90z3slav21r61p88ksba,177,0.8248587570621468,38,2.586206896551724,15.291428571428572,29,304.8081973180077,78,0.1694915254237288,male,23.0,J23517
9104b8987aefa9d8e884,126,1.3174603174603174,38,3.6666666666666665,3.6904761904761907,38,2.530597442680776,10,0.5873015873015873,female,21.0,J87654
912794ea0c6936c83ce2,271,0.6642066420664207,38,11.11070110701107,4.573584905660377,38,127.36059143091431,37,0.2140221402214022,male,24.0,J57489
91439fcb2590c49dd20d,129,1.1550387596899225,38,4.023255813953488,6.604651162790698,38,0.039724375538329026,11,0.4263565891472868,female,24.0,J40192
914f82268754cbf71a54,118,1.2796610169491525,38,5.6440677966101696,3.849557522123894,38,0.7660381355932203,15,0.16101694915254236,female,23.0,J87654
915813ad1b5f1bbe2d6e,95,1.7473684210526317,38,2.0,3.7419354838709675,38,23.336716374269006,8,0.07368421052631578,male,20.0,J40192
918236b530adbe510201,237,1.0759493670886076,38,6.489451476793249,3.8170212765957445,38,81.2595944678856,22,0.3037974683544304,female,24.0,J40192
919b6f74756bdb77edab,137,1.0072992700729928,38,6.54014598540146,6.532846715328467,38,17.731559205190592,21,0.5401459854014599,female,24.0,J78901
91ybnlkli8x332l13rrk,163,0.7300613496932515,37,2.69672131147541,4.044025157232705,26,232.6790801457195,61,0.2147239263803681,female,24.0,J87654
9294393fcd13593bc537,236,0.9322033898305084,38,16.440677966101696,14.339055793991417,38,4.122609463276836,23,0.423728813559322,female,24.0,J87654
9369995cb6743cb69182,137,1.4233576642335766,38,2.45985401459854,16.854014598540147,38,41.02337591240876,17,0.2846715328467153,female,21.0,J87654
93c2f240de504736b8d0,136,0.9705882352941176,38,5.5588235294117645,3.0,38,104.91622344771243,11,0.36764705882352944,female,19.0,J40192
93f200d7351d4980fec6,223,0.9417040358744395,38,7.430493273542601,11.018433179723502,38,88.47208769307424,16,0.06278026905829596,male,19.0,J78901
93f451c36b535d39003d,68,1.6176470588235294,38,2.225806451612903,2.764705882352941,36,9.928615591397849,2,0.7647058823529411,male,24.0,J87654
93iq4xjhvlc8072fsfet,167,0.9101796407185628,37,2.4444444444444446,3.6325301204819276,28,291.5393209876543,62,0.24550898203592814,male,22.0,J57489
94066a900026329cd5cd,329,0.9148936170212766,38,7.23404255319149,8.312883435582823,38,6.25548463356974,21,0.12462006079027356,male,23.0,J78901
9417c1b4c24e428984bc,439,0.48291571753986334,38,21.084282460136674,4.8741092636579575,38,83.44126676790687,19,0.1867881548974943,male,18.0,J78901
94752e120f6bb6178ad5,163,1.3251533742331287,38,2.852760736196319,9.558282208588958,38,36.740633946830265,29,0.15950920245398773,female,23.0,J78901
9493dac6dc982d2b3dbe,476,0.47689075630252103,38,14.960084033613445,14.29723991507431,38,15.46545518207283,18,0.2542016806722689,male,18.0,J57489
94a770d27cae58950a5b,163,1.2638036809815951,38,16.411042944785276,6.9815950920245395,38,10.142682344921608,20,0.39263803680981596,male,20.0,J57489
951678e2f3db4cd9911d,103,1.7766990291262137,38,2.3009708737864076,4.313725490196078,38,0.6591181229773463,9,0.47572815533980584,male,21.0,J57489
951d2aca1b8a1c336908,275,0.8109090909090909,38,6.949090909090909,10.523636363636363,38,28.93291212121212,13,0.12727272727272726,male,23.0,J87654
951eea03695f436017d3,110,1.1090909090909091,38,10.836538461538462,3.4545454545454546,37,36.47467681623932,5,0.0,female,21.0,J23517
952e59666bdde6dad94c,381,0.6824146981627297,38,15.934383202099738,4.8311345646438,38,15.979912510936131,19,0.26246719160104987,male,19.0,J23517
953123cfe1c275e6d8a9,151,0.8013245033112583,38,7.549668874172186,6.218543046357616,38,79.86685430463577,13,0.12582781456953643,female,22.0,J40192
95889f5d20e344714084,231,0.5800865800865801,38,12.744588744588745,3.316017316017316,38,5.371588504088503,10,0.19047619047619047,male,21.0,J87654
95i3ttsko6c6ol53ebql,150,0.8733333333333333,34,1.4684684684684686,11.952380952380953,22,114.35388638638638,63,0.18,male,19.0,J78901
95jqkrj6zv7qf1wz1p8e,156,0.8782051282051282,36,2.090909090909091,9.39102564102564,26,344.2034435261708,62,0.21153846153846154,female,23.0,J87654
960bf72352d4f58ad083,222,0.6891891891891891,38,13.315315315315315,4.301801801801802,38,145.0702414914915,15,0.18018018018018017,male,23.0,J57489
96c23b85b0b4ffdc3cae,144,1.1527777777777777,38,4.798611111111111,12.791666666666666,38,0.7381635802469135,11,0.1875,female,21.0,J40192
96dc0554852b5a94a400,165,0.7151515151515152,38,9.89090909090909,3.672727272727273,38,783.8308417508417,7,0.4666666666666667,male,18.0,J40192
9723ceb0cf2dca42c118,228,0.6008771929824561,38,14.399122807017545,7.099547511312217,38,218.03178362573098,13,0.21052631578947367,male,22.0,J57489
97442da123c449f6a146,161,1.0434782608695652,38,7.086956521739131,4.546583850931677,38,4.681243961352656,15,0.39751552795031053,female,22.0,J23517
977ece9de941d85308ac,253,0.5928853754940712,38,20.92885375494071,3.459349593495935,38,6.362101449275363,16,0.32806324110671936,female,22.0,J23517
9795edf22e930bc30fa4,447,0.7628635346756152,38,11.360178970917225,19.69887640449438,38,35.716836937608754,19,0.26174496644295303,male,22.0,J57489
981cf48df067d975675b,236,0.8813559322033898,38,6.110169491525424,4.308035714285714,38,47.55316854990584,31,0.06779661016949153,female,24.0,J78901
98be3476791a8df7e937,323,0.7554179566563467,38,9.860681114551083,4.003095975232198,38,61.265909872721025,17,0.47058823529411764,male,21.0,J40192
98e10f84d94623f8b39e,276,0.4601449275362319,38,13.815686274509805,4.036764705882353,35,302.71060457516336,8,0.09057971014492754,male,18.0,J57489
9952cc289c9f690621ec,95,1.5473684210526315,38,2.305263157894737,4.6,38,3.8118128654970764,11,0.15789473684210525,male,20.0,J78901
99a53846658ba3341de6,147,1.1496598639455782,38,7.210884353741497,4.476190476190476,38,68.57086734693877,11,0.23129251700680273,male,22.0,J57489
99d6b8a1cc0020112951,187,1.0106951871657754,38,6.1550802139037435,4.818181818181818,38,14.269032976827095,19,0.3048128342245989,male,19.0,J40192
99dj4o3b2f6m4jemke7d,194,1.1804123711340206,37,1.6467391304347827,3.910994764397906,33,91.24208031400966,65,0.12371134020618557,female,22.0,J78901
9a25hcbd3mhgaj0fyelo,158,0.9746835443037974,33,3.777027027027027,4.057324840764331,29,526.915243993994,65,0.15822784810126583,female,23.0,J78901
9a630f9e9f4ec26d8fcd,144,1.0972222222222223,38,4.736111111111111,6.536231884057971,38,10.656527777777777,17,0.041666666666666664,male,24.0,J23517
9ad512cc6cbd79aa81c7,116,1.2413793103448276,38,5.379310344827586,11.189655172413794,38,6.1709267241379315,21,0.20689655172413793,female,23.0,J40192
9b0guld0vdm0ggmmfb8k,145,1.0758620689655172,35,2.5546875,12.277777777777779,28,331.2271223958333,69,0.1103448275862069,male,18.0,J78901
9b1c065069dbb7a71617,298,0.48322147651006714,38,14.130872483221477,2.8959731543624163,38,64.79994686800894,10,0.010067114093959731,male,22.0,J40192
9b43f5fcb5d592a689af,216,0.9907407407407407,38,6.2592592592592595,3.97196261682243,38,25.675120884773666,22,0.023148148148148147,female,24.0,J57489
9b913075e93b2b788102,573,0.7417102966841187,38,8.43804537521815,6.4308231173380035,38,26.06826061663758,21,0.2705061082024433,female,22.0,J78901
9be4ba08415daa1ee6fe,117,1.1282051282051282,38,7.700854700854701,10.666666666666666,38,64.70984805318137,12,0.48717948717948717,female,24.0,J87654
9btb3ax7qaitktvbvn8g,170,0.8529411764705882,35,2.923611111111111,11.331360946745562,30,195.6150462962963,54,0.2647058823529412,male,20.0,J40192
9c2b85496091fd7f66d4,355,0.7492957746478873,38,6.022535211267606,40.18731988472622,38,56.8523255086072,28,0.2535211267605634,male,23.0,J23517
9c39551b2cbe4f0c6d03,198,1.0101010101010102,38,3.7626262626262625,10.253807106598984,38,10.493832772166106,18,0.12626262626262627,male,22.0,J57489
9c48779f6e97be993771,256,0.953125,38,5.2578125,4.046875,38,112.7283908420139,19,0.28125,female,24.0,J78901
9d02a160cd171c5f4c18,192,0.8125,38,22.109375,3.5572916666666665,38,659.4588946759259,5,0.140625,female,22.0,J78901
9d030ebc092b353b9906,144,1.2986111111111112,38,3.8402777777777777,4.108695652173913,38,0.12349537037037038,22,0.10416666666666667,female,19.0,J40192
9dbg3fyz4qnj7x9qug6x,177,0.9943502824858758,36,1.4794520547945205,7.767045454545454,29,127.17723363774732,72,0.23163841807909605,female,18.0,J87654
9e4c54a008ee874fc270,177,1.1016949152542372,38,6.757062146892656,5.056497175141243,38,14.408090081607032,24,0.23163841807909605,male,24.0,J40192
9e7bdc44129bf5acc196,290,0.6172413793103448,38,24.927586206896553,4.475862068965517,38,53.359,12,0.2103448275862069,male,19.0,J57489
9ea29e4a747ea4a7c70a,315,0.819047619047619,38,9.615873015873015,4.022653721682848,38,32.42307231040565,27,0.21904761904761905,female,24.0,J78901
9ee3e6df01c7cc22d066,340,0.6676470588235294,38,10.108823529411765,3.264094955489614,38,58.306258169934644,20,0.10882352941176471,female,21.0,J23517
9ee4ff457095eaf23309,286,0.5699300699300699,38,10.353146853146853,5.706293706293707,38,10.047301864801865,22,0.1258741258741259,female,22.0,J57489
9ef8a5baccebc3841cb2,85,2.023529411764706,34,1.776470588235294,5.976470588235294,34,0.2310261437908497,14,0.07058823529411765,male,18.0,J23517
9f0ce6d4cdf9d1772417,153,1.2418300653594772,38,3.764705882352941,7.529411764705882,38,101.91333333333333,19,0.006535947712418301,female,20.0,J87654
9f447b50d5788f7b4d0a,148,0.9594594594594594,38,15.533783783783784,12.155405405405405,38,10.671542792792792,25,0.0,male,22.0,J57489
9jq31h6i3ny1lx0mx89e,204,0.9117647058823529,37,2.533333333333333,3.900497512437811,31,149.2236172839506,64,0.25980392156862747,male,23.0,J78901
9lfh7vk4u8eh6zz1dmvp,157,0.821656050955414,37,1.7142857142857142,3.5605095541401273,26,262.8514831349206,65,0.17834394904458598,female,19.0,J78901
9nfrfi8p7oktnfr9c30b,196,0.5969387755102041,38,3.017543859649123,12.128205128205128,26,533.1574041585445,71,0.21428571428571427,male,18.0,J87654
9npnusbksscam12fc4ut,169,0.9112426035502958,38,3.8716216216216215,9.067484662576687,31,195.73377064564565,61,0.2958579881656805,male,21.0,J78901
9trgand057juzal1kecf,177,1.1581920903954803,37,2.4352941176470586,3.9248554913294798,33,129.0285343137255,62,0.11864406779661017,female,20.0,J87654
9wax6sfj9cuqbbxc95om,157,0.8280254777070064,36,2.1367521367521367,3.4387096774193546,25,232.351628679962,73,0.19745222929936307,male,21.0,J87654
a05da04117e032cb4977,155,1.3741935483870968,38,3.1225806451612903,17.0,38,17.39989605734767,16,0.23225806451612904,female,23.0,J40192
a06fdb8743c4d4ef09fe,140,1.0714285714285714,38,16.214285714285715,3.1285714285714286,38,11.65952380952381,23,0.09285714285714286,male,23.0,J87654
a0973be15e5e7116f121,143,1.2167832167832169,38,4.685314685314685,21.3006993006993,38,3.444710567210567,19,0.0979020979020979,female,20.0,J87654
a0a1991396f865c9e3dc,532,0.7988721804511278,38,7.588345864661654,4.768939393939394,38,4.955027151211362,31,0.13345864661654136,female,20.0,J87654
a0b36e07079573966740,58,2.1724137931034484,38,1.9655172413793103,5.0,38,0.11636015325670498,2,0.0,male,19.0,J78901
a0fa57995e3e8cdcc13a,364,1.4285714285714286,38,2.2884615384615383,4.193905817174516,38,0.2159989316239316,16,0.14560439560439561,male,21.0,J87654
a108f1103f798c85d061,53,2.358490566037736,38,1.0,2.849056603773585,37,0.0,1,0.0,female,21.0,J23517
a11b89c60677835e450c,127,1.7874015748031495,38,1.8818897637795275,19.544,38,0.052541557305336835,9,0.4645669291338583,male,22.0,J23517
a12c27630a75f6a4a64a,237,0.8270042194092827,38,8.578059071729959,4.252136752136752,38,8.285018752930146,5,0.016877637130801686,female,24.0,J23517
a14b9aa97f66fc82ede3,222,0.9144144144144144,38,9.603603603603604,3.3603603603603602,38,24.69281531531531,17,0.25675675675675674,female,23.0,J78901
a1a127e2bf29c380819c,113,1.575221238938053,38,2.0088495575221237,24.601769911504423,38,4.92688790560472,10,0.39823008849557523,female,21.0,J78901
a1d00fdd7660b7e88077,145,1.3793103448275863,38,3.6344827586206896,9.848275862068965,38,14.963553639846744,14,0.15862068965517243,male,24.0,J23517
a1ed24a77c97b05064ef,157,0.7643312101910829,38,22.251748251748253,3.5095541401273884,34,268.21524087024085,14,0.36942675159235666,male,23.0,J40192
a1fa76b5d99a411d6649,186,1.0591397849462365,38,9.424731182795698,3.978142076502732,38,3.236919056152927,24,0.17204301075268819,female,22.0,J78901
a2b5174e55754addcd68,148,0.918918918918919,38,6.554054054054054,3.8986486486486487,38,1.7160003753753752,10,0.14189189189189189,female,20.0,J57489
a2f48a796e250a14ff55,386,0.8626943005181347,38,9.437823834196891,20.628342245989305,38,0.657926021876799,18,0.33678756476683935,male,22.0,J40192
a30afe3tftu3pgsdxxdq,143,0.6573426573426573,35,3.018348623853211,26.12676056338028,22,284.52364678899085,57,0.2097902097902098,male,23.0,J87654
a337d5368b0d110803b1,96,1.3333333333333333,38,3.5520833333333335,4.46875,38,2.573295717592593,15,0.2916666666666667,male,23.0,J23517
a34fbbb7d9a19eb82450,149,1.2013422818791946,38,3.664429530201342,13.89795918367347,38,4.069535794183445,23,0.18791946308724833,male,24.0,J40192
a3a0e2129e405aef3d87,87,1.4022988505747127,38,4.264367816091954,3.0804597701149423,38,0.2567081736909323,6,0.09195402298850575,male,22.0,J78901
a3c8ab369e2e928ed523,66,1.9545454545454546,38,1.7121212121212122,3.984848484848485,38,0.05997474747474748,9,0.0,male,19.0,J78901
a3cd849a5a8d682e18db,143,1.2307692307692308,38,3.5664335664335662,4.356643356643357,38,3.6915598290598295,15,0.36363636363636365,female,18.0,J78901
a4bfb84ab74e59389e7a,380,0.7657894736842106,38,8.41578947368421,3.408,38,27.149937865497076,30,0.09210526315789473,male,18.0,J78901
a55511198784610bf30b,188,0.7021276595744681,38,16.840425531914892,4.297872340425532,38,127.36995271867613,19,0.02127659574468085,female,23.0,J87654
a5966200ae4d58200438,167,1.3173652694610778,38,3.5508982035928143,3.7650602409638556,38,0.3175914836992681,22,0.25149700598802394,male,24.0,J87654
a5c03c57b0930cb5c2ac,83,1.3975903614457832,38,8.204819277108435,3.8674698795180724,38,143.74109772423026,6,0.0963855421686747,female,21.0,J87654
a624e4f6e0a8f026cba9,109,1.5229357798165137,38,2.669724770642202,11.471698113207546,38,0.21611875637104994,25,0.07339449541284404,male,20.0,J40192
a7fc1ba478db11fde063,105,1.180952380952381,38,6.447619047619048,4.238095238095238,38,0.15087037037037035,18,0.09523809523809523,male,18.0,J40192
a8350dcececa0b02dd14,218,1.201834862385321,37,4.972477064220183,4.243119266055046,37,0.17462410805300713,10,0.10550458715596331,male,18.0,J40192
a856f10303ba34926fdd,162,1.0555555555555556,38,4.8765432098765435,3.728395061728395,38,83.72314128943758,21,0.14814814814814814,female,21.0,J57489
a867295d48d4b4134903,334,0.6946107784431138,38,14.724550898203592,4.519756838905775,38,8.81632734530938,19,0.24550898203592814,male,20.0,J87654
a87767892344a954c746,311,0.8745980707395499,38,7.736334405144695,11.970588235294118,38,5.704271168274383,19,0.2990353697749196,female,24.0,J78901
a8846b79555746e4f9df,74,1.5945945945945945,38,2.3783783783783785,2.8378378378378377,38,13.706719219219218,4,0.2702702702702703,male,23.0,J87654
a8eea517e36b20757b2e,228,0.6403508771929824,38,11.35981308411215,3.013157894736842,32,94.92151609553478,20,0.4956140350877193,male,22.0,J40192
a94a32ebd5f7d177053a,263,0.7870722433460076,38,11.627376425855513,5.346007604562738,38,72.11321609632446,11,0.07604562737642585,female,23.0,J40192
a9554f5c3d61d05617e1,193,1.0518134715025906,38,7.2020725388601035,3.9895833333333335,38,2.5571387449625793,17,0.30569948186528495,male,18.0,J23517
a959b7dd7f65365313a4,475,0.32842105263157895,38,27.85684210526316,7.913793103448276,38,221.13238654970758,19,0.16631578947368422,male,23.0,J78901
a95a606f0110653858b2,243,0.5308641975308642,38,13.925925925925926,3.319502074688797,38,48.830243484224965,16,0.18518518518518517,male,23.0,J78901
a96027a83196027cf822,184,1.266304347826087,38,2.766304347826087,23.92817679558011,38,0.14654589371980678,11,0.27717391304347827,male,24.0,J78901
a9e1aff282e8d6356dce,134,0.8731343283582089,38,13.067164179104477,5.503875968992248,38,444.4036712271973,12,0.208955223880597,male,21.0,J40192
aa83cf5fc68c1dcb5038,228,1.2412280701754386,38,3.8903508771929824,4.214912280701754,38,3.549993908382066,17,0.03070175438596491,male,23.0,J78901
aai4o855shne2taonl8m,172,0.8662790697674418,35,2.8,15.988372093023257,30,222.72418817204303,64,0.313953488372093,female,21.0,J23517
ac4d829c715fb0c36ad5,53,2.188679245283019,38,1.7547169811320755,2.8653846153846154,38,27.950083857442348,4,0.11320754716981132,male,24.0,J40192
ac7214620207dfdd149d,97,1.309278350515464,38,5.896907216494846,5.0,38,315.5972823596793,6,0.08247422680412371,female,24.0,J87654
ac896071204b0ce26a1e,655,0.6274809160305344,38,18.236641221374047,5.810047095761382,38,10.302844359626802,32,0.17251908396946564,male,19.0,J57489
ad29c5822807dabe497c,313,0.6964856230031949,38,13.249201277955272,4.942122186495177,38,25.16571618743344,22,0.134185303514377,male,24.0,J87654
adcc5c13042d66cbfc8b,246,0.8130081300813008,38,8.292682926829269,13.4,38,7.527400632339657,18,0.12601626016260162,female,23.0,J78901
ade35014b25afed24916,184,0.6630434782608695,38,8.798913043478262,5.054347826086956,38,125.87354619565218,15,0.08152173913043478,male,19.0,J78901
ae2e4cb7985c4ac71795,129,1.4031007751937985,38,2.7286821705426356,6.341085271317829,38,0.04842592592592593,13,0.1937984496124031,male,23.0,J87654
af8dedf6ecb4605a09fa,384,1.1119791666666667,38,8.484375,3.77023498694517,38,34.66465350115741,41,0.15364583333333334,female,24.0,J78901
afc99b4940e933922aca,204,0.6225490196078431,38,14.598039215686274,3.4705882352941178,38,158.91747685185186,13,0.21568627450980393,male,22.0,J87654
alj4azvv1eqg1cyr3ae3,157,1.0828025477707006,38,2.225806451612903,3.567741935483871,27,185.62743279569892,61,0.267515923566879,male,21.0,J23517
amzij11bls4wa79p3cj8,170,0.888235294117647,36,1.7580645161290323,13.590361445783133,26,120.48110215053762,70,0.16470588235294117,female,24.0,J40192
ao2x473zwn7k7a6gpfr9,163,0.7607361963190185,38,3.4539007092198584,4.229813664596273,30,333.2220449172577,69,0.2147239263803681,female,18.0,J57489
apxifjd35xfq6t47ysls,158,1.1012658227848102,36,1.897810218978102,9.217948717948717,27,283.78276155717765,67,0.20253164556962025,female,20.0,J23517
aqpg6qwtponj9ojmx6ls,166,0.6566265060240963,37,2.3983739837398375,11.439759036144578,26,243.38714317976513,61,0.1686746987951807,female,23.0,J78901
avehb7ibwpvjcgcr474k,82,1.7682926829268293,38,2.5121951219512195,3.475609756097561,38,0.03790989159891599,10,0.15853658536585366,female,21.0,J23517
awxiqzybhp95e08qx1h5,149,1.0,33,2.075,3.9662162162162162,25,221.3185601851852,60,0.1342281879194631,female,20.0,J23517
axunv0aihh5wvi27tx50,158,1.0253164556962024,34,2.0208333333333335,22.153846153846153,30,190.1526601080247,66,0.16455696202531644,female,24.0,J87654
b050239b47c66a7280c9,198,0.8333333333333334,37,6.195876288659794,8.262626262626263,35,25.62452176403207,24,0.1111111111111111,female,21.0,J40192
b083663157e08e36d335,75,1.7466666666666666,38,2.52,3.96,38,69.16777777777777,15,0.02666666666666667,female,20.0,J23517
b0a62c35bfc7f529e83b,143,0.8951048951048951,38,6.06993006993007,3.972027972027972,38,70.47836247086248,17,0.32167832167832167,male,24.0,J23517
b1976734aee3bf129820,239,1.3138075313807531,38,7.359832635983263,19.485355648535563,38,81.093990004649,15,0.0794979079497908,female,20.0,J57489
b1b3363b7086aaa99b0d,89,1.5393258426966292,38,3.134831460674157,5.426966292134831,38,19.68949438202247,18,0.30337078651685395,male,18.0,J23517
b1fbf77b475e79c3d413,384,0.40625,38,39.20821917808219,3.7989556135770237,35,82.3008797564688,7,0.24479166666666666,female,18.0,J87654
b217bae3c84d59dde71f,192,0.7916666666666666,38,9.234375,8.502673796791443,38,47.60123987268518,21,0.046875,male,22.0,J87654
b21ec59d991586279d95,302,0.5033112582781457,38,16.646464646464647,4.0033670033670035,36,3.550246913580247,20,0.41721854304635764,male,22.0,J23517
b26aab632fd33a01020a,138,1.5507246376811594,38,2.0579710144927534,47.231884057971016,38,0.21363123993558777,18,0.09420289855072464,female,20.0,J23517
b2imd0ms1p4fxkfcpygc,142,0.9436619718309859,36,1.9115044247787611,13.105633802816902,27,199.75205260570306,54,0.20422535211267606,male,21.0,J57489
b32b82ebae5971dd48df,217,1.2580645161290323,38,4.493087557603687,27.47926267281106,38,3.697231182795699,27,0.059907834101382486,male,20.0,J78901
b345ecad87a7fbac77ce,498,1.2469879518072289,38,5.465863453815261,4.451807228915663,38,3.585364234716644,31,0.22088353413654618,female,20.0,J23517
b34d4dc5b6c5fd7c5def,87,1.5747126436781609,38,2.942528735632184,4.747126436781609,38,0.058333333333333334,12,0.40229885057471265,male,24.0,J40192
b37bdce835e610d26c0c,65,1.2461538461538462,23,1.7704918032786885,3.328125,22,0.027777777777777776,13,0.18461538461538463,male,21.0,J78901
b3ac0cebf20ee45135ca,265,0.8754716981132076,38,8.252830188679246,12.992366412213741,38,12.031770440251572,19,0.11320754716981132,female,24.0,J23517
b3e8039d33099e1d066c,115,1.1217391304347826,38,5.660869565217391,4.105263157894737,38,104.507038647343,19,0.14782608695652175,male,24.0,J78901
b43532c7a35b6aedd478,63,1.9682539682539681,38,1.9523809523809523,3.888888888888889,38,24.181613756613757,7,0.14285714285714285,female,24.0,J23517
b4a2138f577d9306f593,435,1.0942528735632184,38,7.239080459770115,5.725173210161663,38,39.05582950191571,28,0.23218390804597702,male,21.0,J57489
b57bc31cac59b3d26216,745,0.9865771812080537,38,10.108724832214765,6.536152796725784,38,12.028348993288592,16,0.2134228187919463,female,24.0,J23517
b5863cc5a1b448ca1cab,225,0.7733333333333333,38,17.56,4.235555555555556,38,212.8983925925926,31,0.14222222222222222,male,21.0,J57489
b6808721d4a7900e360a,574,0.6567944250871081,38,15.013937282229966,22.50874125874126,38,9.991987030584593,21,0.24390243902439024,female,24.0,J57489
b6b2f975de58052aae0c,314,0.445859872611465,38,29.576433121019107,3.4904458598726116,38,272.1004998230715,17,0.267515923566879,female,22.0,J78901
b6ed77b2b3283f9379c8,478,0.4602510460251046,38,18.278242677824267,13.554371002132196,38,8.821169223616922,5,0.3682008368200837,female,19.0,J57489
b6nwoi7doh1m1yzbkxup,169,0.9881656804733728,36,2.8157894736842106,12.74251497005988,30,79.69193530701754,63,0.20118343195266272,male,20.0,J40192
b79c2d9d8148403a3720,420,0.9738095238095238,38,13.730952380952381,4.504878048780488,38,3.9584424603174604,22,0.07857142857142857,female,20.0,J57489
b7ef250772618a089b48,251,0.8924302788844621,38,5.079681274900398,32.70161290322581,38,18.99499667994688,26,0.18326693227091634,female,21.0,J57489
b7f42d4b51972267680e,305,1.0655737704918034,38,9.114754098360656,53.46229508196721,38,45.1267204007286,14,0.013114754098360656,female,19.0,J23517
b8162292f2171005c2ba,386,0.6217616580310881,38,21.031088082901555,3.6865284974093266,38,193.56753454231432,18,0.16580310880829016,female,21.0,J40192
b8290aea71e7a5421a02,49,2.3877551020408165,38,1.2857142857142858,2.2653061224489797,38,0.006700680272108844,3,0.02040816326530612,female,22.0,J23517
b8a4fd679898150ef87a,506,0.6679841897233202,38,10.883399209486166,8.04233870967742,38,7.352114075537988,31,0.2391304347826087,male,18.0,J57489
b8c0c68e7f1220949deb,107,1.4205607476635513,38,4.186915887850467,8.532710280373832,38,23.633496884735205,17,0.16822429906542055,female,20.0,J40192
b8d20bc2e0d3d86f5613,193,1.1036269430051813,38,4.72020725388601,14.86096256684492,38,2.7741781807714445,13,0.015544041450777202,male,24.0,J57489
b92448e12093e45dc6ff,308,0.5584415584415584,38,10.246753246753247,6.193333333333333,38,226.4665954184704,24,0.20454545454545456,female,21.0,J23517
b93d9fe2a844b416581d,163,1.4049079754601228,38,3.4662576687116564,30.14723926380368,38,1.843641785957737,19,0.12269938650306748,male,21.0,J87654
b9a8b9ee84232efd7d61,150,1.44,38,2.9066666666666667,5.773333333333333,38,0.11340740740740742,19,0.14,female,21.0,J87654
b9c7c66c8b57b9d3c6fa,233,0.5708154506437768,38,12.53648068669528,11.03448275862069,38,83.36320100143061,18,0.18025751072961374,male,22.0,J87654
b9d88af0a70c4ccb592e,93,1.6881720430107527,38,2.6236559139784945,4.408602150537634,38,77.01603345280763,34,0.41935483870967744,female,22.0,J87654
ba563fef8484139dc84d,226,0.6106194690265486,38,9.964601769911505,3.4311926605504586,38,20.920573992133725,18,0.3407079646017699,male,22.0,J40192
ba8c301bda7090bda756,72,1.9305555555555556,38,2.1944444444444446,4.444444444444445,38,18.339807098765434,17,0.3888888888888889,male,18.0,J87654
bab3d23935ae4f8e798c,563,0.9307282415630551,38,6.209591474245116,3.915921288014311,38,0.5354006315373988,39,0.25754884547069273,male,23.0,J78901
baed8a816ea02ae929f4,201,1.208955223880597,38,3.1343283582089554,21.73936170212766,38,0.06261332227750138,23,0.26865671641791045,female,19.0,J40192
bafdbc62a48daf6840c9,202,0.693069306930693,38,19.074257425742573,4.138613861386139,38,48.1249903740374,6,0.019801980198019802,male,19.0,J57489
bb3328d3b1eecb5e1a8a,523,0.4646271510516252,38,25.776290630975144,3.947058823529412,38,37.32596876991715,20,0.07648183556405354,male,21.0,J57489
bc48d03763657ec4aa63,339,1.247787610619469,38,5.436578171091446,6.6932153392330385,38,16.195081120943954,18,0.3687315634218289,female,21.0,J87654
bc7286901f708e9069eb,164,0.7134146341463414,38,10.670731707317072,4.611111111111111,38,94.36012703252032,28,0.3719512195121951,female,21.0,J57489
bca2be7a89b9b36b45cc,229,1.4497816593886463,38,5.034934497816594,3.7400881057268722,38,3.0662336244541484,30,0.31877729257641924,male,21.0,J40192
bd099a9fd29545e3766a,115,1.3391304347826087,38,3.4434782608695653,3.643478260869565,38,23.678661835748795,17,0.1826086956521739,female,20.0,J78901
bd657014cfd3fe7a8fe2,107,1.8504672897196262,38,1.5700934579439252,10.205607476635514,38,0.009504153686396677,12,0.22429906542056074,female,18.0,J57489
bd8eb49a6b08f5e66a70,134,1.5671641791044777,38,2.171641791044776,23.984848484848484,38,0.6721123548922056,5,0.5074626865671642,female,22.0,J78901
be032ee60c336e4701e0,180,0.9444444444444444,38,7.022222222222222,3.0944444444444446,38,26.141256172839505,7,0.39444444444444443,male,22.0,J23517
be24259f2867b231800d,173,0.8497109826589595,38,8.653179190751445,3.699421965317919,38,151.83973346178547,17,0.11560693641618497,female,24.0,J23517
be503fccbf0ae5532639,198,0.6717171717171717,38,12.565656565656566,3.611111111111111,38,20.82641273849607,14,0.4494949494949495,male,23.0,J40192
be52205cb48c05e10567,63,0.25396825396825395,11,9.12,3.8421052631578947,8,40.78962777777778,6,0.2222222222222222,male,21.0,J23517
be75e05b9db5efb1258a,128,1.546875,38,2.296875,13.448,38,0.18960720486111113,11,0.34375,female,19.0,J23517
bf07cdd92f1ff3197397,315,0.5523809523809524,38,12.58095238095238,11.951612903225806,38,80.27913756613756,36,0.28888888888888886,male,18.0,J40192
bfc3a5cb3b9c29f08176,384,0.6197916666666666,38,11.3671875,4.190981432360743,38,59.301067708333335,20,0.078125,female,24.0,J40192
bfcf5965e6024248f0a3,115,1.0434782608695652,38,6.417391304347826,3.773913043478261,38,0.11211594202898552,4,0.5826086956521739,male,23.0,J87654
bfl1bc2oafd8hrz2xswq,174,0.867816091954023,35,2.302158273381295,13.439306358381502,28,250.2438788968825,60,0.2413793103448276,male,19.0,J87654
bgvt5n1h0qt51ze0md7w,157,0.46496815286624205,34,4.04,6.48051948051948,17,664.0849805555555,63,0.27388535031847133,male,18.0,J23517
bt192zri52uj2flwikrw,171,0.8654970760233918,36,1.8014705882352942,8.529411764705882,29,165.343227124183,58,0.2573099415204678,male,20.0,J23517
buv73728fa9viqgrz5mj,152,0.7960526315789473,38,1.891089108910891,3.6066666666666665,27,237.56731573157313,68,0.1513157894736842,male,21.0,J23517
bvz9hmtzknu45wvb0yaw,165,1.103030303030303,37,2.01840490797546,3.638036809815951,35,297.9922119972734,58,0.16363636363636364,female,24.0,J23517
bwvpzqnhh752noqjqj8d,168,1.1845238095238095,35,2.018987341772152,4.237804878048781,30,100.37489275668074,63,0.25,female,19.0,J40192
c00c91256ab1777d0dbc,293,0.5870307167235495,38,17.423208191126278,4.174657534246576,38,13.082287637466818,15,0.08191126279863481,male,20.0,J57489
c08165d73ae49215c391,188,1.2446808510638299,38,7.6861702127659575,8.941489361702128,38,18.940608747044916,21,0.06382978723404255,male,19.0,J78901
c0884e4814b0f32935f8,57,2.2280701754385963,38,1.736842105263158,3.43859649122807,38,0.017884990253411306,5,0.543859649122807,female,23.0,J40192
c16e14d7aa5b4ef519e3,74,2.0,38,1.6756756756756757,15.527027027027026,38,40.946550300300295,24,0.08108108108108109,male,19.0,J87654
c200d8d792314a9d3575,194,0.8144329896907216,37,10.063157894736841,5.082474226804123,36,71.40651023391813,10,0.39690721649484534,male,19.0,J23517
c20c86d30d19b39745e2,186,1.075268817204301,38,5.204301075268817,6.076086956521739,38,4.831214157706093,25,0.27956989247311825,female,19.0,J40192
c24bc0aaf20c79d2dfda,227,0.6960352422907489,38,21.05726872246696,4.391111111111111,38,351.7068024963289,4,0.0,female,21.0,J78901
c352158bed343ccff8e5,197,0.6903553299492385,38,6.802030456852792,4.187817258883249,38,31.106600394811057,13,0.07106598984771574,male,23.0,J40192
c35834f349db8ef7c591,394,0.7258883248730964,38,8.730964467005077,17.458549222797927,38,129.95878031584886,16,0.15228426395939088,male,24.0,J40192
c3beec92b66ff78a6ba9,238,0.8403361344537815,38,8.8109243697479,4.686695278969957,38,13.519632352941176,17,0.01680672268907563,male,21.0,J87654
c42aff1f9940e24491cc,114,1.4298245614035088,38,2.8157894736842106,24.710526315789473,38,43.18344054580896,14,0.39473684210526316,female,18.0,J40192
c4ffbc0ba8c38e725fc8,97,1.3917525773195876,38,7.030927835051546,8.608247422680412,38,8.399570446735396,19,0.36082474226804123,female,24.0,J87654
c53129098375fc7f17bc,420,0.4976190476190476,37,15.535802469135803,22.54653937947494,36,20.16635596707819,15,0.03571428571428571,male,20.0,J87654
c57c5ca2df494f27ca64,162,1.376543209876543,38,6.888888888888889,3.4753086419753085,38,128.89693072702332,24,0.15432098765432098,male,19.0,J40192
c5b9961e65ffa73d971e,281,0.7864768683274022,38,8.370106761565836,3.3451957295373664,38,7.588313562672994,25,0.3202846975088968,female,23.0,J87654
c5c5601b771f1b4491fa,122,1.7049180327868851,38,2.901639344262295,15.188524590163935,38,7.3254895264116575,18,0.0,male,24.0,J78901
c5c5e10586e94f96fe95,257,0.9105058365758755,38,7.21011673151751,38.17063492063492,38,0.5599643320363165,14,0.36186770428015563,male,22.0,J40192
c5d83404b165578ef794,119,1.2941176470588236,38,4.46218487394958,7.050420168067227,38,2.674274042950514,11,0.04201680672268908,male,20.0,J87654
c63d5a67687762a9f967,201,1.144278606965174,38,6.666666666666667,10.495,38,19.001600331674958,19,0.12935323383084577,female,21.0,J87654
c681117f7f586fd730bb,213,1.0704225352112675,38,6.671361502347418,8.731132075471699,38,3.7344900886802295,17,0.3051643192488263,female,23.0,J87654
c682f6819dfbfc964bc7,239,0.9414225941422594,38,7.707112970711297,27.42127659574468,38,6.330419572291958,14,0.100418410041841,male,24.0,J57489
c6ab0de398cfcbd21dc5,126,1.0476190476190477,38,8.158730158730158,8.333333333333334,38,19.397729276895944,5,0.16666666666666666,male,20.0,J87654
c7bb8ace7e79b91b3346,194,0.7164948453608248,38,19.22680412371134,3.8556701030927836,38,34.08174828178694,17,0.02577319587628866,female,23.0,J57489
c7c79725138f07b9c265,614,0.757328990228013,38,15.083061889250814,25.422442244224424,38,2.7474140427072022,14,0.0,female,21.0,J40192
c7d5a3256a9f99ba3e98,238,1.1092436974789917,38,3.6596638655462184,8.235294117647058,38,2.8275431839402425,14,0.12605042016806722,female,19.0,J40192
c89e8b7b18082e2fa6df,240,0.7083333333333334,38,18.495833333333334,3.9581589958158996,38,11.958850694444445,17,0.0625,female,23.0,J57489
c8d8f83d06b68fc2f944,194,1.3917525773195876,38,3.4536082474226806,15.442105263157895,38,101.46879152348225,35,0.20618556701030927,male,21.0,J57489
c955c51bfd07134bc831,167,1.2574850299401197,38,4.640718562874252,4.437125748502994,38,10.294752162341982,26,0.04790419161676647,female,18.0,J78901
c99e6802625540e4d1e2,108,1.3703703703703705,38,3.8703703703703702,4.0,38,47.47558641975308,9,0.009259259259259259,female,24.0,J87654
c9c946fe211251af32d1,213,0.9671361502347418,38,13.009389671361502,3.971830985915493,38,54.65750521648409,26,0.215962441314554,female,19.0,J57489
c9c9f0b7606030f2aade,44,2.6363636363636362,38,1.0,2.727272727272727,38,0.0,1,1.0,male,24.0,J23517
c9e6e9322dd7054e618c,95,1.3578947368421053,38,3.0,4.276595744680851,38,1.4718947368421051,14,0.042105263157894736,male,22.0,J57489
ca10145a308249ed82e9,147,1.2448979591836735,38,8.26530612244898,9.360544217687075,38,68.3496201814059,12,0.272108843537415,female,22.0,J23517
ca66ab7e59628143cf1e,133,0.9398496240601504,38,16.338345864661655,3.5615384615384613,38,136.43111737677526,2,0.0,female,19.0,J40192
cac3f85073c947532796,365,1.0383561643835617,38,5.50958904109589,4.43175487465181,38,6.972883561643836,26,0.2136986301369863,female,19.0,J87654
cac84b1c3033872272f0,179,1.0558659217877095,38,4.659217877094972,11.435754189944134,38,17.69762104283054,21,0.5027932960893855,female,18.0,J57489
cad61c88146ec4d99a6d,6,0.16666666666666666,1,6.0,3.6666666666666665,1,0.4891666666666667,1,1.0,female,18.0,J23517
cade7d478dac7020a79b,157,0.821656050955414,38,10.363057324840764,3.551948051948052,38,71.45892958244869,16,0.24203821656050956,male,22.0,J78901
cafe5989da5dfed9f404,425,0.4988235294117647,38,22.1371158392435,3.7741176470588234,37,185.95430916732337,30,0.27058823529411763,female,22.0,J78901
cb2fbb322cc30a8b8fef,209,0.8421052631578947,38,7.7272727272727275,4.086124401913875,38,28.27595826687932,19,0.014354066985645933,male,19.0,J78901
cb65e2038b786e801292,62,2.2903225806451615,38,1.1612903225806452,10.903225806451612,38,0.005224014336917563,13,0.11290322580645161,female,23.0,J23517
cb8c2285066597e012c6,154,0.7597402597402597,38,19.025974025974026,2.7987012987012987,38,63.03477633477634,6,0.09740259740259741,male,19.0,J78901
cbc8550ffaf44443c7ad,191,0.7329842931937173,38,9.842931937172775,13.670157068062828,38,159.12596131471787,11,0.09947643979057591,male,18.0,J57489
cby6hsod14blxr7zyfjs,177,0.751412429378531,35,1.9795918367346939,6.545454545454546,28,333.37034013605444,72,0.2542372881355932,female,22.0,J87654
cc317db3f3bb874542a7,188,0.7872340425531915,38,10.404255319148936,5.101063829787234,38,18.15807771867612,15,0.12234042553191489,female,24.0,J57489
cd6355bf939a47577f6d,663,0.6862745098039216,38,12.093514328808446,3.203675344563553,38,16.86142156862745,34,0.29260935143288086,female,24.0,J78901
cdbfb55b48cefce540dd,91,1.4725274725274726,38,6.241758241758242,5.333333333333333,38,19.469044566544564,12,0.15384615384615385,female,23.0,J57489
ce1a32f22b91f4d81015,259,0.7065637065637066,38,13.567567567567568,3.63953488372093,38,11.512069927069927,21,0.25096525096525096,female,22.0,J40192
ce9dd8f1570caa0d6f5b,442,0.334841628959276,38,20.18099547511312,3.981900452488688,38,97.00280605832076,23,0.23755656108597284,male,22.0,J87654
cef765c4375252a6029b,122,0.7540983606557377,33,10.222222222222221,3.262295081967213,31,6.241166666666666,5,0.0,female,20.0,J87654
cf73246d819a1ea78e14,187,1.106951871657754,38,6.005347593582887,7.738888888888889,38,0.2679471182412359,13,0.21390374331550802,female,20.0,J57489
cf7f9c2c6872be9bf2d6,254,1.110236220472441,38,3.9173228346456694,4.362549800796812,38,0.3090955818022747,24,0.5354330708661418,female,21.0,J78901
cfaac49f7cc94528ffa7,129,1.503875968992248,38,2.0930232558139537,5.286821705426356,38,0.7762532299741601,16,0.21705426356589147,male,18.0,J78901
cfi8t4xrx12m2lt4flwz,174,0.7241379310344828,38,3.5142857142857142,13.94767441860465,27,265.897626984127,57,0.27586206896551724,female,23.0,J40192
cgydhui8n3uoxbq5rznl,170,0.6823529411764706,36,4.522875816993464,3.718562874251497,25,239.14589506172842,63,0.20588235294117646,male,20.0,J40192
cm2celd9hmos24j2a5cg,143,0.8881118881118881,35,1.2704918032786885,6.5928571428571425,28,98.24816939890711,52,0.1958041958041958,female,22.0,J78901
cmy2w5due4kl6pn6uia5,177,0.672316384180791,38,2.6346153846153846,13.436781609195402,30,263.29346331908835,61,0.15819209039548024,male,24.0,J87654
cnkddx6ofjqd7ueylz0e,179,0.888268156424581,34,2.027972027972028,3.772727272727273,28,237.1351787101787,65,0.18994413407821228,female,20.0,J87654
cnqyqc90n3ixrlc3mri7,151,0.8145695364238411,35,2.1333333333333333,3.6266666666666665,29,336.31899305555555,58,0.1986754966887417,male,19.0,J40192
cp4d94b2v0ws6am7mvuw,150,0.78,34,2.260869565217391,4.154362416107382,23,184.8878079710145,56,0.14,male,23.0,J57489
csvv3l0saxxx6pax18c3,145,1.0206896551724138,33,2.7846153846153845,7.103448275862069,26,188.51937393162393,53,0.15862068965517243,female,21.0,J57489
csxiwtz34vm9vr0kbryx,206,0.7281553398058253,37,3.5,3.4585365853658536,32,167.29864117983962,68,0.32038834951456313,male,21.0,J87654
cunf3y04zq0f90dgy36j,179,0.7821229050279329,36,2.510344827586207,3.553072625698324,30,389.9393486590038,62,0.2346368715083799,male,22.0,J40192
cuwakm24vlp785ky5w71,200,0.855,37,2.2339181286549707,3.895,27,189.33339993502273,64,0.195,male,18.0,J87654
cy2sv8kkoybje2okbll0,167,1.0179640718562875,36,1.9699248120300752,11.319277108433734,27,203.16805764411026,59,0.2634730538922156,male,21.0,J87654
cygc6ulxpz04ex7under,161,1.173913043478261,35,1.9932432432432432,9.416666666666666,30,162.51536036036038,67,0.11180124223602485,female,24.0,J87654
cz0pbk8vede7ey2oce4a,187,0.9090909090909091,36,2.28,11.401098901098901,31,324.3268079365079,79,0.1657754010695187,female,20.0,J78901
d02f48d05ce5e7ca16e1,156,1.4487179487179487,33,3.2435897435897436,7.044871794871795,33,72.35913461538462,18,0.11538461538461539,male,23.0,J40192
d035c324a020e7948fe8,224,0.9375,38,4.584821428571429,15.401785714285714,38,78.81716145833333,23,0.24553571428571427,female,19.0,J57489
d059dfed16a6d1ca6ddf,226,1.1061946902654867,38,7.066371681415929,14.497777777777777,38,7.6979056047197645,32,0.2610619469026549,female,19.0,J57489
d0a933a514028d777578,153,1.5490196078431373,38,2.8823529411764706,4.071895424836601,38,23.74193536673929,17,0.3202614379084967,female,21.0,J40192
d103bd9455fb9258c805,131,1.0610687022900764,38,8.618320610687023,3.66412213740458,38,440.7724936386768,10,0.1297709923664122,male,18.0,J57489
d16ht4y29lrac1brhwm1,149,0.8389261744966443,36,2.2170542635658914,23.283783783783782,29,376.47675710594314,70,0.19463087248322147,male,21.0,J40192
d1df92e9d19fb2f22ebb,574,0.8240418118466899,38,26.32404181184669,12.410839160839162,38,18.57570557491289,18,0.25261324041811845,male,21.0,J78901
d1e44a91dd4f37c03d43,151,1.0529801324503312,38,5.450331125827814,3.02,38,2.8830058866813832,9,0.152317880794702,male,18.0,J78901
d235a2c32940b970ab7c,57,2.0701754385964914,38,1.4912280701754386,2.736842105263158,38,0.012383040935672517,4,0.15789473684210525,female,22.0,J87654
d2403aa287eb869a170a,490,0.3489795918367347,38,27.16938775510204,3.63771186440678,38,66.43836904761905,20,0.2653061224489796,male,21.0,J23517
d27565678ffa4a9bfa85,132,0.9015151515151515,38,12.818181818181818,2.909090909090909,38,154.48409511784513,6,0.32575757575757575,male,19.0,J87654
d2c5423ea5fa0a995264,135,0.9925925925925926,36,5.451851851851852,15.82089552238806,36,7.475860082304528,11,0.02962962962962963,female,20.0,J57489
d2cb0d0da17471ee23a9,207,0.5990338164251208,38,13.806763285024154,3.821256038647343,38,67.18963097155127,10,0.07729468599033816,male,22.0,J78901
d2e033f11edce44fea3d,110,1.4,38,2.709090909090909,3.44954128440367,38,2.4598080808080804,20,0.06363636363636363,female,23.0,J23517
d311ac015e2e230935b2,126,1.1587301587301588,38,7.626984126984127,14.738095238095237,38,37.37501543209876,18,0.3412698412698413,male,24.0,J78901
d33a15d480f68c6ec82f,194,1.0618556701030928,38,6.27319587628866,3.9947916666666665,38,17.15790664375716,21,0.11855670103092783,male,22.0,J78901
d3ba1fe030801d700cb6,188,0.9627659574468085,38,6.140540540540541,3.154255319148936,36,1.3452867867867868,14,0.24468085106382978,female,23.0,J78901
d3e269bf68d51851097c,386,0.616580310880829,38,15.0,10.942857142857143,38,28.895153281519864,22,0.13730569948186527,female,21.0,J23517
d3fd2319c0f3aa00c371,134,1.7238805970149254,38,2.6940298507462686,13.843283582089553,38,1.73681592039801,25,0.3880597014925373,female,19.0,J40192
d3tt41de5iashfjr1txr,148,0.9121621621621622,35,4.430769230769231,3.9594594594594597,26,186.9439829059829,59,0.18243243243243243,male,19.0,J87654
d45eea92ed42431d9076,105,1.380952380952381,38,3.7333333333333334,4.504761904761905,38,5.759452380952381,13,0.0,male,20.0,J78901
d4d7a248a58363732f8e,198,0.8484848484848485,38,12.277777777777779,15.739795918367347,38,29.801853254769924,23,0.36363636363636365,male,21.0,J40192
d4geyy1ox6qzlz4ibz0z,166,0.9457831325301205,37,1.7886178861788617,13.733333333333333,25,126.14738256549232,51,0.13253012048192772,male,23.0,J87654
d4xny47ows87zd7viwj5,192,1.0208333333333333,37,2.05625,10.75916230366492,28,144.21618055555555,66,0.21354166666666666,male,23.0,J87654
d5067bceac0ffa5e4704,89,1.404494382022472,38,3.955056179775281,4.0344827586206895,38,75.42596129837702,14,0.14606741573033707,male,21.0,J40192
d52b119f8da2a1812722,188,0.7127659574468085,38,14.297872340425531,2.978723404255319,38,108.36465573286051,15,0.0,female,19.0,J40192
d536120baaef5495c028,171,0.783625730994152,38,10.894736842105264,4.230769230769231,38,103.8826754385965,13,0.39766081871345027,female,18.0,J23517
d53a4fb612fb801fff3d,228,0.5087719298245614,37,19.004566210045663,4.3031674208144794,35,14.392644596651447,16,0.24561403508771928,female,23.0,J78901
d554e419f820fa5cb0ca,136,1.3676470588235294,38,3.875,15.705882352941176,38,0.2646343954248366,11,0.0,male,19.0,J40192
d6d4488fa27e11465974,69,1.9855072463768115,38,1.3768115942028984,4.426470588235294,38,2.4653341384863126,20,0.08695652173913043,male,19.0,J78901
d6d6e7da792fdf0106f0,151,0.9072847682119205,38,12.205298013245033,10.165562913907285,38,11.145239146431198,22,0.07947019867549669,male,21.0,J23517
d6f3f410bbb24244d270,221,1.1402714932126696,38,11.149321266968325,3.914027149321267,38,0.6091867772750126,16,0.08597285067873303,female,20.0,J40192
d6qgzp196pwnzk7agyn6,201,0.9502487562189055,37,1.7109826589595376,3.705,30,161.222622029544,64,0.17412935323383086,female,19.0,J40192
d72abe041b8db9118e70,125,1.096,38,4.464,3.232,38,77.8419711111111,18,0.304,female,18.0,J40192
d7464b55181ef45e2d63,236,0.635593220338983,38,15.292372881355933,3.6096491228070176,38,39.65236111111111,25,0.046610169491525424,female,20.0,J87654
d76c58732e315933a6cf,94,1.3936170212765957,37,3.369565217391304,5.595744680851064,36,22.46590579710145,14,0.2872340425531915,male,22.0,J40192
d7ad1a5f3ab7d6237f8e,443,0.6049661399548533,38,8.884892086330936,8.568493150684931,37,30.554048760991208,27,0.3295711060948081,female,23.0,J87654
d8ed5a1897987ffdeaed,158,1.3481012658227849,38,4.974683544303797,3.962025316455696,38,18.499528832630098,21,0.11392405063291139,male,19.0,J78901
d93519b044de1fa037b0,58,1.9482758620689655,38,1.8461538461538463,3.6724137931034484,37,0.03559294871794872,2,0.29310344827586204,female,21.0,J23517
d94c5dba40d9fcbfb8d9,204,1.142156862745098,38,5.264705882352941,4.862068965517241,38,3.669576525054466,19,0.22058823529411764,male,23.0,J40192
d9dfc134efd3826bdaed,161,1.2981366459627328,38,3.658385093167702,20.0,38,183.14924775707382,23,0.21739130434782608,male,18.0,J23517
d9qmlhyp13mf5nto4qih,182,0.967032967032967,37,2.68,6.836158192090395,27,131.38340185185183,69,0.3021978021978022,female,24.0,J87654
da2199a7da15995db5ff,128,1.515625,38,4.7109375,4.16,38,77.69551215277777,22,0.2109375,male,20.0,J78901
dac03bcbefc3a08c8b50,113,1.0530973451327434,38,9.106194690265486,3.504424778761062,38,87.13809734513273,7,0.25663716814159293,female,24.0,J23517
daf693769d8638a22ee9,152,1.3223684210526316,38,4.0131578947368425,4.298013245033113,38,0.3272916666666667,22,0.125,male,22.0,J23517
daty5mq7b20bkt2c2zfs,181,0.6077348066298343,35,4.626865671641791,19.61111111111111,25,350.7071849087894,72,0.1878453038674033,female,22.0,J40192
db0241cf536c2174d9ed,309,0.6957928802588996,38,11.88673139158576,22.57046979865772,38,80.14654620640057,17,0.6440129449838188,female,23.0,J23517
db0bcf208cbed26d0bfe,58,2.1379310344827585,38,1.2758620689655173,2.7413793103448274,38,0.3658860153256705,2,0.6206896551724138,female,19.0,J23517
db2418c575c0a4f7239d,213,1.0375586854460095,38,13.699530516431924,3.830188679245283,38,22.860559467918623,27,0.2676056338028169,female,18.0,J78901
db54f15d48fa56b0d953,155,0.8064516129032258,38,12.729032258064516,3.973333333333333,38,172.8456971326165,18,0.10967741935483871,male,20.0,J87654
dba2bc2a15c1e8d696fe,131,1.0305343511450382,38,4.782258064516129,6.892307692307693,37,31.115801971326164,11,0.5725190839694656,male,24.0,J78901
dc83f9577ae72447a7b1,366,0.5956284153005464,38,8.423497267759563,4.002785515320334,38,52.58657255616272,32,0.21311475409836064,female,18.0,J23517
dc93d7d840a88e5efb17,226,1.1504424778761062,38,6.3584070796460175,27.336283185840706,38,0.5512475417895772,21,0.3008849557522124,female,20.0,J40192
dcd0562f8fb44933cb08,98,1.0918367346938775,38,5.670886075949367,2.836734693877551,35,504.72033403656826,7,0.336734693877551,female,24.0,J78901
dddd7ba8769cf90bfd62,157,1.1337579617834395,38,13.968152866242038,3.4968152866242037,38,4.899964614295825,21,0.31210191082802546,female,19.0,J40192
de5213e7b8c88440a298,361,0.6980609418282548,38,9.562326869806094,22.59776536312849,38,265.3803647276085,19,0.07202216066481995,male,19.0,J57489
dee7cfe3312551bdf5a5,128,1.3984375,38,4.125,10.359375,38,7.8111762152777775,16,0.1015625,female,19.0,J23517
def1216bf8f3009dbe41,178,0.8707865168539326,38,9.910112359550562,3.3202247191011236,38,4.682155118601749,19,0.6179775280898876,female,20.0,J40192
df02e3643bb9ee33fb0c,144,1.4236111111111112,38,3.1041666666666665,4.204225352112676,38,42.18482060185185,17,0.1597222222222222,male,20.0,J40192
df62b7675d1fdb8e6b11,172,1.2906976744186047,38,3.7093023255813953,4.171597633136095,38,3.310408591731266,11,0.13953488372093023,female,23.0,J78901
df784e67883e018f88b8,92,1.423913043478261,38,3.260869565217391,21.32608695652174,38,74.83300724637681,17,0.0,male,23.0,J57489
dfa917b9dc15c87ab016,754,0.6816976127320955,38,24.380636604774537,9.659430122116689,38,11.600891909814324,12,0.2984084880636605,male,21.0,J23517
dfnvtf7qbi2955rjeaqx,184,1.2934782608695652,35,2.44,3.434065934065934,31,106.93241904761904,69,0.14130434782608695,female,24.0,J87654
dgoapkg9vpnafks22kx4,176,1.3011363636363635,37,1.9698795180722892,4.404624277456647,33,153.38085843373494,69,0.14204545454545456,female,19.0,J40192
di7sclw5samggg4sxipv,177,0.8983050847457628,38,2.3372093023255816,9.152046783625732,34,167.67765180878553,63,0.1751412429378531,female,21.0,J87654
dri4ey8he2jovloucu86,154,0.6948051948051948,38,2.203252032520325,6.590909090909091,23,246.13290876242095,63,0.16883116883116883,male,21.0,J40192
dt7s87imgsbma3l5scym,172,0.9593023255813954,37,1.73125,13.803571428571429,30,185.10946354166668,69,0.16279069767441862,male,24.0,J23517
dwg6k0ka5vuwzo5h11m0,188,0.8670212765957447,38,2.1948051948051948,15.080213903743315,25,155.2373629148629,55,0.24468085106382978,male,24.0,J78901
e00bc7d9f2ce32c4f745,251,1.3067729083665338,38,4.960159362549801,17.07171314741036,38,47.8505411686587,30,0.09561752988047809,female,19.0,J23517
e0be3445997310f4d68e,361,0.7202216066481995,38,10.254847645429363,12.7966573816156,38,6.8420760233918125,22,0.29916897506925205,male,18.0,J23517
e103cf810dfba59d0431,172,0.7848837209302325,38,8.034883720930232,3.645348837209302,38,78.62749031007752,9,0.08139534883720931,female,22.0,J87654
e17f01453906e3ae5716,407,0.47665847665847666,38,12.562653562653562,3.7984886649874054,38,62.222917690417695,22,0.04668304668304668,male,22.0,J57489
e199ddadaaf5aee02eb8,235,0.6680851063829787,38,9.72340425531915,3.217391304347826,38,24.16352955082742,23,0.3021276595744681,male,23.0,J57489
e224221a9971f9f45489,255,1.1803921568627451,38,8.513725490196078,5.618110236220472,38,13.817285403050109,20,0.11764705882352941,male,22.0,J87654
e22c18eef214a779b4c2,228,1.1578947368421053,38,4.526315789473684,9.478070175438596,38,16.64904605263158,23,0.17105263157894737,female,18.0,J23517
e23ada44d3eac9b465d2,111,1.4594594594594594,38,3.3063063063063063,3.740740740740741,38,47.19607607607608,25,0.06306306306306306,male,23.0,J87654
e28711e2f5500d3d6b04,761,0.442838370565046,38,26.032851511169515,8.055190538764784,38,68.06419951817784,25,0.1445466491458607,female,23.0,J23517
e2d7ee3637149f7087b2,246,0.5487804878048781,38,14.3130081300813,3.9065040650406506,38,17.080633468834687,18,0.32113821138211385,male,18.0,J40192
e2ea6dbbe90983dbb208,236,0.7415254237288136,38,15.652542372881356,3.3347457627118646,38,3.2517984934086623,8,0.3432203389830508,female,18.0,J23517
e2ee4818284ba527ef0a,118,1.2033898305084745,38,3.5,3.3220338983050848,38,11.652156308851223,11,0.23728813559322035,male,18.0,J40192
e324cc9cb52a2b3cb9cb,316,0.43670886075949367,38,20.825949367088608,3.0955414012738856,38,233.4940304149086,18,0.2563291139240506,male,21.0,J78901
e37bbe9fe37f92b785d9,270,1.2222222222222223,38,6.262962962962963,3.8407407407407406,38,3.3449588477366254,26,0.24444444444444444,female,19.0,J78901
e3b920878572dbcf8c9e,44,2.6363636363636362,38,1.0,2.659090909090909,38,0.0,1,0.0,male,18.0,J78901
e3ce61b92eeae0a33633,114,1.131578947368421,38,14.043859649122806,3.93859649122807,38,15.139076510721248,8,0.06140350877192982,male,24.0,J78901
e3d0782396c346359a8f,129,1.2093023255813953,38,6.108527131782946,3.9844961240310077,38,49.810697674418606,9,0.06976744186046512,male,18.0,J87654
e43a0e28d5cd6b54a2af,104,1.2596153846153846,38,5.903846153846154,4.480769230769231,38,98.76280181623932,12,0.07692307692307693,male,20.0,J87654
e43g7im7dra88a4o8bbl,170,0.8470588235294118,37,3.1476510067114094,24.852941176470587,32,685.406552945563,62,0.12941176470588237,male,18.0,J40192
e4af37199530e9ea523c,300,0.6533333333333333,38,9.97,8.996655518394649,38,91.36106666666666,22,0.17333333333333334,male,19.0,J57489
e4c80506c14da4ad563d,208,0.9567307692307693,38,8.08173076923077,12.14423076923077,38,7.673814102564103,16,0.12980769230769232,female,23.0,J40192
e4d6737b176e6ca5ef06,212,0.7735849056603774,38,9.679245283018869,4.764150943396227,38,212.22190906708596,16,0.4386792452830189,male,22.0,J87654
e50db74322430aa289b1,156,1.0961538461538463,38,7.064102564102564,18.53205128205128,38,662.838612891738,13,0.10897435897435898,female,18.0,J23517
e58gk2f3crnwqnx0gett,157,1.0127388535031847,33,1.927007299270073,14.064516129032258,27,261.48083130575833,60,0.18471337579617833,female,19.0,J57489
e5b30ace9334d153e076,255,0.8745098039215686,38,7.105882352941176,21.537549407114625,38,14.388513071895424,16,0.10196078431372549,male,24.0,J87654
e5cab2ae37f3a9ed4f46,166,0.6746987951807228,38,20.63157894736842,3.8313253012048194,33,671.9619919590643,8,0.24096385542168675,male,20.0,J78901
e62f7655cb5259abfbf1,206,0.7281553398058253,38,7.131067961165049,3.407766990291262,38,158.35565533980582,22,0.5436893203883495,male,18.0,J78901
e6b9a4292b6a8e8e0ef0,59,2.0847457627118646,38,1.7457627118644068,6.576271186440678,38,4.083314500941619,11,0.0,female,22.0,J23517
e6c8ce7f4d7b0b4ca4a6,198,0.8181818181818182,38,5.237373737373737,4.3538461538461535,38,24.02644640852974,28,0.3282828282828283,female,19.0,J87654
e716574233e87591ff19,313,0.5399361022364217,38,11.412140575079873,3.8115015974440896,38,45.03885516506922,22,0.3929712460063898,male,23.0,J78901
e73ae5f649c6f52b3fb1,185,1.2486486486486486,38,4.145945945945946,3.6793478260869565,38,9.246782282282282,32,0.14594594594594595,female,20.0,J23517
e77eaaa90a75ea6167f4,177,0.96045197740113,38,6.3559322033898304,13.834319526627219,38,49.84875549278092,15,0.03954802259887006,male,24.0,J40192
e7958857e7d2292ffbc7,205,0.697560975609756,38,25.14,4.931707317073171,36,202.0110263888889,14,0.11707317073170732,female,21.0,J40192
e7feb8599ea5f596aeac,148,1.2837837837837838,38,5.047297297297297,4.621621621621622,38,13.71696509009009,29,0.27702702702702703,female,23.0,J57489
e851f82a650692f8e591,246,0.7642276422764228,38,7.378048780487805,3.7439024390243905,38,72.65437104787715,21,0.4268292682926829,male,18.0,J40192
e865c97bc96802575f80,512,0.525390625,38,23.939453125,13.241176470588234,38,18.494186197916665,26,0.072265625,male,24.0,J78901
e86f896d71d48d87464d,70,0.5285714285714286,16,10.217391304347826,3.8285714285714287,15,10.076855877616746,10,0.2857142857142857,male,22.0,J40192
e877c03b218bddedd3b8,160,0.79375,38,8.438709677419356,3.35,37,341.7437240143369,14,0.2,male,23.0,J40192
e89cdaa3f159a0d3f55e,769,0.5201560468140443,38,28.937581274382314,3.712021136063408,38,92.09913993642537,29,0.04681404421326398,male,19.0,J57489
e9b6fa8a87469779d732,305,0.6918032786885245,38,10.718032786885246,3.316666666666667,38,142.27860564663024,30,0.29180327868852457,female,24.0,J40192
e9vzigim3qs88f721ohz,164,0.8963414634146342,35,1.9395973154362416,8.570552147239264,29,261.6549161073826,57,0.20121951219512196,female,18.0,J87654
eacb3353d7bc80cf3e7a,109,1.5596330275229358,38,2.0458715596330275,16.962962962962962,38,6.2544189602446485,17,0.13761467889908258,male,23.0,J40192
eb4493aa138e8edc3f6d,200,0.64,38,8.98,3.725,38,289.19185555555555,10,0.105,male,20.0,J57489
eb93cedc17b4eac76750,209,0.9234449760765551,38,7.956937799043062,21.722772277227723,38,73.8227538543328,22,0.07655502392344497,male,23.0,J23517
ebe7a295f61c831b0093,235,1.0297872340425531,38,14.893617021276595,9.811965811965813,38,0.2883451536643026,9,0.4085106382978723,male,19.0,J78901
ec4897070f2d3b6eab89,132,1.143939393939394,38,3.1515151515151514,4.2384615384615385,38,34.05774621212121,18,0.32575757575757575,male,19.0,J40192
ec5zb47nxjbuzemc81p0,179,0.6927374301675978,36,2.1796875,8.692737430167599,25,353.1523111979167,72,0.20670391061452514,female,19.0,J87654
ec86426a6e0331d06091,112,1.0625,38,7.553571428571429,5.108108108108108,38,14.394362599206348,11,0.0,female,18.0,J57489
ed4b51eb098deb0ba58e,175,1.48,38,3.565714285714286,8.8698224852071,38,7.702663492063492,20,0.38285714285714284,female,24.0,J40192
ed5a13234f04cae4894d,62,1.8387096774193548,38,1.5818181818181818,4.096774193548387,36,31.697792929292927,10,0.3225806451612903,male,24.0,J23517
ed94d52e091b68ca5ee5,229,1.3362445414847162,38,4.2314410480349345,8.109649122807017,38,0.2294116933527414,14,0.03056768558951965,male,24.0,J78901
ee07cc24589beb775d33,242,0.987603305785124,38,4.3347107438016526,37.25,38,2.216497933884298,18,0.4834710743801653,male,23.0,J40192
ee1ef9674f9e0bfca48b,75,1.64,38,3.36,3.4266666666666667,38,45.417477777777776,11,0.25333333333333335,female,18.0,J40192
eec0307b4d47609d6933,450,0.5622222222222222,38,8.666666666666666,4.235555555555556,38,18.02728888888889,25,0.09555555555555556,male,20.0,J78901
ef04ejvyvmh5votejbif,192,0.9791666666666666,35,2.135135135135135,3.8225806451612905,31,142.31797297297297,60,0.1875,female,20.0,J87654
ef133c92e274a97b6eeb,76,1.894736842105263,38,2.013157894736842,24.526315789473685,38,0.26507675438596495,7,0.6447368421052632,male,19.0,J87654
ef912a5602a5f70b244b,101,1.3663366336633664,38,5.227722772277228,8.415841584158416,38,15.494392189218921,18,0.009900990099009901,female,21.0,J23517
efb9fe363bdeb9f48d69,117,1.017094017094017,38,6.2905982905982905,3.5811965811965814,38,232.4238081671415,18,0.4358974358974359,male,24.0,J40192
efd58fbebca61c41c881,44,2.6136363636363638,36,1.0,4.659090909090909,36,0.0,3,0.25,female,23.0,J23517
em248gxmeso9cw0wzlv8,181,0.8011049723756906,37,4.461538461538462,3.808988764044944,29,164.0775017806268,60,0.27624309392265195,female,23.0,J87654
emnk7ob7xxxdiph6fun3,183,0.907103825136612,35,1.792857142857143,6.419889502762431,26,271.8275476190476,79,0.16939890710382513,female,22.0,J87654
erjfooit15024g7nj8co,162,1.0246913580246915,34,1.6470588235294117,16.1055900621118,31,164.65158315177925,60,0.12962962962962962,female,20.0,J23517
exaiz0y0uvpeg498cg4j,169,0.8284023668639053,34,2.1153846153846154,13.387878787878789,26,186.20992094017092,62,0.2603550295857988,female,21.0,J78901
exj3a7hd6gwihbowgm3w,174,0.764367816091954,36,2.12396694214876,3.7588235294117647,22,213.27663223140496,68,0.2413793103448276,female,22.0,J57489
ezdogkk0jqt4nvvvbnxp,151,0.9337748344370861,38,3.6742424242424243,6.644295302013423,28,135.70864478114478,56,0.1986754966887417,female,20.0,J87654
f05247f3d32a4bf5a6df,409,0.41075794621026895,38,22.904645476772615,3.8759305210918114,38,76.33115661505026,20,0.18337408312958436,female,21.0,J57489
f058870b1bc33e288e82,149,1.2013422818791946,38,3.9395973154362416,3.6486486486486487,38,0.16145600298284862,11,0.11409395973154363,male,20.0,J78901
f06c3ddb1a98713eeb32,322,0.6149068322981367,38,10.298136645962733,4.7639344262295085,38,119.56330227743271,18,0.22981366459627328,male,23.0,J87654
f1c1c0932bfeb74762d0,540,0.4351851851851852,38,22.177777777777777,5.393258426966292,38,81.5031322016461,24,0.20925925925925926,female,23.0,J87654
f22c9341431a6123f670,155,1.064516129032258,38,6.2064516129032254,4.6797385620915035,38,0.3655555555555556,11,0.03870967741935484,female,18.0,J23517
f25a777dbbda3d4314d7,200,0.94,38,12.905,3.12,38,0.8568583333333334,12,0.045,male,22.0,J87654
f26c1d520ac39293c68a,529,0.5463137996219282,38,15.311909262759924,7.469111969111969,38,15.537522054190296,26,0.11153119092627599,male,20.0,J40192
f286ac7cd0663855cc5f,174,0.8850574712643678,38,8.051724137931034,8.649425287356323,38,84.92942049808428,12,0.13793103448275862,female,21.0,J23517
f36a755a3fa5db5c0743,196,0.9081632653061225,38,12.428571428571429,4.188775510204081,38,0.4677451814058957,17,0.08163265306122448,female,21.0,J78901
f47eab262dd5809d4d60,159,1.150943396226415,38,6.836477987421383,3.4213836477987423,38,26.720188679245286,21,0.2830188679245283,female,18.0,J78901
f4e46ba446c56e56259b,191,0.743455497382199,38,15.157068062827225,3.722513089005236,38,22.023960151250726,13,0.3769633507853403,female,22.0,J40192
f50dcd09709383fea95f,224,0.7410714285714286,38,13.428571428571429,3.892857142857143,38,83.29323412698412,14,0.3705357142857143,female,22.0,J40192
f527k17lr4aumahjtj92,169,0.4970414201183432,35,3.4234234234234235,16.487654320987655,19,312.8790990990991,66,0.14792899408284024,male,23.0,J87654
f5c3c6eb77fac482de13,106,1.2641509433962264,38,5.820754716981132,11.716981132075471,38,41.907921907756815,19,0.12264150943396226,female,19.0,J78901
f5j3cojh9fr5gvylr0yi,163,0.7484662576687117,37,1.6456692913385826,11.190184049079754,24,228.8122922134733,66,0.22085889570552147,male,22.0,J87654
f5jwwahac3fyc6rq5tex,174,1.0172413793103448,34,1.4460431654676258,10.925287356321839,26,145.9036790567546,63,0.14367816091954022,male,24.0,J78901
f63cab44b941c6ca80d6,265,0.7358490566037735,38,9.143396226415094,10.460377358490566,38,40.20855136268344,19,0.29056603773584905,female,22.0,J23517
f7a14eb1e15ceeea955c,212,1.3018867924528301,38,4.349056603773585,4.530805687203792,38,16.88996855345912,25,0.15566037735849056,male,23.0,J78901
f7c4a29d42220e1cea27,175,1.4114285714285715,38,2.7657142857142856,13.086206896551724,38,29.69401746031746,23,0.21714285714285714,male,18.0,J87654
f81f52969ef1de783de3,200,0.865,38,8.365,18.735,38,82.72382361111111,17,0.22,male,22.0,J40192
f82461b84c9c48a36613,184,1.1358695652173914,38,3.6684782608695654,3.777142857142857,38,33.91505736714976,25,0.09782608695652174,male,21.0,J40192
f8c2f04e8e116f0fd237,389,0.7172236503856041,38,10.424164524421593,3.7017994858611827,38,15.6905676949443,29,0.30077120822622105,male,21.0,J23517
f964ee6bca634319a68f,343,0.9591836734693877,38,3.927113702623907,5.988059701492538,38,0.22849206349206352,8,0.5685131195335277,female,18.0,J57489
f9c641e9c05c243a751e,170,0.8529411764705882,37,8.702380952380953,6.4941176470588236,36,7.028915343915344,9,0.06470588235294118,male,18.0,J78901
f9d95830556934ae9a01,282,0.7624113475177305,38,8.78014184397163,3.387218045112782,38,59.75605988967691,25,0.12056737588652482,male,23.0,J57489
f9dde99f5db421171b51,604,0.40728476821192056,38,26.31291390728477,12.151202749140893,38,226.64175358719646,22,0.04304635761589404,female,22.0,J23517
f9ef2830cd485d038b53,37,2.4594594594594597,30,1.0555555555555556,3.081081081081081,29,0.0002932098765432099,1,0.0,female,18.0,J40192
faa31dca7ed1dd11fe44,628,0.5923566878980892,38,62.22929936305732,17.963515754560532,38,167.20143710191084,17,0.0015923566878980893,male,21.0,J23517
fabad359607dabbaaed4,160,1.43125,38,3.5,4.261146496815287,38,33.48345486111111,20,0.04375,male,19.0,J78901
fb4411db1aac3cd2544b,153,0.9281045751633987,37,4.2026143790849675,3.8421052631578947,37,76.01358206245462,18,0.0,female,22.0,J23517
fb5d5693ffa9f022a191,113,1.3805309734513274,38,4.327433628318584,4.389380530973451,38,65.85592182890855,17,0.13274336283185842,female,23.0,J23517
fb735wd248crm37cgmgw,153,1.026143790849673,36,1.6853146853146854,3.8815789473684212,30,77.2239627039627,61,0.20261437908496732,female,19.0,J23517
fc1c9dd58091c33d8888,438,0.6278538812785388,38,13.691780821917808,4.611241217798595,38,8.573892694063927,19,0.11643835616438356,male,18.0,J78901
fc39de3859d890b9693d,275,0.7054545454545454,38,10.163636363636364,14.037878787878787,38,7.387847474747475,13,0.04727272727272727,male,21.0,J57489
fc5a9edc3413ecece4bd,102,1.4705882352941178,38,10.803921568627452,5.333333333333333,38,188.2968681917211,22,0.10784313725490197,male,20.0,J78901
fc916744a3bd5120978f,224,0.7946428571428571,38,16.866071428571427,5.682027649769585,38,1.6176674107142854,10,0.20535714285714285,female,24.0,J40192
fcf6463f948b24ac7cd8,154,1.0324675324675325,38,6.746753246753247,5.87012987012987,38,13.678903318903318,16,0.5714285714285714,male,18.0,J87654
fcwom6dicy0kov3lxsf8,169,1.0355029585798816,35,2.0588235294117645,8.44378698224852,31,477.0620787944807,71,0.1834319526627219,male,22.0,J23517
fda1eaffdfa7350e5d97,394,0.4949238578680203,38,29.578680203045685,5.333333333333333,38,109.9050747320925,28,0.21573604060913706,female,24.0,J78901
fdd50b3ad56dcf116c82,122,1.1311475409836065,38,6.19672131147541,4.858333333333333,38,33.83534836065574,20,0.1885245901639344,male,20.0,J78901
fdd714a996ac8bd8006d,74,1.945945945945946,38,2.5945945945945947,3.6285714285714286,38,1.3953303303303304,12,0.0945945945945946,female,21.0,J87654
fe40bd528b4fbbf591e1,261,0.735632183908046,38,13.061302681992338,3.953307392996109,38,27.870895061728397,24,0.23371647509578544,male,23.0,J87654
fe5cf715d9c94fc7779e,97,1.577319587628866,38,2.9896907216494846,4.402061855670103,38,0.04224799541809851,3,0.7525773195876289,female,21.0,J40192
fe752a6d1aa3d710d738,280,0.575,38,10.82857142857143,3.424812030075188,38,67.86659226190476,28,0.20357142857142857,male,21.0,J40192
fef67841144f4c95a6c5,97,1.7731958762886597,38,1.7216494845360826,7.7368421052631575,38,0.01491122565864834,12,0.16494845360824742,female,20.0,J57489
ff2d815d9ef74b153b54,123,1.089430894308943,38,6.056910569105691,4.317073170731708,38,50.21758355916893,25,0.08943089430894309,male,21.0,J87654
ff59855075a6bc39d62b,82,1.475609756097561,38,2.8902439024390243,3.2439024390243905,38,5.962513550135502,9,0.21951219512195122,male,23.0,J78901
ff63c210b94623453b5f,294,0.8027210884353742,38,10.938775510204081,3.6404109589041096,38,23.52795162509448,18,0.35034013605442177,female,18.0,J87654
ffe3886e3e3bab0249b5,195,1.3128205128205128,38,3.5794871794871796,32.225641025641025,38,14.993826210826212,18,0.24102564102564103,male,18.0,J78901
fkenlzdweox7v0zaopqo,147,0.8367346938775511,34,1.8785046728971964,3.9727891156462585,26,313.9942030114226,65,0.14285714285714285,female,24.0,J23517
flde3irykh8wauaj2fuw,162,0.691358024691358,36,2.0388349514563107,3.7088607594936707,21,258.52640237324704,59,0.1728395061728395,male,22.0,J57489
fnvhgnuqbir0drk8p1v2,149,1.0335570469798658,35,2.772727272727273,17.7027027027027,31,253.47123526936025,56,0.3087248322147651,male,24.0,J78901
fov3pbwdqzvhgcjp7o9f,181,0.8232044198895028,36,2.751592356687898,4.331491712707182,30,365.08547416843595,67,0.20994475138121546,male,20.0,J78901
fqcud1c5mt7pdp9w0v6y,137,0.927007299270073,33,2.019047619047619,3.8686131386861313,25,208.63021957671958,61,0.24087591240875914,male,18.0,J57489
fvlb9xi66oze7eo3yhdh,183,0.9453551912568307,36,1.5795454545454546,3.80327868852459,33,155.41596433080807,61,0.16393442622950818,female,20.0,J87654
fvqo3hum9a1rl6rxbyre,163,0.6993865030674846,35,2.83206106870229,9.60759493670886,26,513.7094041560645,65,0.22699386503067484,male,21.0,J78901
fvurnsqlgyr9zbd6msqs,151,0.7814569536423841,32,2.5555555555555554,3.443708609271523,23,213.32975308641977,64,0.2119205298013245,male,22.0,J57489
g4l5baozrnfblxayrhox,188,0.9414893617021277,37,2.1377245508982035,10.02139037433155,30,357.85336493679307,71,0.26063829787234044,male,24.0,J40192
g5wbnnhq1jbyc32q3003,170,0.8058823529411765,33,2.303703703703704,3.8273809523809526,26,97.40540534979424,66,0.24705882352941178,male,19.0,J40192
ggweeccb6anw0j3y32t0,178,0.8146067415730337,36,2.2442748091603053,8.539772727272727,27,302.3043363019508,70,0.20786516853932585,female,21.0,J40192
gj009a2t56bxjluh0mox,204,1.0147058823529411,38,2.1,7.826732673267327,30,335.115850308642,80,0.19117647058823528,male,19.0,J40192
gk8izwg77g6t4p5buiar,162,0.808641975308642,36,2.77037037037037,16.179012345679013,27,561.3596563786008,64,0.2037037037037037,male,21.0,J57489
gm1xiqmop9j2d2acc2jg,170,0.6941176470588235,35,3.6554054054054053,25.242603550295858,28,681.7398667417418,67,0.19411764705882353,male,23.0,J78901
gq3jw96afgct5rjiim20,165,0.9575757575757575,37,2.4609929078014185,8.865853658536585,29,502.0116233254531,71,0.19393939393939394,male,20.0,J57489
gsirdbny6840zq22vo7a,189,0.9312169312169312,36,2.560810810810811,14.251336898395722,26,340.219984984985,73,0.18518518518518517,female,23.0,J87654
gzthlilac9ixoayq02u1,178,1.101123595505618,37,1.6666666666666667,11.76271186440678,30,122.12555218855219,61,0.21348314606741572,male,22.0,J78901
h6miro3m8713s3dxuipr,165,1.018181818181818,34,1.8256880733944953,3.242424242424242,23,269.1238200815494,58,0.22424242424242424,female,23.0,J78901
h7i4kmpsra4szfbhrcbh,169,0.8698224852071006,35,1.8095238095238095,13.514792899408285,31,243.37621693121696,67,0.23668639053254437,female,22.0,J57489
h9urbo4ce8x02brjnloz,154,0.7727272727272727,34,1.7709923664122138,3.616883116883117,27,119.74179813401187,63,0.22727272727272727,female,21.0,J87654
hc0idvz0lxc4zpx94cbx,161,0.8881987577639752,35,3.6095890410958904,18.652173913043477,28,1007.9658219178083,60,0.12422360248447205,male,18.0,J23517
hcm6w0jxnfqhkpm745cu,179,0.8938547486033519,37,1.5256410256410255,3.6927374301675977,29,107.91294337606837,69,0.2011173184357542,male,24.0,J87654
hhplrx9xd7cm2w7aslma,175,0.52,37,2.969924812030075,9.00578034682081,25,378.10638262322476,71,0.2342857142857143,female,21.0,J78901
hjcfqm1yfzh8s77mo3ec,173,0.8554913294797688,35,2.6025641025641026,15.508771929824562,27,281.46420227920225,66,0.23699421965317918,male,18.0,J78901
hkk3qiui3e3r969oyfhf,182,0.7967032967032966,36,1.8652482269503545,3.893258426966292,24,379.8418853427896,68,0.24175824175824176,male,21.0,J23517
hoedc2pzfz6av5bn1jq3,156,0.9871794871794872,36,1.891304347826087,3.8967741935483873,29,187.2422041062802,60,0.26282051282051283,female,22.0,J57489
hpb03ydulnt2b9ffa0j2,168,0.8392857142857143,36,2.676470588235294,8.357142857142858,26,316.99473651960784,64,0.16666666666666666,male,22.0,J23517
hpty3h6eij2tr467ueks,145,0.8551724137931035,33,2.819672131147541,13.174825174825175,24,279.57252732240437,59,0.11724137931034483,female,23.0,J23517
hq2dy5tjgczdmkvq0l2d,61,2.0655737704918034,38,2.0655737704918034,50.08196721311475,38,37.678816029143896,6,0.2786885245901639,female,23.0,J78901
hu267zw9zywa4ew3d5bw,202,0.9158415841584159,38,3.0324324324324325,10.123076923076923,33,188.01541891891893,74,0.28217821782178215,male,20.0,J87654
hva2hcwvh4mv0i4t59t6,153,0.8823529411764706,36,2.798507462686567,13.139072847682119,24,290.7866210613599,59,0.1437908496732026,female,20.0,J78901
hz3im1vs42bx5rxbn7wh,166,0.7349397590361446,35,2.0681818181818183,14.128048780487806,25,377.9932765151515,76,0.18674698795180722,male,21.0,J87654
i1fr7kd71b2ni39kn958,152,0.6644736842105263,37,2.0,3.423841059602649,29,257.4977058531746,64,0.1513157894736842,female,18.0,J78901
i21qi5qdsjqcch2xvdd5,175,0.8228571428571428,37,2.5,3.929411764705882,26,239.62573021885524,64,0.24571428571428572,male,21.0,J87654
i39gdpglcxstun30b4yw,162,0.9320987654320988,36,1.5299145299145298,9.33125,26,113.56090218423553,61,0.30246913580246915,male,22.0,J78901
i3b6qk80m9jqwgft968o,155,1.1096774193548387,36,1.6131386861313868,6.620915032679738,28,146.38164639091644,58,0.24516129032258063,female,23.0,J78901
i5hexmb5zlzhd8lvwdv3,145,0.8275862068965517,38,1.6747967479674797,3.4755244755244754,30,245.36379403794038,58,0.19310344827586207,male,20.0,J57489
i8gdglua8vbd4ul9x09f,175,0.8571428571428571,35,2.9483870967741934,3.565714285714286,29,267.64661827956985,67,0.2,female,19.0,J23517
i8lx9f5ut0kaz120j30d,156,0.8076923076923077,37,2.0256410256410255,9.597402597402597,27,402.5696272554606,53,0.15384615384615385,female,21.0,J57489
i8ryguu9cpkrb6ouhwqq,189,1.2116402116402116,36,1.2737430167597765,17.06951871657754,32,101.13665114835507,71,0.15343915343915343,female,18.0,J23517
i8wbhc071gfhkbhtmeb1,147,1.0068027210884354,34,2.5419847328244276,14.787671232876713,28,284.38595631891434,63,0.16326530612244897,female,22.0,J78901
icu31mfcha34dnwbsui2,130,0.8461538461538461,35,1.7685185185185186,16.449612403100776,29,249.25382201646087,59,0.13846153846153847,female,21.0,J78901
ifj584ryrjv639n4nnsu,164,0.8658536585365854,36,1.5303030303030303,3.95625,28,151.3481776094276,63,0.21341463414634146,female,18.0,J87654
ij9llitbhr4gi126l772,185,0.8324324324324325,38,1.7756410256410255,9.157608695652174,30,315.0718554131054,76,0.11891891891891893,female,22.0,J57489
ijieo064jbrs5ss1cmol,159,0.9119496855345912,37,1.901639344262295,3.7169811320754715,29,346.66207650273225,58,0.18867924528301888,female,18.0,J23517
ik7o5ykfnku0qp74sy1i,162,1.1049382716049383,37,2.42,3.8395061728395063,30,163.47570925925928,62,0.12962962962962962,male,23.0,J57489
inyirhdpjahiguhs9e5b,182,0.7967032967032966,36,2.8363636363636364,3.6,28,80.38639562289562,69,0.17032967032967034,male,23.0,J23517
ipd72mytvphpd9tcejgb,168,1.005952380952381,35,2.4125874125874125,8.289156626506024,28,253.01855672105674,60,0.25,male,21.0,J40192
iqhpwbqkqi7kugzduhit,182,0.8846153846153846,37,2.0342465753424657,6.171270718232044,29,201.49039193302892,65,0.23626373626373626,female,19.0,J57489
isa355t9q5rut5fm8aml,165,0.8787878787878788,36,2.4113475177304964,4.5060975609756095,29,278.42440898345154,67,0.2787878787878788,male,19.0,J78901
isavn2ahb9n5z1q8win5,151,0.9801324503311258,35,1.8938053097345133,3.728476821192053,27,162.91816125860373,54,0.2980132450331126,female,18.0,J87654
iwjs5oi2pl8omkdrs53q,175,0.9142857142857143,37,2.006666666666667,11.24712643678161,28,240.98822037037036,67,0.18857142857142858,male,20.0,J23517
j07d6onchxesk14v7b8w,152,1.0328947368421053,37,1.8828125,14.933333333333334,27,213.42617404513888,61,0.19078947368421054,female,21.0,J57489
j605t14y7ie6vr2n8s2c,163,0.6871165644171779,37,5.955223880597015,6.672955974842767,26,431.63123134328356,58,0.25153374233128833,female,24.0,J78901
j8inicu0iafkpv3u9431,169,0.8224852071005917,37,2.704,3.808383233532934,25,272.60315555555553,58,0.24260355029585798,male,19.0,J40192
jb3fqd2b9oyprn83h646,174,0.8275862068965517,37,2.8378378378378377,8.741379310344827,29,370.17959834834835,60,0.21839080459770116,female,23.0,J57489
je7kqkmpwkosa7nkgfpx,171,0.9766081871345029,37,2.4466666666666668,4.095238095238095,27,213.7697703703704,63,0.14035087719298245,male,22.0,J23517
jhmn3s11l13woe6jy3zg,199,0.9396984924623115,38,3.899441340782123,12.629441624365482,32,212.51542675356922,62,0.25125628140703515,male,20.0,J78901
jivt017uwst4sg4fqlek,161,0.7888198757763976,34,1.7099236641221374,13.81875,26,339.8820610687023,59,0.18012422360248448,female,22.0,J78901
jj1jl4nhnkxllubypoq3,164,0.676829268292683,36,2.3909774436090228,13.814814814814815,27,436.16543024227235,64,0.2621951219512195,female,19.0,J87654
jjx780kahllbp5y3x7p8,184,0.9510869565217391,38,2.652941176470588,4.607734806629834,30,510.89564542483663,63,0.21195652173913043,male,21.0,J23517
jnupp0jsv1kjsvbzlnrr,138,0.6521739130434783,35,2.0869565217391304,7.579710144927536,23,231.3514734299517,63,0.15217391304347827,female,19.0,J40192
jsmqh4aa20rpfeqmyx4h,156,0.9102564102564102,37,3.226950354609929,15.852564102564102,32,290.23220055161545,51,0.3141025641025641,male,24.0,J87654
jtbq3gkfw2tcsjvfwm56,171,1.0058479532163742,37,1.7870967741935484,13.264705882352942,30,192.4660860215054,69,0.1695906432748538,male,18.0,J57489
jv67r7eqa9z2a1777eex,183,1.0,36,3.511904761904762,8.646408839779005,29,133.99566302910054,55,0.2568306010928962,female,19.0,J40192
jwdjcrxdn0um79f0rjvw,168,0.875,34,3.632911392405063,4.017964071856287,30,287.4345235583685,64,0.20238095238095238,female,24.0,J78901
jyaxybaq8vui614ytd8i,175,0.9085714285714286,38,2.785234899328859,3.8448275862068964,30,301.1457755406413,67,0.16,male,19.0,J40192
k1r03pvvsv9zxrft5jgi,190,0.868421052631579,34,5.764705882352941,6.264550264550264,28,511.41351470588233,58,0.1736842105263158,female,23.0,J23517
k4usquerebza4uy0i57h,156,0.6923076923076923,36,2.275,3.8653846153846154,24,281.0674328703704,69,0.16666666666666666,male,19.0,J57489
k6jujv82n727fuwbxa6f,186,0.956989247311828,35,2.490322580645161,14.527173913043478,30,110.98627777777777,69,0.22580645161290322,female,24.0,J87654
k6kv9y9tqfll5d282ymb,168,0.9583333333333334,37,1.7883211678832116,9.570552147239264,28,152.36820154095702,63,0.2261904761904762,female,18.0,J23517
k7fa3kdg6dq9avbiqv1f,177,0.9265536723163842,37,2.676056338028169,6.761904761904762,28,136.96552621283254,70,0.22033898305084745,female,18.0,J57489
k8d21tlgxmu6i35atvub,187,0.8342245989304813,36,2.2933333333333334,3.9732620320855614,29,352.78333333333336,66,0.27807486631016043,male,18.0,J87654
kg28tppvvsvr918dkvlb,139,0.9424460431654677,36,2.456896551724138,24.452554744525546,28,200.61026340996168,50,0.2302158273381295,male,20.0,J87654
kilhyvtskm84umerpjee,158,0.9493670886075949,37,2.088888888888889,3.7197452229299364,29,273.57209465020577,66,0.21518987341772153,female,23.0,J87654
kpw433bcv21ksp1wgrux,172,1.0406976744186047,37,2.0869565217391304,3.9011627906976742,31,269.4420393374741,68,0.18023255813953487,male,22.0,J40192
ksm67082xy9g2wnalt38,179,1.0837988826815643,36,1.757396449704142,12.965714285714286,33,349.0078369493754,73,0.18994413407821228,female,23.0,J87654
l1rn095adguamaugi4ux,179,1.005586592178771,38,3.597560975609756,10.790960451977401,33,159.18446307588076,71,0.22905027932960895,female,19.0,J78901
l2yv9tvvcakn7ikerccy,158,0.6835443037974683,36,2.173076923076923,9.692307692307692,26,173.37929754273503,52,0.2721518987341772,male,23.0,J87654
l41f9f1gb0y5rxcqfv64,159,0.6792452830188679,34,1.653225806451613,14.883870967741936,22,192.2175515232975,66,0.2578616352201258,male,24.0,J78901
l82rq4xaymt7t5uytax9,153,0.8888888888888888,37,2.2195121951219514,12.281045751633988,27,168.9673667570009,52,0.27450980392156865,female,19.0,J23517
lewkf2owb42ywhfto9yf,178,0.8426966292134831,36,1.5874125874125875,5.327586206896552,25,69.17823815073815,65,0.2303370786516854,male,20.0,J40192
lexte4gc3dvjb7ty0qf5,161,0.9751552795031055,36,1.726027397260274,3.5125,32,219.7160882800609,66,0.2732919254658385,female,23.0,J23517
lf5hmkicbiuolk7khwwb,175,0.8685714285714285,36,2.8625,7.017441860465116,28,328.2254947916666,46,0.24,male,19.0,J87654
ljylby8inwh5b93wkean,174,0.6264367816091954,34,2.6233766233766236,11.052941176470588,25,385.90305916305914,67,0.28160919540229884,male,19.0,J87654
lpzjucfyqwtb8ihim9b3,183,0.9672131147540983,37,2.776470588235294,19.11049723756906,30,361.6573660130719,63,0.25136612021857924,female,22.0,J40192
lqg2nmqf4x8w52gx12xw,153,0.8431372549019608,38,1.8650793650793651,14.66225165562914,28,401.7511397707231,68,0.19607843137254902,female,19.0,J78901
lqm8jh0uggps7yd0lx2x,157,0.7834394904458599,36,3.0238095238095237,6.67515923566879,23,543.7041887125221,67,0.2356687898089172,male,23.0,J78901
lswzzwjmreuixxjqglhy,164,0.7987804878048781,37,2.7,19.06832298136646,29,300.0681925925926,61,0.2804878048780488,female,23.0,J23517
lvp2qmljigke8u0nfbvl,155,0.9548387096774194,37,1.638655462184874,18.11764705882353,25,187.5468090569561,63,0.2064516129032258,female,20.0,J23517
lx7vfcjhdxzh2wkt42hc,192,0.8177083333333334,38,2.281609195402299,6.497326203208556,33,386.16410919540226,55,0.19270833333333334,male,24.0,J78901
lzvutqpj9ggc0nwwsxcv,158,0.7848101265822784,32,1.6153846153846154,3.477707006369427,24,171.4495536562203,60,0.17088607594936708,male,21.0,J87654
m380dsj058viwn3ly6j1,172,0.7674418604651163,34,5.524096385542169,8.547619047619047,30,338.0767704149933,72,0.23837209302325582,male,21.0,J87654
m3xzctvbxlbxz80zz042,160,0.7625,34,2.3055555555555554,3.4585987261146496,23,178.15484310699588,64,0.2625,female,21.0,J57489
m3y8jkkgflwqwcelrwzz,161,0.9503105590062112,34,1.9523809523809523,3.7763975155279503,29,258.38579554043844,62,0.16770186335403728,male,24.0,J57489
m4qqnaq8p8fn7b7bl5ic,159,1.0125786163522013,34,2.1538461538461537,11.670886075949367,27,223.60078632478633,70,0.20754716981132076,female,23.0,J87654
m6p2hujqw21vc4lyt3f3,165,0.5393939393939394,35,2.257142857142857,11.429447852760736,21,294.2638306878307,61,0.24848484848484848,female,23.0,J23517
mbbw64iibpv7ndj2iie1,171,0.9649122807017544,36,3.176470588235294,16.644970414201183,26,289.8134204793028,68,0.18128654970760233,male,24.0,J23517
me044us8pj1824r4dye2,184,0.6141304347826086,36,2.56390977443609,10.733695652173912,25,465.78417710944024,72,0.2717391304347826,male,21.0,J87654
me4d1o3nzhyoj0xfast0,151,0.8543046357615894,36,2.3495934959349594,15.0,25,313.54943089430895,65,0.16556291390728478,female,19.0,J40192
mhufhb84kyqgs0anwy1d,158,0.8164556962025317,35,2.529850746268657,11.636942675159236,26,241.02957711442787,65,0.18354430379746836,male,23.0,J57489
mm5p2ct8c21h4q753p3n,170,1.111764705882353,37,1.4685314685314685,16.791666666666668,30,117.96789627039625,76,0.12352941176470589,male,23.0,J40192
mn8t0yyppsznr674ic1a,178,0.6797752808988764,38,3.1259259259259258,5.0344827586206895,22,132.99932510288068,64,0.3089887640449438,male,21.0,J40192
mqqf68ny1kdp6i69i7tt,162,0.8148148148148148,36,4.164179104477612,4.179012345679013,28,561.0232794361525,65,0.18518518518518517,female,18.0,J57489
msko5bf6rjt9adsuxby9,181,0.8066298342541437,38,2.7621951219512195,9.762430939226519,35,710.3441344850949,76,0.18232044198895028,female,23.0,J57489
mwmft9w9vjod1g7jidmb,162,1.1975308641975309,36,2.08,9.4625,32,270.5054148148148,63,0.12962962962962962,female,24.0,J40192
n1nh33yq3nhwt4mx36yc,162,1.1666666666666667,34,2.1875,6.79874213836478,33,292.516046875,63,0.22839506172839505,male,21.0,J57489
n20d6b4o2g64oaa3q8ym,177,0.807909604519774,36,2.69375,10.914285714285715,30,399.4966284722222,74,0.1694915254237288,female,20.0,J78901
n2bgnbybijni2e9crs4x,156,1.1666666666666667,36,1.5648854961832062,12.688311688311689,31,159.2909584393554,62,0.14743589743589744,male,21.0,J57489
n3dkt0eq0ekpby9lv06i,150,1.24,38,1.4125874125874125,9.652777777777779,34,164.36762237762238,61,0.14,female,24.0,J87654
n8pe3tt7qmlgojwhhsj0,138,1.0217391304347827,36,3.1512605042016806,3.920289855072464,26,247.02807889822597,55,0.13043478260869565,male,21.0,J40192
nd9xpohv0s4ttw0o7fts,171,0.6374269005847953,36,2.6544117647058822,6.958579881656805,27,433.2589317810457,75,0.23391812865497075,male,23.0,J78901
ng2c52g74hfaudyxmm6m,194,0.8505154639175257,37,2.108108108108108,3.806282722513089,32,118.93702852852854,64,0.25257731958762886,female,22.0,J78901
nilkp0a54b01p87udccl,155,0.8451612903225807,36,2.0504201680672267,12.522580645161291,26,469.5960130718954,72,0.11612903225806452,female,22.0,J78901
nkr2o4v6q9alvt7ju51e,166,0.6566265060240963,38,2.525925925925926,18.460122699386503,26,229.71629218106997,62,0.1144578313253012,female,18.0,J87654
nl4vt11ikn4we06zu0zj,179,1.0335195530726258,35,2.3354037267080745,3.6815642458100557,26,242.90312111801245,64,0.2122905027932961,male,20.0,J78901
no0afrue2n6m8hcnuek1,208,0.9855769230769231,36,1.9631578947368422,4.917073170731707,29,219.71533625730996,73,0.22596153846153846,male,20.0,J87654
nq4jln5s1zqjk7nwbbeo,126,0.9841269841269841,33,2.247863247863248,4.016129032258065,28,82.13279677113012,58,0.30158730158730157,male,18.0,J78901
nrv5a6tr3ya2iv3p5xpo,161,1.2111801242236024,36,1.9556962025316456,12.337579617834395,34,100.78479254571026,57,0.14906832298136646,male,19.0,J40192
nx4zicy1jbulkuen41s5,186,0.6236559139784946,34,3.1146496815286624,4.227027027027027,25,369.5826574663836,74,0.17204301075268819,male,21.0,J23517
ny6yox8nvtlotclebkk8,155,0.7483870967741936,36,1.847457627118644,11.597402597402597,25,273.9391313559322,69,0.21935483870967742,female,23.0,J40192
o3jddioub8dsv0fm22qn,157,0.7707006369426752,36,4.150375939849624,14.673202614379084,29,390.61564118629906,62,0.12101910828025478,female,20.0,J78901
o5lo8q4tb8yt0v8imkw4,167,0.9221556886227545,36,2.3923076923076922,3.728395061728395,24,339.2707286324786,63,0.25149700598802394,female,19.0,J40192
o6kw9thwvq6csdr9taal,192,1.0260416666666667,36,3.61046511627907,10.462765957446809,31,191.63315891472868,69,0.23958333333333334,male,24.0,J40192
o6tn58jvkqobrz2qmf5i,181,1.143646408839779,38,1.963768115942029,11.226519337016574,26,235.2804851046699,63,0.2541436464088398,male,22.0,J23517
obyl72l5qy37to65i5ml,183,0.8633879781420765,37,3.08125,10.736263736263735,30,481.644859375,70,0.18579234972677597,female,20.0,J87654
oc0ww31yssff9rktgowo,181,0.8397790055248618,34,2.2993197278911564,21.793296089385475,26,552.1163851095994,72,0.19889502762430938,female,23.0,J23517
oi7j42phxrp4mc1n9h4b,146,0.952054794520548,36,1.7857142857142858,4.118055555555555,27,301.35697971781303,63,0.2054794520547945,male,19.0,J78901
oit2xadfbpuveswzx4pf,165,0.7818181818181819,36,4.955882352941177,3.459627329192547,23,408.7374203431373,63,0.19393939393939394,female,21.0,J40192
omzalmrzys0ymf4cgt03,192,1.0,36,1.9606741573033708,12.389473684210527,34,315.3440901997503,77,0.15625,male,19.0,J57489
oppl3ojvw61dvd5yw1wl,204,0.8235294117647058,33,2.165714285714286,4.099009900990099,26,128.9193126984127,72,0.28431372549019607,female,24.0,J40192
orgvbr9mbmfo4z8tbsa3,172,0.7965116279069767,35,4.41875,6.464705882352941,31,292.85220833333335,52,0.1744186046511628,female,24.0,J40192
oriig6s6fmvi4f7mxamy,193,0.844559585492228,36,2.263157894736842,5.921875,29,233.48586419753087,59,0.24870466321243523,male,24.0,J87654
orubxhpr5e1heat93ue4,159,0.779874213836478,37,2.7130434782608694,19.095541401273884,23,283.3528140096618,66,0.10062893081761007,female,19.0,J57489
otznu9tyqq50x0xij3br,161,0.6335403726708074,37,1.8020833333333333,16.50943396226415,20,452.8840451388889,71,0.15527950310559005,male,19.0,J87654
ov1tvylbnny48ojayssl,166,1.0120481927710843,35,2.6640625,11.343373493975903,27,358.2278342013889,70,0.27710843373493976,male,22.0,J23517
owzdfs89mm4ci0382a3b,171,0.8011695906432749,36,1.9924242424242424,17.857988165680474,29,230.86011363636362,75,0.22807017543859648,female,24.0,J40192
oyaoqkf2b1we4b67bv8l,172,0.8895348837209303,36,2.2133333333333334,11.44767441860465,30,257.5978666666667,57,0.23255813953488372,female,23.0,J57489
p10d5vx8mpn0v82i51gp,190,1.0210526315789474,38,3.095808383233533,17.78918918918919,29,328.1111842980705,62,0.21052631578947367,female,20.0,J87654
p3cs5x8cxrwubesmagvl,187,0.8074866310160428,37,3.433526011560694,4.833333333333333,30,143.40414739884392,65,0.2620320855614973,female,19.0,J87654
p58nsuk0hj5uh2xk2k9p,160,0.88125,37,2.134920634920635,14.127388535031848,27,218.96453042328042,64,0.21875,male,21.0,J57489
p611flt77czmqgut14jl,156,0.5833333333333334,34,1.7386363636363635,14.156862745098039,20,323.97419823232326,55,0.27564102564102566,male,19.0,J87654
p6cp3ogj6xy2riczfupv,177,1.0,34,2.3435582822085887,3.8448275862068964,29,84.6670023858214,62,0.1807909604519774,female,23.0,J23517
p8bk6cdfntr0humt6q45,148,1.1689189189189189,37,1.7672413793103448,7.805555555555555,29,233.44567528735632,60,0.25675675675675674,female,23.0,J78901
p9a57kwg5xdwjzm8eql9,167,0.9520958083832335,36,3.5704697986577183,8.512048192771084,30,683.9909806114839,68,0.23353293413173654,female,18.0,J23517
p9enp5lzhiufas1xpd8p,160,0.88125,36,2.503875968992248,9.335443037974683,24,259.46886950904394,53,0.20625,male,22.0,J78901
pammg9gw4enjosw3z60e,157,0.8853503184713376,36,2.6422764227642275,8.824675324675324,28,291.1308107497741,68,0.28662420382165604,female,24.0,J78901
pg8ucem69ixbqhznx0x2,141,0.9078014184397163,36,1.5238095238095237,3.892857142857143,29,153.06991622574955,52,0.18439716312056736,female,18.0,J23517
pgknalznufvmvwgc1ca8,171,0.7426900584795322,38,2.2711864406779663,16.095808383233532,25,375.63956920903956,69,0.16374269005847952,female,21.0,J78901
pgrig4vo54owe59j2j5f,172,0.9476744186046512,37,2.398496240601504,6.21301775147929,25,304.95186925647454,66,0.16279069767441862,male,19.0,J40192
pkjom9yr5m9690fg6wsi,149,1.0201342281879195,34,1.9640287769784173,4.221476510067114,28,100.0575,60,0.12080536912751678,female,21.0,J40192
pr6b1twg5sgsrzek6adi,189,0.6984126984126984,37,2.6024844720496896,3.9135135135135135,25,324.6927536231884,64,0.21164021164021163,male,22.0,J40192
preni1j2j1gkvq1knpag,146,0.6643835616438356,37,2.2148760330578514,11.291666666666666,26,313.41712580348945,69,0.2671232876712329,female,21.0,J40192
putb7ja6dwpdag4bwvnj,184,1.0543478260869565,36,2.9590643274853803,3.8351648351648353,30,255.3696215074724,66,0.125,male,22.0,J57489
pv0c4za1m616k25gfwfb,168,0.8869047619047619,35,2.01840490797546,3.856287425149701,33,276.74082310838446,68,0.16071428571428573,female,19.0,J40192
pva49fsfcbexwz1crjvg,158,0.9177215189873418,36,2.4274193548387095,12.33974358974359,27,204.74543682795698,55,0.310126582278481,female,23.0,J87654
pxnnkthuxasggux3hyae,174,0.896551724137931,36,3.2088607594936707,10.9,30,217.26104078762305,66,0.27011494252873564,female,19.0,J78901
q1movls9kc4kglv6sb5g,173,1.323699421965318,35,1.4834437086092715,10.783625730994151,29,115.79032744665196,75,0.16184971098265896,female,22.0,J40192
qaubz3kt65qtoit8g4vi,180,0.9,36,1.9453125,15.668539325842696,27,161.43478732638889,63,0.20555555555555555,male,23.0,J57489
qd5cqu3du8n28xxtkftw,196,0.9693877551020408,37,4.165745856353591,3.760204081632653,34,382.2341835481891,69,0.22959183673469388,male,18.0,J87654
qg0soq1i1uy7yndj17gd,151,0.8410596026490066,32,3.0763358778625953,9.476510067114093,27,261.41923240033924,52,0.2913907284768212,male,21.0,J78901
qkc2f9omqulfmn3j0m9p,159,0.8930817610062893,35,2.759124087591241,11.037735849056604,27,93.29635644768857,62,0.24528301886792453,male,18.0,J57489
qmf8702zbahi9083s7aq,160,1.04375,36,2.24822695035461,14.73125,28,136.08778959810874,56,0.21875,female,21.0,J87654
qol4cum3ewnz45dzpijx,170,0.8117647058823529,37,2.2628205128205128,13.31547619047619,32,202.05748575498578,63,0.27647058823529413,male,23.0,J23517
qrrck1nnty89cmohw40b,139,1.0575539568345325,38,2.3716814159292037,10.470588235294118,28,298.3104375614553,59,0.18705035971223022,male,21.0,J78901
qu1rl2d6teeyti106rgx,160,0.85,36,2.6551724137931036,6.7594936708860756,29,493.1584923371648,60,0.16875,female,23.0,J40192
quam8ci0euq2dz8xldzz,186,0.8118279569892473,36,4.122699386503068,6.032258064516129,25,270.54936775732784,65,0.1989247311827957,male,24.0,J78901
qw19zri3d9vkqjhcn3xk,130,0.9230769230769231,36,2.688679245283019,10.03125,28,569.4067033542976,60,0.23846153846153847,male,18.0,J78901
qw1seyo5nrhlm8vby58w,178,0.7640449438202247,37,2.979020979020979,3.6494252873563218,25,416.88667055167053,65,0.28651685393258425,female,23.0,J23517
qxnna0of95m3oebjc84f,154,0.8571428571428571,37,1.8650793650793651,19.856209150326798,26,283.12682980599646,72,0.13636363636363635,male,19.0,J78901
qz6jjynwbd3szlp0rj04,162,0.7592592592592593,35,2.8098591549295775,4.314465408805032,26,188.8256807511737,66,0.20987654320987653,female,22.0,J23517
r28s9kyo7knrvytyvmt8,166,0.7650602409638554,37,1.9612403100775193,9.427710843373495,26,372.3943303186908,71,0.14457831325301204,male,20.0,J87654
r3uk44zat2tcyj5wmojt,182,0.8901098901098901,36,2.0955414012738856,10.96045197740113,28,159.3803450106157,57,0.18681318681318682,female,22.0,J78901
r4oklg89q3yx9o2dfq3q,145,0.8137931034482758,37,1.6603773584905661,7.075862068965518,27,349.0826808176101,59,0.10344827586206896,male,24.0,J40192
r7embk7pqzg5g5p245x4,164,0.9512195121951219,36,2.2058823529411766,17.549382716049383,28,237.82082312091504,60,0.20121951219512196,male,24.0,J23517
r9m46ndmmmzeeehft96z,163,0.8220858895705522,34,2.1140350877192984,16.898089171974522,26,215.27980263157895,74,0.24539877300613497,female,22.0,J40192
rb8z9vpc5uyhbcaa71v5,191,0.9267015706806283,37,2.959537572254335,20.612565445026178,31,500.77241329479773,71,0.19895287958115182,female,18.0,J40192
rd32gyblqsfn03xatnmt,214,1.0841121495327102,37,1.8176795580110496,3.5943396226415096,31,128.68362952731738,77,0.1588785046728972,female,19.0,J40192
rd4p70jwu852pbdjwl2d,177,1.0621468926553672,37,3.157232704402516,17.84090909090909,29,486.6240635918938,69,0.22598870056497175,male,22.0,J40192
rdf3wmujcm1k56ftf8uc,172,0.8372093023255814,37,4.379310344827586,8.470588235294118,28,723.0955823754789,69,0.20930232558139536,male,24.0,J40192
reo07h0d5zehmotdlz2w,137,0.9708029197080292,37,2.3157894736842106,3.605839416058394,28,227.37163011695907,60,0.18248175182481752,female,24.0,J40192
rgl39qjfatpnh3v4o28m,189,0.9206349206349206,38,2.244186046511628,17.703703703703702,33,244.9935400516796,68,0.15873015873015872,male,23.0,J40192
rq44ojyrvdtad0tzsm32,196,0.8010204081632653,37,3.425287356321839,3.4615384615384617,28,208.43121168582377,66,0.15816326530612246,female,18.0,J23517
rsclhbtmbxt0xrye64ax,164,0.774390243902439,33,2.727272727272727,23.834355828220858,25,294.3159751359751,64,0.25,female,21.0,J57489
rufanlg0slv70u876a05,180,0.8722222222222222,36,2.496598639455782,7.067039106145251,30,396.82431783824643,67,0.23333333333333334,male,18.0,J40192
s0vfgmhobw9jq6al8iww,161,0.8260869565217391,36,2.0,4.1572327044025155,24,190.56442148760328,58,0.2236024844720497,female,20.0,J57489
s8uk59p9w5ck47wlw3ea,186,0.7741935483870968,36,3.6776315789473686,10.317204301075268,27,578.8924506578948,62,0.16129032258064516,female,23.0,J40192
s97masc6nt48h4ly8s1w,178,0.7865168539325843,36,2.6861313868613137,14.131428571428572,25,216.73770478507706,52,0.21910112359550563,male,24.0,J87654
sbb3va36jvpkdpj257ek,176,1.0852272727272727,36,2.388888888888889,8.954285714285714,31,229.77072359396433,65,0.14204545454545456,male,19.0,J78901
scl0uh5ig9ehluvs46h2,174,1.0977011494252873,37,2.171974522292994,11.063583815028903,30,279.2800123849965,70,0.16091954022988506,female,22.0,J40192
sdun9fmcol7sud39mllw,195,0.7282051282051282,36,2.680722891566265,4.641025641025641,27,254.15015896921017,67,0.2923076923076923,female,18.0,J23517
sf30f3p1koevnfztc2pd,153,0.9673202614379085,35,1.5511811023622046,7.359477124183006,28,104.2828346456693,52,0.2549019607843137,male,19.0,J40192
sfmngecoi3b7ahvhi2k6,110,1.2454545454545454,38,4.963636363636364,4.6,38,9.712068181818182,6,0.0,female,18.0,J57489
shtnl1wh1mconb8od5ko,164,1.2317073170731707,36,1.8482758620689654,4.048780487804878,29,133.7115057471264,60,0.12804878048780488,male,24.0,J78901
si6ymh6w7xbo2f40o0p8,166,1.0481927710843373,38,1.1932773109243697,3.7177914110429446,25,44.90309056956116,57,0.12650602409638553,male,19.0,J40192
sie4alrjjjvlk0w9ye5l,184,0.9293478260869565,38,2.3529411764705883,12.901639344262295,29,231.60795933188092,77,0.17391304347826086,female,18.0,J40192
siv6gzi7una85o8fzrwi,169,0.8816568047337278,34,2.442953020134228,18.28994082840237,27,288.809908650261,61,0.22485207100591717,male,24.0,J87654
skyax9iocbd5gzronpru,187,1.1925133689839573,36,2.353932584269663,8.843243243243244,33,211.6007958801498,60,0.22459893048128343,female,20.0,J40192
slmfpw1fyabrtys8ufg9,142,0.9295774647887324,35,1.8349514563106797,3.9357142857142855,25,170.59321197411003,66,0.2605633802816901,female,20.0,J87654
spyu1at0d9k1wxtenlhe,172,0.8488372093023255,37,3.4671532846715327,14.347058823529412,26,396.1235442011355,74,0.13953488372093023,male,20.0,J78901
ss27ig83t1pi1ztsy5w8,163,0.9079754601226994,36,1.8333333333333333,9.61111111111111,30,106.01664452495974,65,0.3006134969325153,female,24.0,J78901
styld7k1gge5cvjria5b,153,0.9019607843137255,34,2.4074074074074074,4.622516556291391,27,207.94761111111112,58,0.1830065359477124,male,22.0,J23517
sushd67p0jy6f04a3h0m,166,0.8855421686746988,37,1.6783216783216783,9.865853658536585,28,92.03545454545454,51,0.1686746987951807,male,24.0,J87654
svxexhg20hs3bbqd4fm7,175,0.8457142857142858,35,7.333333333333333,3.6954022988505746,28,660.1671011396011,63,0.18285714285714286,male,23.0,J78901
sx57v4y3hp52f9selxdo,167,1.0479041916167664,36,1.8686131386861313,11.710843373493976,28,216.31006285482562,62,0.1437125748502994,male,19.0,J57489
sx8c4g672zgcw7w2lflp,192,0.9010416666666666,38,2.6564417177914113,9.916230366492147,32,567.5455180640763,79,0.1875,male,23.0,J23517
t23e5lcdy5k50uvg5k0v,160,1.0375,37,2.584,8.6875,25,534.2184822222223,63,0.14375,female,24.0,J87654
t3wo8xb4rq94n3fpfk35,172,0.8081395348837209,37,2.9271523178807946,3.9069767441860463,30,267.42557395143484,64,0.29651162790697677,male,20.0,J78901
t5uf4x6hffga8in2ua6l,177,0.6779661016949152,35,4.060402684563758,10.728813559322035,28,289.01908650261004,72,0.21468926553672316,female,21.0,J23517
t7x7ydt3u1cd2svfvk4q,157,1.0382165605095541,36,3.198529411764706,4.057324840764331,29,455.2771323529412,65,0.17197452229299362,female,22.0,J57489
t8a5fgt3wo8w18amulu3,128,0.921875,35,1.6666666666666667,3.984375,26,122.43526776776775,56,0.2578125,female,24.0,J87654
t8sflynjwck4f650mtvp,174,0.9137931034482759,36,3.0738255033557045,6.65680473372781,31,398.0487341536167,64,0.28160919540229884,male,21.0,J57489
t8zrwu8iwkcdnwf3ruse,181,0.6906077348066298,37,2.423357664233577,10.70949720670391,24,416.5165754257908,73,0.1712707182320442,male,21.0,J78901
t9a891e0764br5ujna1a,178,0.898876404494382,38,2.75,3.6666666666666665,28,240.32582419590645,70,0.17415730337078653,male,19.0,J40192
ta1gbqs6pw15bx0jb5on,154,0.8181818181818182,36,2.2714285714285714,14.361842105263158,31,268.5126607142857,56,0.2792207792207792,female,18.0,J40192
tbypawuj167ycyvg8sc2,153,0.9477124183006536,37,1.8134328358208955,9.186666666666667,30,263.64589137645106,60,0.13725490196078433,male,24.0,J40192
te17utf5x961ldgs8zwn,177,0.864406779661017,36,2.446043165467626,17.982954545454547,27,301.10242406075145,54,0.22033898305084745,male,21.0,J40192
tezxtgugzffgu5fxr0cz,184,1.0054347826086956,35,1.7070063694267517,4.7228260869565215,29,226.31945152158528,62,0.22826086956521738,male,19.0,J57489
th28zykgzvfex40v22hz,181,0.8066298342541437,36,2.4842767295597485,9.261111111111111,30,370.59773410202655,66,0.1878453038674033,male,24.0,J57489
ti44fbogdeqbfflbizj7,149,1.0939597315436242,37,1.801418439716312,6.614864864864865,33,191.61997832939323,59,0.2348993288590604,female,18.0,J87654
tndsnutlm99ld8f4uya0,163,0.9202453987730062,35,2.7943262411347516,12.025316455696203,27,315.46019700551614,63,0.1656441717791411,female,19.0,J78901
tp8x8dgd7d6dhpth8xni,146,0.7465753424657534,38,2.201923076923077,16.433566433566433,22,202.6761485042735,61,0.13013698630136986,female,21.0,J57489
ttsjumez81r1ot6tfe7n,148,0.918918918918919,35,2.2063492063492065,4.055172413793104,27,305.4811816578483,58,0.22297297297297297,male,19.0,J78901
tuidsy7wcktf3jppecp5,199,0.9849246231155779,37,2.375,10.126903553299492,31,130.85542119565216,56,0.25125628140703515,female,18.0,J87654
tv0sptqq56ri3dpcd9nl,192,0.640625,37,1.9172413793103449,10.44502617801047,27,153.3242624521073,67,0.203125,male,20.0,J40192
tvsgkf4oqh769h40lj43,178,0.9269662921348315,36,1.7851851851851852,3.640449438202247,26,199.7399156378601,69,0.20786516853932585,male,24.0,J87654
twa56vh9h75mwaqdma1y,163,0.950920245398773,38,3.039473684210526,7.1075949367088604,33,173.9923428362573,66,0.22085889570552147,female,24.0,J57489
u2rchqp6tof1bkr07izf,152,0.9078947368421053,35,2.9444444444444446,7.266666666666667,27,183.39787477954144,55,0.18421052631578946,male,23.0,J78901
u968v341lom8drwdzqqj,164,0.676829268292683,36,2.5072463768115942,4.031055900621118,27,183.7951690821256,54,0.23780487804878048,male,21.0,J40192
u9owl1eky0jf8t3nc50o,180,0.6333333333333333,37,2.3008130081300813,19.322222222222223,27,271.01389566395665,67,0.14444444444444443,male,22.0,J40192
ubi6gd21j9e9rw46hoz6,168,0.6130952380952381,37,3.236641221374046,11.234939759036145,25,232.80796437659035,67,0.17261904761904762,female,23.0,J40192
ucxxvfcovdwuokyswife,169,0.8047337278106509,37,1.6124031007751938,3.7261904761904763,24,76.93824720068906,60,0.14792899408284024,female,20.0,J57489
udbo68xozj9btqumivk2,155,0.9354838709677419,35,1.5378787878787878,14.305194805194805,30,158.45597853535355,67,0.21935483870967742,male,24.0,J78901
uem908xkm2x04s4iu84k,157,0.9299363057324841,36,1.606060606060606,11.40764331210191,28,157.06023148148148,58,0.20382165605095542,male,22.0,J40192
ugaiak78ggmnku4yndlt,156,0.9615384615384616,31,2.9452054794520546,4.0,26,367.00531202435315,66,0.1282051282051282,female,22.0,J40192
uhky1uwx18u1e4nixzzf,175,0.8742857142857143,33,2.3270440251572326,3.7209302325581395,25,106.93565164220824,61,0.16,male,23.0,J23517
uhthvh60xp911d47x7xm,169,0.7218934911242604,36,3.824324324324324,10.964285714285714,28,368.3621527777778,71,0.20710059171597633,male,21.0,J57489
uk8sadmdmw8p7e22l2yr,199,1.015075376884422,38,2.613756613756614,3.9289340101522843,34,290.05931804820693,79,0.18090452261306533,male,22.0,J57489
ulowmljtsh72z64haltq,170,0.7294117647058823,36,3.440944881889764,3.63855421686747,24,132.78417104111986,62,0.2411764705882353,female,18.0,J23517
uon3zzl9a1zr5zmeodmr,160,1.08125,34,1.6598639455782314,9.081761006289309,27,154.9119142101285,70,0.15,female,20.0,J57489
uvh2zil455wi0dcdan51,179,0.8044692737430168,37,2.111842105263158,4.00561797752809,29,273.26192434210526,65,0.2011173184357542,female,24.0,J78901
uy29im7a6hnc34lfp8ae,167,0.7964071856287425,37,3.0,3.6167664670658684,33,289.4210501792115,66,0.1497005988023952,male,24.0,J23517
uzk23hynw87co5ru0tr8,198,1.0404040404040404,37,2.3016759776536313,18.385786802030456,31,239.19264897579146,69,0.14646464646464646,female,22.0,J87654
v4k20n9xryqdpe6fx42x,156,1.1538461538461537,35,1.8201438848920863,9.253246753246753,31,191.04021183053558,66,0.12179487179487179,male,24.0,J57489
vbgs2hp7aiiw880dpm1s,170,1.1823529411764706,38,3.694267515923567,16.550295857988164,32,327.4833103326256,74,0.17058823529411765,female,19.0,J87654
vcw0s2e0akak8rqunatk,169,0.8579881656804734,36,4.051851851851852,20.803571428571427,25,633.4230020576132,63,0.20118343195266272,male,20.0,J57489
vd2j77wynysztt2wbv2v,151,0.8609271523178808,36,2.2017543859649122,11.866666666666667,25,171.22955409356726,57,0.2052980132450331,male,24.0,J57489
vhlntoniujqiclub2juy,158,0.8860759493670886,34,2.6148148148148147,3.694267515923567,25,151.68179423868312,64,0.17088607594936708,male,20.0,J87654
votyzmo33yg7y89dag17,153,0.7320261437908496,35,2.5121951219512195,14.653333333333334,25,412.8359869015357,53,0.2222222222222222,female,23.0,J87654
vou4hlfvp8hv0r4odzq6,158,0.9746835443037974,37,2.5703125,11.85897435897436,27,338.2702495659722,58,0.26582278481012656,male,20.0,J40192
vqz1prz6hwnqepxsieip,153,0.9281045751633987,35,1.9285714285714286,3.633986928104575,30,191.80405555555555,66,0.2549019607843137,female,24.0,J87654
vrdxefyyyx3tkticfqnv,177,0.9943502824858758,36,2.686046511627907,3.801169590643275,32,216.29538598191212,64,0.15254237288135594,male,21.0,J23517
vrx3ianblcyuixzmhzl2,177,0.7344632768361582,36,2.3043478260869565,14.096590909090908,27,144.48067431561995,60,0.24293785310734464,male,24.0,J23517
vwyziyyebvsje4dqjsrp,148,1.0810810810810811,38,2.6013513513513513,3.619047619047619,38,4.9760960960960965,21,0.4527027027027027,female,22.0,J40192
vzdurh8f0rfus5h4bde2,160,0.86875,37,1.624,3.892405063291139,26,168.32505111111112,61,0.21875,male,20.0,J78901
w0u7vzowm7eimiupvmm3,180,0.9111111111111111,37,3.0569620253164556,13.383333333333333,28,281.67120956399435,66,0.2,female,22.0,J78901
w1uwjc89gv68yxkutpoe,170,0.6764705882352942,37,2.8584070796460175,3.9823529411764707,22,268.02761061946904,67,0.18823529411764706,female,21.0,J87654
w9r5wihhl33fmutbq5qd,181,0.9171270718232044,36,2.592814371257485,5.983240223463687,30,544.4251696606786,77,0.2596685082872928,female,24.0,J57489
wbdvbdebq64ujpi9u7mn,164,0.926829268292683,38,2.323741007194245,4.012269938650307,30,357.68586730615505,61,0.21951219512195122,female,18.0,J87654
wf7yq9n2spgto3w5ad9r,169,0.9053254437869822,37,2.3506493506493507,11.239520958083832,31,165.45406385281387,59,0.20710059171597633,female,20.0,J57489
wfsgbko6rfmajn85khu4,151,0.9536423841059603,36,1.325,4.993377483443709,26,97.50282407407408,56,0.17880794701986755,male,21.0,J78901
whzjoeh34i7o86p37u99,163,1.116564417177914,37,2.188311688311688,8.858024691358025,33,95.09300865800866,73,0.26380368098159507,female,21.0,J40192
wi36b9plgjc82atx6z7h,141,0.8439716312056738,32,1.6759259259259258,14.914893617021276,23,236.95125257201647,62,0.22695035460992907,male,20.0,J87654
wj1gt5zvzfnjf7xcf1c8,155,0.9354838709677419,38,1.962962962962963,4.283870967741936,31,519.0560884773662,71,0.15483870967741936,female,21.0,J40192
wmep7eexur6wwrlrz9sv,158,0.9683544303797469,35,1.9435483870967742,9.493589743589743,29,220.71294130824373,53,0.1962025316455696,male,20.0,J78901
wmes720kojsggeq71m5y,185,0.8216216216216217,36,2.1188811188811187,17.0,28,240.4972863247863,65,0.31351351351351353,male,20.0,J23517
woxwsoo99kl7vq4mk0rr,161,0.8074534161490683,34,3.4829931972789114,16.35,28,349.32561413454266,67,0.18633540372670807,female,18.0,J87654
wty9xgte39cr5rp39e50,189,0.7248677248677249,38,3.1139240506329116,13.529100529100528,26,302.3929992967651,80,0.14814814814814814,male,18.0,J23517
wu3cwt7cavxrllp6s123,165,0.9212121212121213,34,1.673758865248227,16.60122699386503,28,76.4767671394799,52,0.2,male,22.0,J87654
wwh529n48kyjq1xe9h46,133,0.9699248120300752,35,1.6722689075630253,4.128787878787879,27,180.5156349206349,60,0.2631578947368421,male,24.0,J78901
wxgj9kdmdrmullrthnso,171,0.8187134502923976,35,1.4662162162162162,3.8988095238095237,27,160.5672804054054,62,0.21637426900584794,female,19.0,J78901
wyhkcaf32y8h3707qzrz,164,0.8902439024390244,37,1.9152542372881356,16.429447852760735,25,137.2971516007533,64,0.2926829268292683,male,23.0,J23517
wzfry2domlqnblox9w1b,166,0.8313253012048193,37,1.949579831932773,16.26060606060606,22,304.2896031746032,70,0.1746987951807229,male,19.0,J40192
x7xh8m5fvmipvkav1cb4,179,0.8212290502793296,36,2.7712418300653594,12.662790697674419,28,390.2378667392883,71,0.21787709497206703,male,18.0,J78901
x8hldszj3z40bgxl4mci,199,1.0100502512562815,35,5.065989847715736,4.388888888888889,34,292.80341511562324,61,0.1407035175879397,male,22.0,J57489
x8hocidvl3emcmrhw2f8,173,0.8208092485549133,37,3.63265306122449,4.162790697674419,28,64.5959448223734,58,0.23121387283236994,female,23.0,J87654
x9xz7kb08kmf1tytnc1f,168,0.8869047619047619,38,2.492857142857143,7.065476190476191,26,248.29990277777776,66,0.19047619047619047,female,24.0,J87654
xf5q0ixkpbxl3w7k16qo,155,0.9419354838709677,36,2.126126126126126,9.197368421052632,27,232.68245745745745,62,0.2064516129032258,female,22.0,J57489
xgvqpyg5mro3wihwngur,188,0.8191489361702128,38,2.62,21.897849462365592,29,325.5064277777778,73,0.19680851063829788,female,20.0,J87654
xh8a7nmtz192pknhec33,128,0.765625,36,3.295238095238095,3.5826771653543306,24,341.15942328042325,57,0.2421875,female,24.0,J78901
xlp4p1b56hrhhyr2y3kd,156,0.6410256410256411,36,2.6097560975609757,3.844155844155844,23,226.99509033423666,72,0.30128205128205127,female,21.0,J23517
xnvmb8uox3576k142awg,156,0.532051282051282,34,2.5416666666666665,9.193548387096774,22,238.90195833333334,67,0.16025641025641027,female,22.0,J57489
xsxczvs8iluovs3pt5q7,158,0.7468354430379747,37,2.4962962962962965,3.7974683544303796,27,266.26962139917697,67,0.17088607594936708,female,23.0,J87654
xvfa4ysm4deeobu8wkym,185,0.9513513513513514,38,1.7329192546583851,17.464864864864865,30,142.90704278812973,71,0.13513513513513514,female,24.0,J57489
xw0r5n17yfqv2va40bhi,179,0.6759776536312849,35,3.507042253521127,12.751412429378531,25,406.13711463223785,71,0.24581005586592178,female,20.0,J23517
xy7cro773yqyoblucwkp,157,0.9363057324840764,37,2.984848484848485,4.127388535031847,27,246.43916456228956,64,0.10828025477707007,female,20.0,J40192
xz7x7kwsn26marn29mag,171,0.9122807017543859,34,3.2901234567901234,6.3391812865497075,32,232.71544753086417,61,0.24561403508771928,female,20.0,J87654
y0bdtutppfdzzttzq8dy,158,0.9177215189873418,37,3.00709219858156,3.9038461538461537,30,363.13493892828996,61,0.2848101265822785,female,24.0,J57489
yb4sqfrwu788fa6y4zeb,157,0.6496815286624203,33,2.4552845528455283,3.8205128205128207,21,276.0015695573622,64,0.21019108280254778,male,22.0,J78901
yesnbayr80dvsb8ajp9v,180,0.9888888888888889,36,2.104294478527607,17.426966292134832,32,526.0757430129516,75,0.15,male,18.0,J78901
ygc6nfsry40yon3nicac,169,0.8579881656804734,37,1.732394366197183,8.952095808383234,28,162.97577660406887,64,0.1242603550295858,female,22.0,J87654
ygoahstwe9gz9w87qncs,165,0.6848484848484848,36,1.9722222222222223,10.636363636363637,21,371.30879372427984,69,0.21212121212121213,female,18.0,J87654
yj708ceb2o5gueez45or,172,1.058139534883721,37,2.03680981595092,11.284883720930232,32,177.18209441036126,76,0.20348837209302326,female,23.0,J57489
ymb5gxf0fi27kpj2f101,156,0.8782051282051282,34,5.510489510489511,3.703225806451613,29,321.7095221445221,59,0.16666666666666666,male,19.0,J57489
yums89f0epz009xrrwrf,146,0.8493150684931506,36,1.8571428571428572,4.096551724137931,26,220.50203439153438,57,0.2602739726027397,male,19.0,J78901
yvyud23n1eara086vntf,167,0.874251497005988,36,3.5319148936170213,20.407185628742514,28,252.3794739952719,59,0.2934131736526946,male,20.0,J57489
yyz9rmyzzdp52h0glddp,182,1.0934065934065933,36,1.8562091503267975,4.2154696132596685,29,128.97967138707335,62,0.14835164835164835,female,24.0,J23517
z0mde15metn3m79ek96y,154,0.9155844155844156,35,1.853658536585366,6.372549019607843,27,410.9797312556459,63,0.22727272727272727,male,18.0,J40192
z0ti2nr5nh9fpad7wntt,160,1.01875,35,3.370860927152318,3.779874213836478,31,353.023206401766,51,0.15,male,23.0,J23517
z23fh1v40p3hmxxspbo9,157,0.8853503184713376,35,1.9206349206349207,7.0,25,265.93168871252203,67,0.1464968152866242,male,22.0,J78901
z9q10sbk27qpuvatlkuw,165,0.5575757575757576,35,3.283582089552239,4.085889570552148,25,461.7312790215589,58,0.17575757575757575,male,19.0,J87654
zc7xkcpo969z98kh6bg8,222,0.8423423423423423,38,2.8676470588235294,3.891891891891892,34,338.66574346405224,65,0.18018018018018017,male,20.0,J23517
zeuj2ypen39p38d4m3oj,181,0.585635359116022,37,2.978102189781022,3.840909090909091,24,229.40237631792377,59,0.23204419889502761,male,24.0,J40192
zeuj820acn6zhcbx617v,184,0.8804347826086957,35,2.440251572327044,3.722826086956522,28,174.647071977638,64,0.21739130434782608,female,21.0,J78901
zhx5rxgopln1p5hd10ql,159,0.9433962264150944,37,1.8925619834710743,14.955414012738853,26,155.27628787878785,64,0.23270440251572327,female,18.0,J40192
zlaig56ve06t7jruk2mr,167,0.9041916167664671,36,3.980132450331126,4.418181818181818,30,522.2137454010302,65,0.2634730538922156,female,18.0,J57489
zon2ut7eqwqd7i86etaw,163,0.8466257668711656,34,2.2733333333333334,3.537037037037037,29,208.05006111111112,60,0.17177914110429449,female,20.0,J57489
zoo8a9uj8a0dplifqzdp,175,1.0285714285714285,37,2.8926174496644297,8.248554913294798,30,110.53699105145412,73,0.24571428571428572,female,19.0,J87654
zprxec1qxs8nqsmc5830,190,1.1263157894736842,36,3.6176470588235294,6.7712765957446805,30,459.2341862745098,69,0.14736842105263157,male,18.0,J40192
zq3xohaut5o9dbd9064z,176,0.6420454545454546,36,3.217391304347826,6.457142857142857,24,421.6183514492754,69,0.2556818181818182,male,19.0,J57489
zse4s5wowlo5xntqyqb4,191,1.0890052356020943,38,2.3333333333333335,12.528795811518325,33,211.27010233918128,61,0.2198952879581152,female,24.0,J40192
zuw35j06tzftt6oon4c5,185,0.8162162162162162,37,2.6878980891719744,15.27027027027027,29,290.3084890304317,69,0.1783783783783784,female,19.0,J40192
zyfp520tbnq5p2pvrkin,166,1.1927710843373494,37,1.6778523489932886,3.9125,30,81.51969985085758,69,0.12650602409638553,female,18.0,J23517
zylvq01zq0hxavbvsd2f,189,0.8465608465608465,38,2.5595238095238093,7.736559139784946,31,260.5307159391535,60,0.2698412698412698,male,21.0,J23517
